partition,path,class,machine,interpreter,soname,needed
product,/product/app/LatinIME/oat/arm/LatinIME.odex,ELF32,ARM,,package.odex,
product,/product/app/PhotoTable/oat/arm/PhotoTable.odex,ELF32,ARM,,package.odex,
product,/product/app/QuickSearchBox/oat/arm/QuickSearchBox.odex,ELF32,ARM,,package.odex,
product,/product/app/webview/oat/arm/webview.odex,ELF32,ARM,,package.odex,
product,/product/app/webview/webview.apk!/lib/armeabi-v7a/libchromium_android_linker.so,ELF32,ARM,,libchromium_android_linker.so,libdl.so;liblog.so;libc.so
product,/product/app/webview/webview.apk!/lib/armeabi-v7a/libcrashpad_handler_trampoline.so,ELF32,ARM,/system/bin/linker,,liblog.so;libdl.so;libc.so
product,/product/app/webview/webview.apk!/lib/armeabi-v7a/libwebviewchromium.so,ELF32,ARM,,libwebviewchromium.so,libdl.so;libm.so;libandroid.so;liblog.so;libjnigraphics.so;libc.so
product,/product/lib/libjni_latinime.so,ELF32,ARM,,libjni_latinime.so,libc.so;libm.so;libdl.so
product,/product/priv-app/OneTimeInitializer/oat/arm/OneTimeInitializer.odex,ELF32,ARM,,package.odex,
product,/product/priv-app/SettingsIntelligence/oat/arm/SettingsIntelligence.odex,ELF32,ARM,,package.odex,
system,/system/apex/com.android.adbd/bin/adbd,ELF32,ARM,/system/bin/linker,,libadbd_fs.so;liblog.so;libselinux.so;libbase.so;libadb_protos.so;libadbd_auth.so;libcrypto.so;libc++.so;libc.so;libm.so;libdl.so
system,/system/apex/com.android.adbd/lib/libadb_pairing_auth.so,ELF32,ARM,,libadb_pairing_auth.so,libcrypto.so;liblog.so;libc.so;libm.so;libdl.so
system,/system/apex/com.android.adbd/lib/libadb_pairing_connection.so,ELF32,ARM,,libadb_pairing_connection.so,libcrypto.so;liblog.so;libadb_pairing_auth.so;libc.so;libm.so;libdl.so
system,/system/apex/com.android.adbd/lib/libadb_pairing_server.so,ELF32,ARM,,libadb_pairing_server.so,libcrypto.so;libcrypto_utils.so;libcutils.so;liblog.so;libadb_pairing_auth.so;libadb_pairing_connection.so;libc.so;libm.so;libdl.so
system,/system/apex/com.android.adbd/lib/libadb_protos.so,ELF32,ARM,,libadb_protos.so,libprotobuf-cpp-lite.so;libc.so;libm.so;libdl.so
system,/system/apex/com.android.adbd/lib/libadbconnection_client.so,ELF32,ARM,,libadbconnection_client.so,liblog.so;libc.so;libm.so;libdl.so
system,/system/apex/com.android.appsearch/lib/libicing.so,ELF32,ARM,,libicing.so,libandroidicu.so;liblog.so;libprotobuf-cpp-full.so;libz.so;libc++.so;libc.so;libm.so;libdl.so
system,/system/apex/com.android.art/bin/dalvikvm32,ELF32,ARM,/system/bin/linker,,liblog.so;libnativehelper.so;libsigchain.so;libc++.so;libc.so;libm.so;libdl.so
system,/system/apex/com.android.art/bin/dex2oat32,ELF32,ARM,/system/bin/linker,,libartpalette.so;libbase.so;libcrypto.so;liblz4.so;liblog.so;libsigchain.so;libz.so;libart.so;libart-compiler.so;libart-dexlayout.so;libartbase.so;libdexfile.so;libprofile.so;libc++.so;libc.so;libm.so;libdl.so
system,/system/apex/com.android.art/bin/dexdump,ELF32,ARM,/system/bin/linker,,libdexfile.so;libartbase.so;libbase.so;libc++.so;libc.so;libm.so;libdl.so
system,/system/apex/com.android.art/bin/dexlist,ELF32,ARM,/system/bin/linker,,libdexfile.so;libartbase.so;libbase.so;libc++.so;libc.so;libm.so;libdl.so
system,/system/apex/com.android.art/bin/dexoptanalyzer,ELF32,ARM,/system/bin/linker,,libbase.so;libart.so;libartbase.so;libc++.so;libc.so;libm.so;libdl.so
system,/system/apex/com.android.art/bin/oatdump,ELF32,ARM,/system/bin/linker,,libart.so;libart-compiler.so;libart-dexlayout.so;libart-disassembler.so;libartbase.so;libbase.so;libdexfile.so;libprofile.so;libc++.so;libc.so;libm.so;libdl.so
system,/system/apex/com.android.art/bin/odrefresh,ELF32,ARM,/system/bin/linker,,libartpalette.so;libbase.so;libdexfile.so;liblog.so;libart.so;libartbase.so;libc++.so;libc.so;libm.so;libdl.so
system,/system/apex/com.android.art/bin/profman,ELF32,ARM,/system/bin/linker,,libbase.so;libartbase.so;libdexfile.so;libprofile.so;libc++.so;libc.so;libm.so;libdl.so
system,/system/apex/com.android.art/javalib/arm/boot-apache-xml.oat,ELF32,ARM,,boot-apache-xml.oat,
system,/system/apex/com.android.art/javalib/arm/boot-bouncycastle.oat,ELF32,ARM,,boot-bouncycastle.oat,
system,/system/apex/com.android.art/javalib/arm/boot-core-libart.oat,ELF32,ARM,,boot-core-libart.oat,
system,/system/apex/com.android.art/javalib/arm/boot-okhttp.oat,ELF32,ARM,,boot-okhttp.oat,
system,/system/apex/com.android.art/javalib/arm/boot.oat,ELF32,ARM,,boot.oat,
system,/system/apex/com.android.art/lib/libadbconnection.so,ELF32,ARM,,libadbconnection.so,libbase.so;libadbconnection_client.so;libart.so;libartbase.so;libc++.so;libc.so;libm.so;libdl.so
system,/system/apex/com.android.art/lib/libandroidio.so,ELF32,ARM,,libandroidio.so,liblog.so;libc++.so;libc.so;libm.so;libdl.so
system,/system/apex/com.android.art/lib/libart-compiler.so,ELF32,ARM,,libart-compiler.so,libbase.so;liblzma.so;libart.so;libartbase.so;libartpalette.so;libprofile.so;libdexfile.so;libc++.so;libc.so;libm.so;libdl.so
system,/system/apex/com.android.art/lib/libart-dexlayout.so,ELF32,ARM,,libart-dexlayout.so,libz.so;libartpalette.so;libbase.so;libartbase.so;libdexfile.so;libprofile.so;libc++.so;libc.so;libm.so;libdl.so
system,/system/apex/com.android.art/lib/libart-disassembler.so,ELF32,ARM,,libart-disassembler.so,libbase.so;libc++.so;libc.so;libm.so;libdl.so
system,/system/apex/com.android.art/lib/libart.so,ELF32,ARM,,libart.so,libartpalette.so;libbacktrace.so;libbase.so;liblog.so;liblz4.so;liblzma.so;libnativebridge.so;libnativeloader.so;libsigchain.so;libunwindstack.so;libartbase.so;libdexfile.so;libprofile.so;libdl_android.so;libicu.so;libstatssocket.so;libz.so;heapprofd_client_api.so;libc++.so;libc.so;libm.so;libdl.so
system,/system/apex/com.android.art/lib/libartbase.so,ELF32,ARM,,libartbase.so,libziparchive.so;libz.so;liblog.so;libartpalette.so;libbase.so;libc++.so;libc.so;libm.so;libdl.so
system,/system/apex/com.android.art/lib/libartpalette.so,ELF32,ARM,,libartpalette.so,liblog.so;libc++.so;libc.so;libm.so;libdl.so
system,/system/apex/com.android.art/lib/libdexfile.so,ELF32,ARM,,libdexfile.so,libz.so;libartpalette.so;liblog.so;libbase.so;libartbase.so;libc++.so;libc.so;libm.so;libdl.so
system,/system/apex/com.android.art/lib/libdt_fd_forward.so,ELF32,ARM,,libdt_fd_forward.so,libbase.so;libc++.so;libc.so;libm.so;libdl.so
system,/system/apex/com.android.art/lib/libdt_socket.so,ELF32,ARM,,libdt_socket.so,libc++.so;libc.so;libm.so;libdl.so
system,/system/apex/com.android.art/lib/libexpat.so,ELF32,ARM,,libexpat.so,libc.so;libm.so;libdl.so
system,/system/apex/com.android.art/lib/libjavacore.so,ELF32,ARM,,libjavacore.so,libbase.so;liblog.so;libnativehelper.so;libandroidio.so;libcrypto.so;libicu.so;libexpat.so;libz.so;libc++.so;libc.so;libm.so;libdl.so
system,/system/apex/com.android.art/lib/libjdwp.so,ELF32,ARM,,libjdwp.so,libc++.so;libc.so;libm.so;libdl.so
system,/system/apex/com.android.art/lib/libnativebridge.so,ELF32,ARM,,libnativebridge.so,liblog.so;libdl_android.so;libc++.so;libc.so;libm.so;libdl.so
system,/system/apex/com.android.art/lib/libnativehelper.so,ELF32,ARM,,libnativehelper.so,liblog.so;libc.so;libm.so;libdl.so
system,/system/apex/com.android.art/lib/libnativeloader.so,ELF32,ARM,,libnativeloader.so,liblog.so;libnativebridge.so;libbase.so;libdl_android.so;libc++.so;libc.so;libm.so;libdl.so
system,/system/apex/com.android.art/lib/libnpt.so,ELF32,ARM,,libnpt.so,libc++.so;libc.so;libm.so;libdl.so
system,/system/apex/com.android.art/lib/libopenjdk.so,ELF32,ARM,,libopenjdk.so,libbase.so;liblog.so;libnativehelper.so;libandroidio.so;libcrypto.so;libicu.so;libz.so;libopenjdkjvm.so;libdl_android.so;libc++.so;libc.so;libm.so;libdl.so
system,/system/apex/com.android.art/lib/libopenjdkjvm.so,ELF32,ARM,,libopenjdkjvm.so,libbase.so;libart.so;libartbase.so;libc++.so;libc.so;libm.so;libdl.so
system,/system/apex/com.android.art/lib/libopenjdkjvmti.so,ELF32,ARM,,libopenjdkjvmti.so,libbase.so;libart.so;libart-compiler.so;libart-dexlayout.so;libdexfile.so;libartbase.so;libc++.so;libc.so;libm.so;libdl.so
system,/system/apex/com.android.art/lib/libperfetto_hprof.so,ELF32,ARM,,libperfetto_hprof.so,libbase.so;liblog.so;libdexfile.so;libart.so;libartbase.so;libc++.so;libc.so;libm.so;libdl.so
system,/system/apex/com.android.art/lib/libprofile.so,ELF32,ARM,,libprofile.so,libziparchive.so;libartpalette.so;libbase.so;libz.so;libartbase.so;libdexfile.so;libc++.so;libc.so;libm.so;libdl.so
system,/system/apex/com.android.art/lib/libsigchain.so,ELF32,ARM,,libsigchain.so,libc++.so;libc.so;libm.so;libdl.so
system,/system/apex/com.android.conscrypt/bin/boringssl_self_test32,ELF32,ARM,/system/bin/linker,,libcrypto.so;libc++.so;libc.so;libm.so;libdl.so
system,/system/apex/com.android.conscrypt/lib/libjavacrypto.so,ELF32,ARM,,libjavacrypto.so,libcrypto.so;liblog.so;libssl.so;libc++.so;libc.so;libm.so;libdl.so
system,/system/apex/com.android.extservices/priv-app/ExtServices/ExtServices.apk!/lib/armeabi-v7a/libextservices_jni.so,ELF32,ARM,,libextservices_jni.so,libnativehelper_compat_libc++.so;libandroid.so;liblog.so;libc.so;libm.so;libdl.so
system,/system/apex/com.android.extservices/priv-app/ExtServices/ExtServices.apk!/lib/armeabi-v7a/libnativehelper_compat_libc++.so,ELF32,ARM,,libnativehelper_compat_libc++.so,liblog.so;libc.so;libm.so;libdl.so
system,/system/apex/com.android.extservices/priv-app/ExtServices/ExtServices.apk!/lib/armeabi-v7a/libtextclassifier.so,ELF32,ARM,,libtextclassifier.so,liblog.so;libz.so;libc.so;libm.so;libdl.so
system,/system/apex/com.android.i18n/lib/libandroidicu.so,ELF32,ARM,,libandroidicu.so,libbase.so;libicuuc.so;libicui18n.so;liblog.so;libc++.so;libc.so;libm.so;libdl.so
system,/system/apex/com.android.i18n/lib/libicu.so,ELF32,ARM,,libicu.so,libicuuc.so;libicui18n.so;libc++.so;libc.so;libm.so;libdl.so
system,/system/apex/com.android.i18n/lib/libicu_jni.so,ELF32,ARM,,libicu_jni.so,libbase.so;libicuuc.so;libicui18n.so;liblog.so;libnativehelper.so;libc++.so;libc.so;libm.so;libdl.so
system,/system/apex/com.android.i18n/lib/libicui18n.so,ELF32,ARM,,libicui18n.so,libicuuc.so;libc++.so;libc.so;libm.so;libdl.so
system,/system/apex/com.android.i18n/lib/libicuuc.so,ELF32,ARM,,libicuuc.so,libbase.so;liblog.so;libc++.so;libc.so;libm.so;libdl.so
system,/system/apex/com.android.media.swcodec/bin/mediaswcodec,ELF32,ARM,/system/bin/linker,,libavservices_minijail.so;libbase.so;libhidlbase.so;liblog.so;libmedia_codecserviceregistrant.so;libc++.so;libc.so;libm.so;libdl.so
system,/system/apex/com.android.media.swcodec/lib/libcodec2_hidl@1.0.so,ELF32,ARM,,libcodec2_hidl@1.0.so,android.hardware.graphics.bufferqueue@1.0.so;android.hardware.graphics.bufferqueue@2.0.so;android.hardware.graphics.common@1.0.so;android.hardware.media@1.0.so;android.hardware.media.bufferpool@2.0.so;android.hardware.media.c2@1.0.so;android.hardware.media.omx@1.0.so;libbase.so;libcodec2.so;libcodec2_vndk.so;libcutils.so;libhidlbase.so;liblog.so;libstagefright_bufferpool@2.0.1.so;libstagefright_bufferqueue_helper_novndk.so;libui.so;libutils.so;libc++.so;libc.so;libm.so;libdl.so
system,/system/apex/com.android.media.swcodec/lib/libcodec2_hidl@1.1.so,ELF32,ARM,,libcodec2_hidl@1.1.so,android.hardware.graphics.bufferqueue@1.0.so;android.hardware.graphics.bufferqueue@2.0.so;android.hardware.graphics.common@1.0.so;android.hardware.media@1.0.so;android.hardware.media.bufferpool@2.0.so;android.hardware.media.c2@1.0.so;android.hardware.media.c2@1.1.so;android.hardware.media.omx@1.0.so;libbase.so;libcodec2.so;libcodec2_hidl@1.0.so;libcodec2_vndk.so;libcutils.so;libhidlbase.so;liblog.so;libstagefright_bufferpool@2.0.1.so;libstagefright_bufferqueue_helper_novndk.so;libui.so;libutils.so;libc++.so;libc.so;libm.so;libdl.so
system,/system/apex/com.android.media.swcodec/lib/libcodec2_hidl@1.2.so,ELF32,ARM,,libcodec2_hidl@1.2.so,android.hardware.graphics.bufferqueue@1.0.so;android.hardware.graphics.bufferqueue@2.0.so;android.hardware.graphics.common@1.0.so;android.hardware.media@1.0.so;android.hardware.media.bufferpool@2.0.so;android.hardware.media.c2@1.0.so;android.hardware.media.c2@1.1.so;android.hardware.media.c2@1.2.so;android.hardware.media.omx@1.0.so;libbase.so;libcodec2.so;libcodec2_hidl@1.0.so;libcodec2_hidl@1.1.so;libcodec2_vndk.so;libcutils.so;libhidlbase.so;liblog.so;libstagefright_bufferpool@2.0.1.so;libstagefright_bufferqueue_helper_novndk.so;libui.so;libutils.so;libc++.so;libc.so;libm.so;libdl.so
system,/system/apex/com.android.media.swcodec/lib/libstagefright_foundation.so,ELF32,ARM,,libstagefright_foundation.so,libutils.so;libcutils.so;liblog.so;libc++.so;libc.so;libm.so;libdl.so
system,/system/apex/com.android.media/bin/mediatranscoding,ELF32,ARM,/system/bin/linker,,libbinder_ndk.so;libutils.so;liblog.so;libbase.so;libmediatranscoding.so;libmediatranscodingservice.so;libc++.so;libc.so;libm.so;libdl.so
system,/system/apex/com.android.media/lib/extractors/libaacextractor.so,ELF32,ARM,,libaacextractor.so,liblog.so;libmediandk.so;libc++.so;libc.so;libm.so;libdl.so
system,/system/apex/com.android.media/lib/extractors/libamrextractor.so,ELF32,ARM,,libamrextractor.so,liblog.so;libmediandk.so;libc++.so;libc.so;libm.so;libdl.so
system,/system/apex/com.android.media/lib/extractors/libflacextractor.so,ELF32,ARM,,libflacextractor.so,liblog.so;libbase.so;libbinder_ndk.so;libmediandk.so;libc++.so;libc.so;libm.so;libdl.so
system,/system/apex/com.android.media/lib/extractors/libmidiextractor.so,ELF32,ARM,,libmidiextractor.so,liblog.so;libbase.so;libmediandk.so;libc++.so;libc.so;libm.so;libdl.so
system,/system/apex/com.android.media/lib/extractors/libmkvextractor.so,ELF32,ARM,,libmkvextractor.so,liblog.so;libstagefright_flacdec.so;libmediandk.so;libc++.so;libc.so;libm.so;libdl.so
system,/system/apex/com.android.media/lib/extractors/libmp3extractor.so,ELF32,ARM,,libmp3extractor.so,liblog.so;libmediandk.so;libc++.so;libc.so;libm.so;libdl.so
system,/system/apex/com.android.media/lib/extractors/libmp4extractor.so,ELF32,ARM,,libmp4extractor.so,liblog.so;libmediandk.so;libc++.so;libc.so;libm.so;libdl.so
system,/system/apex/com.android.media/lib/extractors/libmpeg2extractor.so,ELF32,ARM,,libmpeg2extractor.so,liblog.so;libbase.so;libcgrouprc.so;libmediandk.so;libvndksupport.so;libc++.so;libc.so;libm.so;libdl.so
system,/system/apex/com.android.media/lib/extractors/liboggextractor.so,ELF32,ARM,,liboggextractor.so,liblog.so;libmediandk.so;libc++.so;libc.so;libm.so;libdl.so
system,/system/apex/com.android.media/lib/extractors/libwavextractor.so,ELF32,ARM,,libwavextractor.so,liblog.so;libbase.so;libbinder_ndk.so;libmediandk.so;libc++.so;libc.so;libm.so;libdl.so
system,/system/apex/com.android.media/lib/libmediaformatshaper.so,ELF32,ARM,,libmediaformatshaper.so,liblog.so;libutils.so;libmediandk.so;libc++.so;libc.so;libm.so;libdl.so
system,/system/apex/com.android.media/lib/libmediaparser-jni.so,ELF32,ARM,,libmediaparser-jni.so,libandroid.so;liblog.so;libmediametrics.so;libc++.so;libc.so;libm.so;libdl.so
system,/system/apex/com.android.media/lib/libmediatranscoder.so,ELF32,ARM,,libmediatranscoder.so,libbase.so;libcutils.so;libmediandk.so;libnativewindow.so;libutils.so;libbinder_ndk.so;libc++.so;libc.so;libm.so;libdl.so
system,/system/apex/com.android.media/lib/libmediatranscoding.so,ELF32,ARM,,libmediatranscoding.so,libandroid.so;libbinder_ndk.so;libcutils.so;liblog.so;libutils.so;libmediatranscoder.so;libmediandk.so;libstatssocket.so;libc++.so;libc.so;libm.so;libdl.so
system,/system/apex/com.android.media/lib/libmediatranscodingservice.so,ELF32,ARM,,libmediatranscodingservice.so,libandroid.so;libbase.so;libbinder_ndk.so;libcutils.so;liblog.so;libmediatranscoding.so;libutils.so;libc++.so;libc.so;libm.so;libdl.so
system,/system/apex/com.android.mediaprovider/priv-app/MediaProvider/MediaProvider.apk!/lib/armeabi-v7a/libfuse.so,ELF32,ARM,,libfuse.so,libstdc++.so;libc.so;libm.so;libdl.so
system,/system/apex/com.android.mediaprovider/priv-app/MediaProvider/MediaProvider.apk!/lib/armeabi-v7a/libfuse_jni.so,ELF32,ARM,,libfuse_jni.so,libfuse.so;liblog.so;libandroid.so;libc.so;libm.so;libdl.so
system,/system/apex/com.android.neuralnetworks/lib/libneuralnetworks.so,ELF32,ARM,,libneuralnetworks.so,libbinder_ndk.so;libcgrouprc.so;libvndksupport.so;liblog.so;libnativewindow.so;libneuralnetworks_packageinfo.so;libc.so;libm.so;libdl.so
system,/system/apex/com.android.os.statsd/bin/statsd,ELF32,ARM,/system/bin/linker,,libbinder_ndk.so;libincident.so;liblog.so;libstatssocket.so;libc.so;libm.so;libdl.so
system,/system/apex/com.android.os.statsd/lib/libstats_jni.so,ELF32,ARM,,libstats_jni.so,liblog.so;libstatssocket.so;libc.so;libm.so;libdl.so
system,/system/apex/com.android.os.statsd/lib/libstatspull.so,ELF32,ARM,,libstatspull.so,libbinder_ndk.so;liblog.so;libstatssocket.so;libc.so;libm.so;libdl.so
system,/system/apex/com.android.os.statsd/lib/libstatssocket.so,ELF32,ARM,,libstatssocket.so,libc.so;libm.so;libdl.so
system,/system/apex/com.android.resolv/lib/libnetd_resolv.so,ELF32,ARM,,libnetd_resolv.so,libbinder_ndk.so;libcrypto.so;liblog.so;libssl.so;libc.so;libm.so;libdl.so
system,/system/apex/com.android.runtime/bin/crash_dump32,ELF32,ARM,/system/bin/linker,,libbase.so;liblog.so;libprocinfo.so;libunwindstack.so;libc++.so;libc.so;libm.so;libdl.so
system,/system/apex/com.android.runtime/bin/linker,ELF32,ARM,,ld-android.so,
system,/system/apex/com.android.runtime/bin/linkerconfig,ELF32,ARM,,,
system,/system/apex/com.android.runtime/lib/bionic/libc.so,ELF32,ARM,,libc.so,ld-android.so;libdl.so
system,/system/apex/com.android.runtime/lib/bionic/libdl.so,ELF32,ARM,,libdl.so,ld-android.so
system,/system/apex/com.android.runtime/lib/bionic/libdl_android.so,ELF32,ARM,,libdl_android.so,ld-android.so
system,/system/apex/com.android.runtime/lib/bionic/libm.so,ELF32,ARM,,libm.so,libc.so
system,/system/apex/com.android.runtime/lib/libc_malloc_debug.so,ELF32,ARM,,libc_malloc_debug.so,libunwindstack.so;libc.so;libm.so;libdl.so
system,/system/apex/com.android.runtime/lib/libc_malloc_hooks.so,ELF32,ARM,,libc_malloc_hooks.so,libc++.so;libc.so;libm.so;libdl.so
system,/system/apex/com.android.sdkext/bin/derive_classpath,ELF32,ARM,/system/bin/linker,,liblog.so;libc.so;libm.so;libdl.so
system,/system/apex/com.android.sdkext/bin/derive_sdk,ELF32,ARM,/system/bin/linker,,liblog.so;libc.so;libm.so;libdl.so
system,/system/apex/com.android.tethering/etc/bpf/offload.o,ELF64,BPF,,,
system,/system/apex/com.android.tethering/etc/bpf/test.o,ELF64,BPF,,,
system,/system/apex/com.android.tethering/lib/libframework-connectivity-jni.so,ELF32,ARM,,libframework-connectivity-jni.so,libandroid.so;liblog.so;libnativehelper.so;libc.so;libm.so;libdl.so
system,/system/apex/com.android.tethering/lib/libservice-connectivity.so,ELF32,ARM,,libservice-connectivity.so,liblog.so;libnativehelper.so;libc.so;libm.so;libdl.so
system,/system/apex/com.android.tethering/priv-app/Tethering/Tethering.apk!/lib/armeabi-v7a/libnativehelper_compat_libc++.so,ELF32,ARM,,libnativehelper_compat_libc++.so,liblog.so;libc.so;libm.so;libdl.so
system,/system/apex/com.android.tethering/priv-app/Tethering/Tethering.apk!/lib/armeabi-v7a/libtetherutilsjni.so,ELF32,ARM,,libtetherutilsjni.so,libnativehelper_compat_libc++.so;liblog.so;libc.so;libm.so;libdl.so
system,/system/apex/com.android.vndk.current/lib/android.hardware.audio.common@2.0.so,ELF32,ARM,,android.hardware.audio.common@2.0.so,libhidlbase.so;liblog.so;libutils.so;libcutils.so;libc++.so;libc.so;libm.so;libdl.so
system,/system/apex/com.android.vndk.current/lib/android.hardware.authsecret-V1-ndk_platform.so,ELF32,ARM,,android.hardware.authsecret-V1-ndk_platform.so,libbinder_ndk.so;libc++.so;libc.so;libm.so;libdl.so
system,/system/apex/com.android.vndk.current/lib/android.hardware.automotive.occupant_awareness-V1-ndk_platform.so,ELF32,ARM,,android.hardware.automotive.occupant_awareness-V1-ndk_platform.so,libbinder_ndk.so;libc++.so;libc.so;libm.so;libdl.so
system,/system/apex/com.android.vndk.current/lib/android.hardware.common-V2-ndk_platform.so,ELF32,ARM,,android.hardware.common-V2-ndk_platform.so,libbinder_ndk.so;libc++.so;libc.so;libm.so;libdl.so
system,/system/apex/com.android.vndk.current/lib/android.hardware.common.fmq-V1-ndk_platform.so,ELF32,ARM,,android.hardware.common.fmq-V1-ndk_platform.so,libbinder_ndk.so;android.hardware.common-V2-ndk_platform.so;libc++.so;libc.so;libm.so;libdl.so
system,/system/apex/com.android.vndk.current/lib/android.hardware.configstore-utils.so,ELF32,ARM,,android.hardware.configstore-utils.so,android.hardware.configstore@1.0.so;android.hardware.configstore@1.1.so;libbase.so;libhidlbase.so;libc++.so;libc.so;libm.so;libdl.so
system,/system/apex/com.android.vndk.current/lib/android.hardware.configstore@1.0.so,ELF32,ARM,,android.hardware.configstore@1.0.so,libhidlbase.so;liblog.so;libutils.so;libcutils.so;libc++.so;libc.so;libm.so;libdl.so
system,/system/apex/com.android.vndk.current/lib/android.hardware.configstore@1.1.so,ELF32,ARM,,android.hardware.configstore@1.1.so,android.hardware.configstore@1.0.so;libhidlbase.so;liblog.so;libutils.so;libcutils.so;libc++.so;libc.so;libm.so;libdl.so
system,/system/apex/com.android.vndk.current/lib/android.hardware.confirmationui-support-lib.so,ELF32,ARM,,android.hardware.confirmationui-support-lib.so,libc++.so;libc.so;libm.so;libdl.so
system,/system/apex/com.android.vndk.current/lib/android.hardware.gnss-V1-ndk_platform.so,ELF32,ARM,,android.hardware.gnss-V1-ndk_platform.so,libbinder_ndk.so;libc++.so;libc.so;libm.so;libdl.so
system,/system/apex/com.android.vndk.current/lib/android.hardware.graphics.allocator@2.0.so,ELF32,ARM,,android.hardware.graphics.allocator@2.0.so,android.hardware.graphics.common@1.0.so;android.hardware.graphics.mapper@2.0.so;libhidlbase.so;liblog.so;libutils.so;libcutils.so;libc++.so;libc.so;libm.so;libdl.so
system,/system/apex/com.android.vndk.current/lib/android.hardware.graphics.allocator@3.0.so,ELF32,ARM,,android.hardware.graphics.allocator@3.0.so,android.hardware.graphics.common@1.0.so;android.hardware.graphics.common@1.1.so;android.hardware.graphics.common@1.2.so;android.hardware.graphics.mapper@3.0.so;libhidlbase.so;liblog.so;libutils.so;libcutils.so;libc++.so;libc.so;libm.so;libdl.so
system,/system/apex/com.android.vndk.current/lib/android.hardware.graphics.allocator@4.0.so,ELF32,ARM,,android.hardware.graphics.allocator@4.0.so,android.hardware.graphics.common@1.0.so;android.hardware.graphics.common@1.1.so;android.hardware.graphics.common@1.2.so;android.hardware.graphics.mapper@4.0.so;libhidlbase.so;liblog.so;libutils.so;libcutils.so;libc++.so;libc.so;libm.so;libdl.so
system,/system/apex/com.android.vndk.current/lib/android.hardware.graphics.bufferqueue@1.0.so,ELF32,ARM,,android.hardware.graphics.bufferqueue@1.0.so,android.hardware.graphics.common@1.0.so;android.hardware.media@1.0.so;libhidlbase.so;liblog.so;libutils.so;libcutils.so;libc++.so;libc.so;libm.so;libdl.so
system,/system/apex/com.android.vndk.current/lib/android.hardware.graphics.bufferqueue@2.0.so,ELF32,ARM,,android.hardware.graphics.bufferqueue@2.0.so,android.hardware.graphics.common@1.0.so;android.hardware.graphics.common@1.1.so;android.hardware.graphics.common@1.2.so;libhidlbase.so;liblog.so;libutils.so;libcutils.so;libc++.so;libc.so;libm.so;libdl.so
system,/system/apex/com.android.vndk.current/lib/android.hardware.graphics.common-V2-ndk_platform.so,ELF32,ARM,,android.hardware.graphics.common-V2-ndk_platform.so,libbinder_ndk.so;android.hardware.common-V2-ndk_platform.so;libc++.so;libc.so;libm.so;libdl.so
system,/system/apex/com.android.vndk.current/lib/android.hardware.graphics.common@1.0.so,ELF32,ARM,,android.hardware.graphics.common@1.0.so,libhidlbase.so;liblog.so;libutils.so;libcutils.so;libc++.so;libc.so;libm.so;libdl.so
system,/system/apex/com.android.vndk.current/lib/android.hardware.graphics.common@1.1.so,ELF32,ARM,,android.hardware.graphics.common@1.1.so,android.hardware.graphics.common@1.0.so;libhidlbase.so;liblog.so;libutils.so;libcutils.so;libc++.so;libc.so;libm.so;libdl.so
system,/system/apex/com.android.vndk.current/lib/android.hardware.graphics.common@1.2.so,ELF32,ARM,,android.hardware.graphics.common@1.2.so,android.hardware.graphics.common@1.0.so;android.hardware.graphics.common@1.1.so;libhidlbase.so;liblog.so;libutils.so;libcutils.so;libc++.so;libc.so;libm.so;libdl.so
system,/system/apex/com.android.vndk.current/lib/android.hardware.graphics.mapper@2.0.so,ELF32,ARM,,android.hardware.graphics.mapper@2.0.so,android.hardware.graphics.common@1.0.so;libhidlbase.so;liblog.so;libutils.so;libcutils.so;libc++.so;libc.so;libm.so;libdl.so
system,/system/apex/com.android.vndk.current/lib/android.hardware.graphics.mapper@2.1.so,ELF32,ARM,,android.hardware.graphics.mapper@2.1.so,android.hardware.graphics.common@1.0.so;android.hardware.graphics.common@1.1.so;android.hardware.graphics.mapper@2.0.so;libhidlbase.so;liblog.so;libutils.so;libcutils.so;libc++.so;libc.so;libm.so;libdl.so
system,/system/apex/com.android.vndk.current/lib/android.hardware.graphics.mapper@3.0.so,ELF32,ARM,,android.hardware.graphics.mapper@3.0.so,android.hardware.graphics.common@1.0.so;android.hardware.graphics.common@1.1.so;android.hardware.graphics.common@1.2.so;libhidlbase.so;liblog.so;libutils.so;libcutils.so;libc++.so;libc.so;libm.so;libdl.so
system,/system/apex/com.android.vndk.current/lib/android.hardware.graphics.mapper@4.0.so,ELF32,ARM,,android.hardware.graphics.mapper@4.0.so,android.hardware.graphics.common@1.0.so;android.hardware.graphics.common@1.1.so;android.hardware.graphics.common@1.2.so;libhidlbase.so;liblog.so;libutils.so;libcutils.so;libc++.so;libc.so;libm.so;libdl.so
system,/system/apex/com.android.vndk.current/lib/android.hardware.health.storage-V1-ndk_platform.so,ELF32,ARM,,android.hardware.health.storage-V1-ndk_platform.so,libbinder_ndk.so;libc++.so;libc.so;libm.so;libdl.so
system,/system/apex/com.android.vndk.current/lib/android.hardware.identity-V3-ndk_platform.so,ELF32,ARM,,android.hardware.identity-V3-ndk_platform.so,libbinder_ndk.so;android.hardware.keymaster-V3-ndk_platform.so;libc++.so;libc.so;libm.so;libdl.so
system,/system/apex/com.android.vndk.current/lib/android.hardware.keymaster-V3-ndk_platform.so,ELF32,ARM,,android.hardware.keymaster-V3-ndk_platform.so,libbinder_ndk.so;libc++.so;libc.so;libm.so;libdl.so
system,/system/apex/com.android.vndk.current/lib/android.hardware.light-V1-ndk_platform.so,ELF32,ARM,,android.hardware.light-V1-ndk_platform.so,libbinder_ndk.so;libc++.so;libc.so;libm.so;libdl.so
system,/system/apex/com.android.vndk.current/lib/android.hardware.media.bufferpool@2.0.so,ELF32,ARM,,android.hardware.media.bufferpool@2.0.so,libhidlbase.so;liblog.so;libutils.so;libcutils.so;libc++.so;libc.so;libm.so;libdl.so
system,/system/apex/com.android.vndk.current/lib/android.hardware.media.omx@1.0.so,ELF32,ARM,,android.hardware.media.omx@1.0.so,android.hardware.graphics.bufferqueue@1.0.so;android.hardware.graphics.common@1.0.so;android.hardware.media@1.0.so;libhidlbase.so;liblog.so;libutils.so;libcutils.so;libc++.so;libc.so;libm.so;libdl.so
system,/system/apex/com.android.vndk.current/lib/android.hardware.media@1.0.so,ELF32,ARM,,android.hardware.media@1.0.so,android.hardware.graphics.common@1.0.so;libhidlbase.so;liblog.so;libutils.so;libcutils.so;libc++.so;libc.so;libm.so;libdl.so
system,/system/apex/com.android.vndk.current/lib/android.hardware.memtrack-V1-ndk_platform.so,ELF32,ARM,,android.hardware.memtrack-V1-ndk_platform.so,libbinder_ndk.so;libc++.so;libc.so;libm.so;libdl.so
system,/system/apex/com.android.vndk.current/lib/android.hardware.memtrack@1.0.so,ELF32,ARM,,android.hardware.memtrack@1.0.so,libhidlbase.so;liblog.so;libutils.so;libcutils.so;libc++.so;libc.so;libm.so;libdl.so
system,/system/apex/com.android.vndk.current/lib/android.hardware.oemlock-V1-ndk_platform.so,ELF32,ARM,,android.hardware.oemlock-V1-ndk_platform.so,libbinder_ndk.so;libc++.so;libc.so;libm.so;libdl.so
system,/system/apex/com.android.vndk.current/lib/android.hardware.power-V2-ndk_platform.so,ELF32,ARM,,android.hardware.power-V2-ndk_platform.so,libbinder_ndk.so;libc++.so;libc.so;libm.so;libdl.so
system,/system/apex/com.android.vndk.current/lib/android.hardware.power.stats-V1-ndk_platform.so,ELF32,ARM,,android.hardware.power.stats-V1-ndk_platform.so,libbinder_ndk.so;libc++.so;libc.so;libm.so;libdl.so
system,/system/apex/com.android.vndk.current/lib/android.hardware.rebootescrow-V1-ndk_platform.so,ELF32,ARM,,android.hardware.rebootescrow-V1-ndk_platform.so,libbinder_ndk.so;libc++.so;libc.so;libm.so;libdl.so
system,/system/apex/com.android.vndk.current/lib/android.hardware.renderscript@1.0.so,ELF32,ARM,,android.hardware.renderscript@1.0.so,libhidlbase.so;liblog.so;libutils.so;libcutils.so;libc++.so;libc.so;libm.so;libdl.so
system,/system/apex/com.android.vndk.current/lib/android.hardware.security.keymint-V1-ndk_platform.so,ELF32,ARM,,android.hardware.security.keymint-V1-ndk_platform.so,libbinder_ndk.so;android.hardware.security.secureclock-V1-ndk_platform.so;libc++.so;libc.so;libm.so;libdl.so
system,/system/apex/com.android.vndk.current/lib/android.hardware.security.secureclock-V1-ndk_platform.so,ELF32,ARM,,android.hardware.security.secureclock-V1-ndk_platform.so,libbinder_ndk.so;libc++.so;libc.so;libm.so;libdl.so
system,/system/apex/com.android.vndk.current/lib/android.hardware.security.sharedsecret-V1-ndk_platform.so,ELF32,ARM,,android.hardware.security.sharedsecret-V1-ndk_platform.so,libbinder_ndk.so;libc++.so;libc.so;libm.so;libdl.so
system,/system/apex/com.android.vndk.current/lib/android.hardware.soundtrigger@2.0-core.so,ELF32,ARM,,android.hardware.soundtrigger@2.0-core.so,libhidlbase.so;liblog.so;libutils.so;libhardware.so;android.hardware.soundtrigger@2.0.so;android.hardware.audio.common@2.0.so;libc++.so;libc.so;libm.so;libdl.so
system,/system/apex/com.android.vndk.current/lib/android.hardware.soundtrigger@2.0.so,ELF32,ARM,,android.hardware.soundtrigger@2.0.so,android.hardware.audio.common@2.0.so;libhidlbase.so;liblog.so;libutils.so;libcutils.so;libc++.so;libc.so;libm.so;libdl.so
system,/system/apex/com.android.vndk.current/lib/android.hardware.vibrator-V2-ndk_platform.so,ELF32,ARM,,android.hardware.vibrator-V2-ndk_platform.so,libbinder_ndk.so;libc++.so;libc.so;libm.so;libdl.so
system,/system/apex/com.android.vndk.current/lib/android.hardware.weaver-V1-ndk_platform.so,ELF32,ARM,,android.hardware.weaver-V1-ndk_platform.so,libbinder_ndk.so;libc++.so;libc.so;libm.so;libdl.so
system,/system/apex/com.android.vndk.current/lib/android.hidl.memory.token@1.0.so,ELF32,ARM,,android.hidl.memory.token@1.0.so,libhidlbase.so;liblog.so;libutils.so;libcutils.so;libc++.so;libc.so;libm.so;libdl.so
system,/system/apex/com.android.vndk.current/lib/android.hidl.memory@1.0.so,ELF32,ARM,,android.hidl.memory@1.0.so,libhidlbase.so;liblog.so;libutils.so;libcutils.so;libc++.so;libc.so;libm.so;libdl.so
system,/system/apex/com.android.vndk.current/lib/android.hidl.safe_union@1.0.so,ELF32,ARM,,android.hidl.safe_union@1.0.so,libhidlbase.so;liblog.so;libutils.so;libcutils.so;libc++.so;libc.so;libm.so;libdl.so
system,/system/apex/com.android.vndk.current/lib/android.hidl.token@1.0-utils.so,ELF32,ARM,,android.hidl.token@1.0-utils.so,android.hidl.token@1.0.so;libhidlbase.so;liblog.so;libutils.so;libc++.so;libc.so;libm.so;libdl.so
system,/system/apex/com.android.vndk.current/lib/android.hidl.token@1.0.so,ELF32,ARM,,android.hidl.token@1.0.so,libhidlbase.so;liblog.so;libutils.so;libcutils.so;libc++.so;libc.so;libm.so;libdl.so
system,/system/apex/com.android.vndk.current/lib/android.system.keystore2-V1-ndk_platform.so,ELF32,ARM,,android.system.keystore2-V1-ndk_platform.so,libbinder_ndk.so;android.hardware.security.keymint-V1-ndk_platform.so;libc++.so;libc.so;libm.so;libdl.so
system,/system/apex/com.android.vndk.current/lib/android.system.suspend@1.0.so,ELF32,ARM,,android.system.suspend@1.0.so,libhidlbase.so;liblog.so;libutils.so;libcutils.so;libc++.so;libc.so;libm.so;libdl.so
system,/system/apex/com.android.vndk.current/lib/hw/android.hidl.memory@1.0-impl.so,ELF32,ARM,,android.hidl.memory@1.0-impl.so,libcutils.so;libbase.so;liblog.so;libutils.so;libhidlbase.so;android.hidl.memory@1.0.so;libc++.so;libc.so;libm.so;libdl.so
system,/system/apex/com.android.vndk.current/lib/libRSCpuRef.so,ELF32,ARM,,libRSCpuRef.so,libRS_internal.so;liblog.so;libz.so;libbcinfo.so;libblas.so;libc++.so;libc.so;libm.so;libdl.so
system,/system/apex/com.android.vndk.current/lib/libRSDriver.so,ELF32,ARM,,libRSDriver.so,libRS_internal.so;libRSCpuRef.so;liblog.so;libEGL.so;libGLESv1_CM.so;libGLESv2.so;libnativewindow.so;libbcinfo.so;libc++.so;libc.so;libm.so;libdl.so
system,/system/apex/com.android.vndk.current/lib/libRS_internal.so,ELF32,ARM,,libRS_internal.so,liblog.so;libutilscallstack.so;libutils.so;libEGL.so;libGLESv1_CM.so;libGLESv2.so;libnativewindow.so;libft2.so;libbcinfo.so;libmediandk.so;libc++.so;libc.so;libm.so;libdl.so
system,/system/apex/com.android.vndk.current/lib/libaudioroute.so,ELF32,ARM,,libaudioroute.so,liblog.so;libcutils.so;libutils.so;libexpat.so;libtinyalsa.so;libc++.so;libc.so;libm.so;libdl.so
system,/system/apex/com.android.vndk.current/lib/libaudioutils.so,ELF32,ARM,,libaudioutils.so,libcutils.so;liblog.so;libspeexresampler.so;libc++.so;libc.so;libm.so;libdl.so
system,/system/apex/com.android.vndk.current/lib/libbacktrace.so,ELF32,ARM,,libbacktrace.so,libbase.so;liblog.so;libunwindstack.so;libc++.so;libc.so;libm.so;libdl.so
system,/system/apex/com.android.vndk.current/lib/libbase.so,ELF32,ARM,,libbase.so,liblog.so;libc++.so;libc.so;libm.so;libdl.so
system,/system/apex/com.android.vndk.current/lib/libbcinfo.so,ELF32,ARM,,libbcinfo.so,liblog.so;libc++.so;libc.so;libm.so;libdl.so
system,/system/apex/com.android.vndk.current/lib/libbinder.so,ELF32,ARM,,libbinder.so,liblog.so;libcutils.so;libutils.so;libc++.so;libc.so;libm.so;libdl.so
system,/system/apex/com.android.vndk.current/lib/libblas.so,ELF32,ARM,,libblas.so,libc++.so;libc.so;libm.so;libdl.so
system,/system/apex/com.android.vndk.current/lib/libbufferqueueconverter.so,ELF32,ARM,,libbufferqueueconverter.so,libgui.so;libui.so;libutils.so;libbinder.so;libbase.so;liblog.so;libc++.so;libc.so;libm.so;libdl.so
system,/system/apex/com.android.vndk.current/lib/libc++.so,ELF32,ARM,,libc++.so,libc.so;libm.so;libdl.so
system,/system/apex/com.android.vndk.current/lib/libcamera_metadata.so,ELF32,ARM,,libcamera_metadata.so,liblog.so;libc++.so;libc.so;libm.so;libdl.so
system,/system/apex/com.android.vndk.current/lib/libcap.so,ELF32,ARM,,libcap.so,libc++.so;libc.so;libm.so;libdl.so
system,/system/apex/com.android.vndk.current/lib/libclang_rt.scudo-arm-android.so,ELF32,ARM,,libclang_rt.scudo-arm-android.so,libc.so;libdl.so;liblog.so;libc++.so
system,/system/apex/com.android.vndk.current/lib/libclang_rt.scudo_minimal-arm-android.so,ELF32,ARM,,libclang_rt.scudo_minimal-arm-android.so,libc.so;libdl.so;liblog.so
system,/system/apex/com.android.vndk.current/lib/libclang_rt.ubsan_standalone-arm-android.so,ELF32,ARM,,libclang_rt.ubsan_standalone-arm-android.so,libc++.so;libc.so;libdl.so;liblog.so
system,/system/apex/com.android.vndk.current/lib/libcn-cbor.so,ELF32,ARM,,libcn-cbor.so,libc++.so;libc.so;libm.so;libdl.so
system,/system/apex/com.android.vndk.current/lib/libcodec2.so,ELF32,ARM,,libcodec2.so,libc++.so;libc.so;libm.so;libdl.so
system,/system/apex/com.android.vndk.current/lib/libcompiler_rt.so,ELF32,ARM,,libcompiler_rt.so,liblog.so;libc.so;libm.so;libdl.so
system,/system/apex/com.android.vndk.current/lib/libcrypto.so,ELF32,ARM,,libcrypto.so,libc.so;libm.so;libdl.so
system,/system/apex/com.android.vndk.current/lib/libcrypto_utils.so,ELF32,ARM,,libcrypto_utils.so,libcrypto.so;libc++.so;libc.so;libm.so;libdl.so
system,/system/apex/com.android.vndk.current/lib/libcurl.so,ELF32,ARM,,libcurl.so,libcrypto.so;libssl.so;libz.so;libc++.so;libc.so;libm.so;libdl.so
system,/system/apex/com.android.vndk.current/lib/libcutils.so,ELF32,ARM,,libcutils.so,liblog.so;libbase.so;libc++.so;libc.so;libm.so;libdl.so
system,/system/apex/com.android.vndk.current/lib/libdiskconfig.so,ELF32,ARM,,libdiskconfig.so,libcutils.so;liblog.so;libc++.so;libc.so;libm.so;libdl.so
system,/system/apex/com.android.vndk.current/lib/libdmabufheap.so,ELF32,ARM,,libdmabufheap.so,liblog.so;libc++.so;libc.so;libm.so;libdl.so
system,/system/apex/com.android.vndk.current/lib/libdumpstateutil.so,ELF32,ARM,,libdumpstateutil.so,libbase.so;liblog.so;libc++.so;libc.so;libm.so;libdl.so
system,/system/apex/com.android.vndk.current/lib/libevent.so,ELF32,ARM,,libevent.so,libc++.so;libc.so;libm.so;libdl.so
system,/system/apex/com.android.vndk.current/lib/libexif.so,ELF32,ARM,,libexif.so,liblog.so;libc++.so;libc.so;libm.so;libdl.so
system,/system/apex/com.android.vndk.current/lib/libexpat.so,ELF32,ARM,,libexpat.so,libc.so;libm.so;libdl.so
system,/system/apex/com.android.vndk.current/lib/libfmq.so,ELF32,ARM,,libfmq.so,libbase.so;liblog.so;libcutils.so;libutils.so;libc++.so;libc.so;libm.so;libdl.so
system,/system/apex/com.android.vndk.current/lib/libgatekeeper.so,ELF32,ARM,,libgatekeeper.so,libc++.so;libc.so;libm.so;libdl.so
system,/system/apex/com.android.vndk.current/lib/libgralloctypes.so,ELF32,ARM,,libgralloctypes.so,android.hardware.graphics.common-V2-ndk_platform.so;android.hardware.graphics.mapper@4.0.so;libhidlbase.so;liblog.so;libc++.so;libc.so;libm.so;libdl.so
system,/system/apex/com.android.vndk.current/lib/libgui.so,ELF32,ARM,,libgui.so,android.hardware.graphics.bufferqueue@1.0.so;android.hardware.graphics.bufferqueue@2.0.so;android.hardware.graphics.common@1.1.so;android.hardware.graphics.common@1.2.so;android.hidl.token@1.0-utils.so;libbase.so;libcutils.so;libEGL.so;libGLESv2.so;libhidlbase.so;liblog.so;libnativewindow.so;libsync.so;libui.so;libutils.so;libvndksupport.so;libbinder.so;libc++.so;libc.so;libm.so;libdl.so
system,/system/apex/com.android.vndk.current/lib/libhardware.so,ELF32,ARM,,libhardware.so,libcutils.so;liblog.so;libvndksupport.so;libc++.so;libc.so;libm.so;libdl.so
system,/system/apex/com.android.vndk.current/lib/libhardware_legacy.so,ELF32,ARM,,libhardware_legacy.so,libbase.so;libbinder.so;libcutils.so;libhidlbase.so;liblog.so;libutils.so;android.system.suspend@1.0.so;libc++.so;libc.so;libm.so;libdl.so
system,/system/apex/com.android.vndk.current/lib/libhidlallocatorutils.so,ELF32,ARM,,libhidlallocatorutils.so,libbinder.so;libcutils.so;libhidlbase.so;android.hidl.memory@1.0.so;libc++.so;libc.so;libm.so;libdl.so
system,/system/apex/com.android.vndk.current/lib/libhidlbase.so,ELF32,ARM,,libhidlbase.so,libbase.so;liblog.so;libutils.so;libcutils.so;libvndksupport.so;libc++.so;libc.so;libm.so;libdl.so
system,/system/apex/com.android.vndk.current/lib/libhidlmemory.so,ELF32,ARM,,libhidlmemory.so,libbase.so;liblog.so;libutils.so;libcutils.so;libhidlbase.so;android.hidl.memory@1.0.so;android.hidl.memory.token@1.0.so;libc++.so;libc.so;libm.so;libdl.so
system,/system/apex/com.android.vndk.current/lib/libion.so,ELF32,ARM,,libion.so,liblog.so;libc++.so;libc.so;libm.so;libdl.so
system,/system/apex/com.android.vndk.current/lib/libjpeg.so,ELF32,ARM,,libjpeg.so,libc++.so;libc.so;libm.so;libdl.so
system,/system/apex/com.android.vndk.current/lib/libjsoncpp.so,ELF32,ARM,,libjsoncpp.so,libc++.so;libc.so;libm.so;libdl.so
system,/system/apex/com.android.vndk.current/lib/libldacBT_abr.so,ELF32,ARM,,libldacBT_abr.so,libldacBT_enc.so;libc++.so;libc.so;libm.so;libdl.so
system,/system/apex/com.android.vndk.current/lib/libldacBT_enc.so,ELF32,ARM,,libldacBT_enc.so,libc++.so;libc.so;libm.so;libdl.so
system,/system/apex/com.android.vndk.current/lib/liblz4.so,ELF32,ARM,,liblz4.so,libc++.so;libc.so;libm.so;libdl.so
system,/system/apex/com.android.vndk.current/lib/liblzma.so,ELF32,ARM,,liblzma.so,libc.so;libm.so;libdl.so
system,/system/apex/com.android.vndk.current/lib/libmedia_helper.so,ELF32,ARM,,libmedia_helper.so,libutils.so;liblog.so;libc++.so;libc.so;libm.so;libdl.so
system,/system/apex/com.android.vndk.current/lib/libmedia_omx.so,ELF32,ARM,,libmedia_omx.so,android.hidl.token@1.0-utils.so;android.hardware.media.omx@1.0.so;libbinder.so;libcutils.so;libhidlbase.so;liblog.so;libstagefright_foundation.so;libui.so;libutils.so;libc++.so;libc.so;libm.so;libdl.so
system,/system/apex/com.android.vndk.current/lib/libmemtrack.so,ELF32,ARM,,libmemtrack.so,libbinder_ndk.so;libhardware.so;liblog.so;libbase.so;libhidlbase.so;libutils.so;android.hardware.memtrack@1.0.so;android.hardware.memtrack-V1-ndk_platform.so;libc++.so;libc.so;libm.so;libdl.so
system,/system/apex/com.android.vndk.current/lib/libminijail.so,ELF32,ARM,,libminijail.so,libcap.so;libc++.so;libc.so;libm.so;libdl.so
system,/system/apex/com.android.vndk.current/lib/libmkbootimg_abi_check.so,ELF32,ARM,,libmkbootimg_abi_check.so,libc++.so;libc.so;libm.so;libdl.so
system,/system/apex/com.android.vndk.current/lib/libnetutils.so,ELF32,ARM,,libnetutils.so,libcutils.so;liblog.so;libc++.so;libc.so;libm.so;libdl.so
system,/system/apex/com.android.vndk.current/lib/libnl.so,ELF32,ARM,,libnl.so,libc++.so;libc.so;libm.so;libdl.so
system,/system/apex/com.android.vndk.current/lib/libpcre2.so,ELF32,ARM,,libpcre2.so,libc.so
system,/system/apex/com.android.vndk.current/lib/libpiex.so,ELF32,ARM,,libpiex.so,libc++.so;libc.so;libm.so;libdl.so
system,/system/apex/com.android.vndk.current/lib/libpng.so,ELF32,ARM,,libpng.so,libz.so;libc++.so;libc.so;libm.so;libdl.so
system,/system/apex/com.android.vndk.current/lib/libpower.so,ELF32,ARM,,libpower.so,libbase.so;libbinder.so;libcutils.so;libhidlbase.so;liblog.so;libutils.so;android.system.suspend@1.0.so;libc++.so;libc.so;libm.so;libdl.so
system,/system/apex/com.android.vndk.current/lib/libprocessgroup.so,ELF32,ARM,,libprocessgroup.so,libbase.so;libcgrouprc.so;libc++.so;libc.so;libm.so;libdl.so
system,/system/apex/com.android.vndk.current/lib/libprocinfo.so,ELF32,ARM,,libprocinfo.so,libbase.so;libc++.so;libc.so;libm.so;libdl.so
system,/system/apex/com.android.vndk.current/lib/libradio_metadata.so,ELF32,ARM,,libradio_metadata.so,libcutils.so;liblog.so;libc++.so;libc.so;libm.so;libdl.so
system,/system/apex/com.android.vndk.current/lib/libspeexresampler.so,ELF32,ARM,,libspeexresampler.so,libc++.so;libc.so;libm.so;libdl.so
system,/system/apex/com.android.vndk.current/lib/libsqlite.so,ELF32,ARM,,libsqlite.so,liblog.so;libc++.so;libc.so;libm.so;libdl.so
system,/system/apex/com.android.vndk.current/lib/libssl.so,ELF32,ARM,,libssl.so,libcrypto.so;libc.so;libm.so;libdl.so
system,/system/apex/com.android.vndk.current/lib/libstagefright_bufferpool@2.0.so,ELF32,ARM,,libstagefright_bufferpool@2.0.so,libcutils.so;libfmq.so;libhidlbase.so;liblog.so;libutils.so;android.hardware.media.bufferpool@2.0.so;libc++.so;libc.so;libm.so;libdl.so
system,/system/apex/com.android.vndk.current/lib/libstagefright_bufferqueue_helper.so,ELF32,ARM,,libstagefright_bufferqueue_helper.so,libbase.so;libcutils.so;libhidlbase.so;libhidlmemory.so;liblog.so;libstagefright_foundation.so;libui.so;libutils.so;android.hardware.graphics.bufferqueue@1.0.so;android.hardware.graphics.bufferqueue@2.0.so;android.hidl.token@1.0-utils.so;libEGL.so;libnativewindow.so;libvndksupport.so;libc++.so;libc.so;libm.so;libdl.so
system,/system/apex/com.android.vndk.current/lib/libstagefright_foundation.so,ELF32,ARM,,libstagefright_foundation.so,libutils.so;libcutils.so;liblog.so;libc++.so;libc.so;libm.so;libdl.so
system,/system/apex/com.android.vndk.current/lib/libstagefright_omx.so,ELF32,ARM,,libstagefright_omx.so,libbase.so;libbinder.so;libmedia_omx.so;libutils.so;liblog.so;libui.so;libcutils.so;libstagefright_foundation.so;libstagefright_bufferqueue_helper.so;libstagefright_xmlparser.so;libhidlbase.so;libhidlmemory.so;libvndksupport.so;android.hardware.media.omx@1.0.so;android.hardware.graphics.bufferqueue@1.0.so;libc++.so;libc.so;libm.so;libdl.so
system,/system/apex/com.android.vndk.current/lib/libstagefright_omx_utils.so,ELF32,ARM,,libstagefright_omx_utils.so,libmedia_omx.so;libstagefright_foundation.so;liblog.so;libc++.so;libc.so;libm.so;libdl.so
system,/system/apex/com.android.vndk.current/lib/libstagefright_xmlparser.so,ELF32,ARM,,libstagefright_xmlparser.so,libbase.so;libexpat.so;liblog.so;libstagefright_omx_utils.so;libc++.so;libc.so;libm.so;libdl.so
system,/system/apex/com.android.vndk.current/lib/libsysutils.so,ELF32,ARM,,libsysutils.so,libbase.so;libcutils.so;liblog.so;libc++.so;libc.so;libm.so;libdl.so
system,/system/apex/com.android.vndk.current/lib/libtinyalsa.so,ELF32,ARM,,libtinyalsa.so,libc++.so;libc.so;libdl.so
system,/system/apex/com.android.vndk.current/lib/libtinyxml2.so,ELF32,ARM,,libtinyxml2.so,liblog.so;libc++.so;libc.so;libm.so;libdl.so
system,/system/apex/com.android.vndk.current/lib/libui.so,ELF32,ARM,,libui.so,android.hardware.graphics.allocator@2.0.so;android.hardware.graphics.allocator@3.0.so;android.hardware.graphics.allocator@4.0.so;android.hardware.graphics.common-V2-ndk_platform.so;android.hardware.graphics.common@1.2.so;android.hardware.graphics.mapper@2.0.so;android.hardware.graphics.mapper@2.1.so;android.hardware.graphics.mapper@3.0.so;android.hardware.graphics.mapper@4.0.so;libbase.so;libcutils.so;libgralloctypes.so;libhidlbase.so;libsync.so;libutils.so;liblog.so;libc++.so;libc.so;libm.so;libdl.so
system,/system/apex/com.android.vndk.current/lib/libunwindstack.so,ELF32,ARM,,libunwindstack.so,libbase.so;liblog.so;liblzma.so;libc++.so;libc.so;libm.so;libdl.so
system,/system/apex/com.android.vndk.current/lib/libusbhost.so,ELF32,ARM,,libusbhost.so,liblog.so;libc++.so;libc.so;libm.so;libdl.so
system,/system/apex/com.android.vndk.current/lib/libutils.so,ELF32,ARM,,libutils.so,libcutils.so;liblog.so;libprocessgroup.so;libvndksupport.so;libc++.so;libc.so;libm.so;libdl.so
system,/system/apex/com.android.vndk.current/lib/libutilscallstack.so,ELF32,ARM,,libutilscallstack.so,libcutils.so;liblog.so;libutils.so;libbacktrace.so;libprocessgroup.so;libvndksupport.so;libc++.so;libc.so;libm.so;libdl.so
system,/system/apex/com.android.vndk.current/lib/libwifi-system-iface.so,ELF32,ARM,,libwifi-system-iface.so,libbase.so;libc++.so;libc.so;libm.so;libdl.so
system,/system/apex/com.android.vndk.current/lib/libxml2.so,ELF32,ARM,,libxml2.so,libc.so;libm.so;libdl.so
system,/system/apex/com.android.vndk.current/lib/libyuv.so,ELF32,ARM,,libyuv.so,libjpeg.so;libc++.so;libc.so;libm.so;libdl.so
system,/system/apex/com.android.vndk.current/lib/libz.so,ELF32,ARM,,libz.so,libc.so;libm.so;libdl.so
system,/system/apex/com.android.vndk.current/lib/libziparchive.so,ELF32,ARM,,libziparchive.so,liblog.so;libbase.so;libz.so;libc++.so;libc.so;libm.so;libdl.so
system,/system/app/Bluetooth/oat/arm/Bluetooth.odex,ELF32,ARM,,package.odex,
system,/system/app/CaptivePortalLogin/oat/arm/CaptivePortalLogin.odex,ELF32,ARM,,package.odex,
system,/system/app/CertInstaller/oat/arm/CertInstaller.odex,ELF32,ARM,,package.odex,
system,/system/app/Chrome/Chrome.apk!/lib/armeabi-v7a/libchrome.so,ELF32,ARM,/system/bin/linker,libchrome.so,libc.so;libdl.so;libm.so;libandroid.so;liblog.so;libjnigraphics.so
system,/system/app/Chrome/Chrome.apk!/lib/armeabi-v7a/libchromium_android_linker.so,ELF32,ARM,,libchromium_android_linker.so,libc.so;libdl.so;liblog.so
system,/system/app/Chrome/Chrome.apk!/lib/armeabi-v7a/libcrashpad_handler.so,ELF32,ARM,/system/bin/linker,,libc.so;libdl.so;libm.so;liblog.so
system,/system/app/Chrome/lib/arm/libchrome.so,ELF32,ARM,/system/bin/linker,libchrome.so,libc.so;libdl.so;libm.so;libandroid.so;liblog.so;libjnigraphics.so
system,/system/app/Chrome/lib/arm/libchromium_android_linker.so,ELF32,ARM,,libchromium_android_linker.so,libc.so;libdl.so;liblog.so
system,/system/app/Chrome/lib/arm/libcrashpad_handler.so,ELF32,ARM,/system/bin/linker,,libc.so;libdl.so;libm.so;liblog.so
system,/system/app/Chrome/oat/arm/Chrome.odex,ELF32,ARM,,package.odex,
system,/system/app/CompanionDeviceManager/oat/arm/CompanionDeviceManager.odex,ELF32,ARM,,package.odex,
system,/system/app/ExtShared/oat/arm/ExtShared.odex,ELF32,ARM,,package.odex,
system,/system/app/H616_led_blink-s/H616_led_blink-s.apk!/lib/armeabi/libI2c_wr_jni.so,ELF32,ARM,/system/bin/linker,libI2c_wr_jni.so,liblog.so;libc++.so;libdl.so;libc.so;libm.so
system,/system/app/H616_led_blink-s/H616_led_blink-s.apk!/lib/armeabi/libc++.so,ELF32,ARM,,libc++.so,libc.so;libm.so;libdl.so
system,/system/app/H616_led_blink-s/lib/arm/libI2c_wr_jni.so,ELF32,ARM,/system/bin/linker,libI2c_wr_jni.so,liblog.so;libc++.so;libdl.so;libc.so;libm.so
system,/system/app/KeyChain/oat/arm/KeyChain.odex,ELF32,ARM,,package.odex,
system,/system/app/MiracastReceiver/lib/arm/libcdv_output.so,ELF32,ARM,,libcdv_output.so,libutils.so;libcutils.so;libbinder.so;libmedia.so;libui.so;libgui.so;libion.so;libcdv_playback.so;libcdx_base.so;libMemAdapter.so;libcdc_base.so;libcdx_common.so;liblog.so;libaudioclient.so;libc++.so;libc.so;libm.so;libdl.so
system,/system/app/MiracastReceiver/lib/arm/libcdv_playback.so,ELF32,ARM,,libcdv_playback.so,libutils.so;libcutils.so;libbinder.so;libmedia.so;libvdecoder.so;libMemAdapter.so;libcdx_base.so;libion.so;libcdx_common.so;liblog.so;libc++.so;libc.so;libm.so;libdl.so
system,/system/app/MiracastReceiver/lib/arm/libjni_WFDManager.so,ELF32,ARM,,libjni_WFDManager.so,libcutils.so;libutils.so;libgui.so;libandroid_runtime.so;libnativehelper.so;libwfdmanager.so;libwfdrtsp.so;liblog.so;libc++.so;libc.so;libm.so;libdl.so
system,/system/app/MiracastReceiver/lib/arm/libwfdmanager.so,ELF32,ARM,,libwfdmanager.so,libcutils.so;libutils.so;libwfdrtsp.so;libwfdplayer.so;libbinder.so;libmedia.so;libstagefright_foundation.so;libcdx_base.so;liblog.so;libgui.so;libc++.so;libc.so;libm.so;libdl.so
system,/system/app/MiracastReceiver/lib/arm/libwfdplayer.so,ELF32,ARM,,libwfdplayer.so,libcutils.so;libutils.so;libgui.so;libcdx_base.so;liblog.so;libbinder.so;libwfdrtsp.so;libcdv_playback.so;libcdv_output.so;libc++.so;libc.so;libm.so;libdl.so
system,/system/app/MiracastReceiver/lib/arm/libwfdrtsp.so,ELF32,ARM,,libwfdrtsp.so,libcutils.so;libutils.so;libcdx_base.so;liblog.so;libc++.so;libc.so;libm.so;libdl.so
system,/system/app/MiracastReceiver/oat/arm/MiracastReceiver.odex,ELF32,ARM,,package.odex,
system,/system/app/NanoOtaBle/NanoOtaBle.apk!/lib/armeabi-v7a/libDataEncryption.so,ELF32,ARM,,libDataEncryption.so,liblog.so;libm.so;libdl.so;libc.so
system,/system/app/NanoOtaBle/NanoOtaBle.apk!/lib/armeabi/libDataEncryption.so,ELF32,ARM,,libDataEncryption.so,liblog.so;libm.so;libdl.so;libc.so
system,/system/app/NanoOtaBle/lib/arm/libDataEncryption.so,ELF32,ARM,,libDataEncryption.so,liblog.so;libm.so;libdl.so;libc.so
system,/system/app/PacProcessor/oat/arm/PacProcessor.odex,ELF32,ARM,,package.odex,
system,/system/app/ProjectivyLauncher/ProjectivyLauncher.apk!/lib/arm64-v8a/libanimation-decoder-gif.so,ELF64,AArch64,,libanimation-decoder-gif.so,liblog.so;libm.so;libdl.so;libc.so
system,/system/app/ProjectivyLauncher/ProjectivyLauncher.apk!/lib/arm64-v8a/libdatastore_shared_counter.so,ELF64,AArch64,,libdatastore_shared_counter.so,libm.so;libdl.so;libc.so
system,/system/app/ProjectivyLauncher/ProjectivyLauncher.apk!/lib/arm64-v8a/libptutils.so,ELF64,AArch64,,libptutils.so,liblog.so;libz.so;libm.so;libdl.so;libc.so
system,/system/app/ProjectivyLauncher/ProjectivyLauncher.apk!/lib/armeabi-v7a/libanimation-decoder-gif.so,ELF32,ARM,,libanimation-decoder-gif.so,liblog.so;libm.so;libdl.so;libc.so
system,/system/app/ProjectivyLauncher/ProjectivyLauncher.apk!/lib/armeabi-v7a/libdatastore_shared_counter.so,ELF32,ARM,,libdatastore_shared_counter.so,libm.so;libdl.so;libc.so
system,/system/app/ProjectivyLauncher/ProjectivyLauncher.apk!/lib/armeabi-v7a/libptutils.so,ELF32,ARM,,libptutils.so,liblog.so;libz.so;libm.so;libdl.so;libc.so
system,/system/app/ProjectivyLauncher/ProjectivyLauncher.apk!/lib/x86/libanimation-decoder-gif.so,ELF32,x86,,libanimation-decoder-gif.so,liblog.so;libm.so;libdl.so;libc.so
system,/system/app/ProjectivyLauncher/ProjectivyLauncher.apk!/lib/x86/libdatastore_shared_counter.so,ELF32,x86,,libdatastore_shared_counter.so,libm.so;libdl.so;libc.so
system,/system/app/ProjectivyLauncher/ProjectivyLauncher.apk!/lib/x86/libptutils.so,ELF32,x86,,libptutils.so,liblog.so;libz.so;libm.so;libdl.so;libc.so
system,/system/app/ProjectivyLauncher/ProjectivyLauncher.apk!/lib/x86_64/libanimation-decoder-gif.so,ELF64,x86-64,,libanimation-decoder-gif.so,liblog.so;libm.so;libdl.so;libc.so
system,/system/app/ProjectivyLauncher/ProjectivyLauncher.apk!/lib/x86_64/libdatastore_shared_counter.so,ELF64,x86-64,,libdatastore_shared_counter.so,libm.so;libdl.so;libc.so
system,/system/app/ProjectivyLauncher/ProjectivyLauncher.apk!/lib/x86_64/libptutils.so,ELF64,x86-64,,libptutils.so,liblog.so;libz.so;libm.so;libdl.so;libc.so
system,/system/bin/abb,ELF32,ARM,/system/bin/linker,,libbase.so;libbinder.so;liblog.so;libutils.so;libselinux.so;libc++.so;libc.so;libm.so;libdl.so
system,/system/bin/apexd,ELF32,ARM,/system/bin/bootstrap/linker,,apex_aidl_interface-cpp.so;libutils.so;libbinder.so;liblog.so;liblogwrap.so;libbase.so;libcrypto.so;libcutils.so;libprotobuf-cpp-full.so;libziparchive.so;libselinux.so;libc++.so;libc.so;libm.so;libdl.so
system,/system/bin/app_process32,ELF32,ARM,/system/bin/linker,,libandroid_runtime.so;libbinder.so;libcutils.so;libhidlbase.so;liblog.so;libnativeloader.so;libsigchain.so;libutils.so;libwilhelm.so;libc++.so;libc.so;libm.so;libdl.so
system,/system/bin/arping,ELF32,ARM,/system/bin/linker,,libc++.so;libc.so;libm.so;libdl.so
system,/system/bin/atrace,ELF32,ARM,/system/bin/linker,,libbinder.so;libhidlbase.so;liblog.so;libutils.so;libcutils.so;libz.so;libbase.so;libpdx_default_transport.so;android.hardware.atrace@1.0.so;libc++.so;libc.so;libm.so;libdl.so
system,/system/bin/audioserver,ELF32,ARM,/system/bin/linker,,libaaudioservice.so;libaudioflinger.so;libaudiopolicyservice.so;libaudioprocessing.so;libbinder.so;libcutils.so;libhidlbase.so;liblog.so;libmedia.so;libmedialogservice.so;libmediautils.so;libnbaio.so;libnblog.so;libpowermanager.so;libutils.so;libvibrator.so;libc++.so;libc.so;libm.so;libdl.so
system,/system/bin/auditctl,ELF32,ARM,/system/bin/linker,,libbase.so;libc++.so;libc.so;libm.so;libdl.so
system,/system/bin/awk,ELF32,ARM,/system/bin/linker,,libc.so;libm.so;libdl.so
system,/system/bin/awlogd,ELF32,ARM,/system/bin/linker,,libbase.so;libprocessgroup.so;libc++.so;libc.so;libm.so;libdl.so
system,/system/bin/badblocks,ELF32,ARM,/system/bin/linker,,libext2fs.so;libext2_com_err.so;libext2_uuid.so;libext2_blkid.so;libext2_e2p.so;libc++.so;libc.so;libdl.so
system,/system/bin/bc,ELF32,ARM,/system/bin/linker,,libc.so;libm.so;libdl.so
system,/system/bin/bcc,ELF32,ARM,/system/bin/linker,,libbcc.so;libbcinfo.so;libLLVM_android.so;liblog.so;libvndksupport.so;libc++.so;libc.so;libm.so;libdl.so
system,/system/bin/blank_screen,ELF32,ARM,/system/bin/linker,,android.hardware.light@2.0.so;libbase.so;libbinder.so;libhidlbase.so;libutils.so;libc++.so;libc.so;libm.so;libdl.so
system,/system/bin/blkid,ELF32,ARM,/system/bin/linker,,libext2fs.so;libext2_blkid.so;libext2_com_err.so;libext2_e2p.so;libc++.so;libc.so;libdl.so
system,/system/bin/bootanimation,ELF32,ARM,/system/bin/linker,,libandroidfw.so;libbase.so;libbinder.so;libcutils.so;liblog.so;libutils.so;libOpenSLES.so;libbootanimation.so;libc++.so;libc.so;libm.so;libdl.so
system,/system/bin/bootctl,ELF32,ARM,/system/bin/linker,,android.hardware.boot@1.0.so;android.hardware.boot@1.1.so;android.hardware.boot@1.2.so;libhidlbase.so;libutils.so;libc++.so;libc.so;libm.so;libdl.so
system,/system/bin/bootstat,ELF32,ARM,/system/bin/linker,,libbase.so;libcutils.so;liblog.so;libstatslog.so;libc++.so;libc.so;libm.so;libdl.so
system,/system/bin/bootstrap/linker,ELF32,ARM,,ld-android.so,
system,/system/bin/bootstrap/linkerconfig,ELF32,ARM,,,
system,/system/bin/boringssl_self_test32,ELF32,ARM,/system/bin/linker,,libcrypto.so;libc++.so;libc.so;libm.so;libdl.so
system,/system/bin/bpfloader,ELF32,ARM,/system/bin/linker,,libcutils.so;libbpf_android.so;libbase.so;liblog.so;libnetdutils.so;libbpf.so;libc++.so;libc.so;libm.so;libdl.so
system,/system/bin/bugreport,ELF32,ARM,/system/bin/linker,,libcutils.so;libc++.so;libc.so;libm.so;libdl.so
system,/system/bin/bugreportz,ELF32,ARM,/system/bin/linker,,libbase.so;libcutils.so;libc++.so;libc.so;libm.so;libdl.so
system,/system/bin/bzip2,ELF32,ARM,/system/bin/linker,,libc.so;libm.so;libdl.so
system,/system/bin/cameraserver,ELF32,ARM,/system/bin/linker,,libcameraservice.so;liblog.so;libutils.so;libui.so;libgui.so;libbinder.so;libhidlbase.so;android.hardware.camera.common@1.0.so;android.hardware.camera.provider@2.4.so;android.hardware.camera.provider@2.5.so;android.hardware.camera.provider@2.6.so;android.hardware.camera.provider@2.7.so;android.hardware.camera.device@1.0.so;android.hardware.camera.device@3.2.so;android.hardware.camera.device@3.4.so;libc++.so;libc.so;libm.so;libdl.so
system,/system/bin/charger,ELF32,ARM,/system/bin/linker,,android.hardware.health@2.0.so;android.hardware.health@2.1.so;libbase.so;libcutils.so;libhidlbase.so;liblog.so;libutils.so;libpng.so;libc++.so;libc.so;libm.so;libdl.so
system,/system/bin/clatd,ELF32,ARM,/system/bin/linker,,libcutils.so;liblog.so;libnetutils.so;libc++.so;libc.so;libm.so;libdl.so
system,/system/bin/clean_scratch_files,ELF32,ARM,/system/bin/linker,,libbase.so;libfs_mgr_binder.so;libc++.so;libc.so;libm.so;libdl.so
system,/system/bin/cmd,ELF32,ARM,/system/bin/linker,,libutils.so;liblog.so;libselinux.so;libbinder.so;libc++.so;libc.so;libm.so;libdl.so
system,/system/bin/credstore,ELF32,ARM,/system/bin/linker,,libbase.so;libbinder.so;libbinder_ndk.so;android.hardware.keymaster@4.0.so;libcredstore_aidl.so;libcrypto.so;libutils.so;libhidlbase.so;android.hardware.identity-support-lib.so;libkeymaster4support.so;libkeystore-attestation-application-id.so;android.hardware.security.keymint-V1-ndk_platform.so;android.security.authorization-ndk_platform.so;libc++.so;libc.so;libm.so;libdl.so
system,/system/bin/debuggerd,ELF32,ARM,/system/bin/linker,,libbase.so;libdebuggerd_client.so;liblog.so;libprocinfo.so;libc++.so;libc.so;libm.so;libdl.so
system,/system/bin/dispctrl_1080p30fps,ELF32,ARM,/system/bin/linker,,libcutils.so;libsysutils.so;libutils.so;libui.so;libgui.so;libbinder.so;libc.so;libstdc++.so;libm.so
system,/system/bin/dmabuf_dump,ELF32,ARM,/system/bin/linker,,libbase.so;libc++.so;libc.so;libm.so;libdl.so
system,/system/bin/dmctl,ELF32,ARM,/system/bin/linker,,libbase.so;liblog.so;libc++.so;libc.so;libm.so;libdl.so
system,/system/bin/dmuserd,ELF32,ARM,/system/bin/linker,,libbase.so;liblog.so;libc++.so;libc.so;libm.so;libdl.so
system,/system/bin/dnsmasq,ELF32,ARM,/system/bin/linker,,libcutils.so;liblog.so;libc++.so;libc.so
system,/system/bin/drmserver,ELF32,ARM,/system/bin/linker,,libmediametrics.so;libmediautils.so;libcutils.so;libutils.so;liblog.so;libbinder.so;libdrmframeworkcommon.so;libselinux.so;libstagefright_foundation.so;libc++.so;libc.so;libm.so;libdl.so
system,/system/bin/dumpstate,ELF32,ARM,/system/bin/linker,,android.hardware.dumpstate@1.0.so;android.hardware.dumpstate@1.1.so;libziparchive.so;libbase.so;libbinder.so;libcrypto.so;libcutils.so;libdebuggerd_client.so;libdumpstateaidl.so;libdumpstateutil.so;libdumputils.so;libhardware_legacy.so;libhidlbase.so;liblog.so;libutils.so;libbinderdebug.so;libc++.so;libc.so;libm.so;libdl.so
system,/system/bin/dumpsys,ELF32,ARM,/system/bin/linker,,libbase.so;libutils.so;liblog.so;libbinder.so;libbinderdebug.so;libc++.so;libc.so;libm.so;libdl.so
system,/system/bin/e2freefrag,ELF32,ARM,/system/bin/linker,,libext2fs.so;libext2_com_err.so;libc++.so;libc.so;libdl.so
system,/system/bin/e2fsck,ELF32,ARM,/system/bin/linker,,libext2fs.so;libext2_blkid.so;libext2_com_err.so;libext2_uuid.so;libext2_quota.so;libext2_e2p.so;libc++.so;libc.so;libdl.so
system,/system/bin/e2fsdroid,ELF32,ARM,/system/bin/linker,,libext2fs.so;libext2_com_err.so;libext2_misc.so;libcutils.so;libbase.so;libselinux.so;libcrypto.so;libc.so;libm.so;libdl.so
system,/system/bin/flags_health_check,ELF32,ARM,/system/bin/linker,,libbase.so;server_configurable_flags.so;libc++.so;libc.so;libm.so;libdl.so
system,/system/bin/format_device,ELF32,ARM,/system/bin/linker,,libbase.so;libcutils.so;libc++.so;libc.so;libm.so;libdl.so
system,/system/bin/fsck.exfat,ELF32,ARM,/system/bin/linker,,liblog.so;libc++.so;libc.so;libm.so;libdl.so
system,/system/bin/fsck.f2fs,ELF32,ARM,/system/bin/linker,,libext2_uuid.so;libsparse.so;libbase.so;libc++.so;libc.so;libm.so;libdl.so
system,/system/bin/fsck_msdos,ELF32,ARM,/system/bin/linker,,libc++.so;libc.so;libm.so;libdl.so
system,/system/bin/fsverity_init,ELF32,ARM,/system/bin/linker,,libbase.so;libkeyutils.so;liblog.so;liblogwrap.so;libc++.so;libc.so;libm.so;libdl.so
system,/system/bin/gatekeeperd,ELF32,ARM,/system/bin/linker,,libbinder.so;libbinder_ndk.so;libgatekeeper.so;libgsi.so;liblog.so;libhardware.so;libbase.so;libutils.so;libcrypto.so;libhidlbase.so;android.hardware.gatekeeper@1.0.so;libgatekeeper_aidl.so;android.hardware.security.keymint-V1-ndk_platform.so;android.security.authorization-ndk_platform.so;libc++.so;libc.so;libm.so;libdl.so
system,/system/bin/gdbserver,ELF32,ARM,,,
system,/system/bin/gpioservice,ELF32,ARM,/system/bin/linker,,libgpioservice.so;libutils.so;liblog.so;libbinder.so;libc++.so;libc.so;libm.so;libdl.so
system,/system/bin/gpuservice,ELF32,ARM,/system/bin/linker,,libbinder.so;libcutils.so;liblog.so;libutils.so;libgpuservice.so;libc++.so;libc.so;libm.so;libdl.so
system,/system/bin/gsi_tool,ELF32,ARM,/system/bin/linker,,gsi_aidl_interface-cpp.so;libbase.so;libbinder.so;libcutils.so;libgsi.so;liblog.so;libutils.so;libc++.so;libc.so;libm.so;libdl.so
system,/system/bin/gsid,ELF32,ARM,/system/bin/linker,,libbase.so;libbinder.so;libcrypto.so;liblog.so;libprocessgroup.so;libvndksupport.so;libc++.so;libc.so;libm.so;libdl.so
system,/system/bin/heapprofd,ELF32,ARM,/system/bin/linker,,libbase.so;liblog.so;libprocinfo.so;libunwindstack.so;libc++.so;libc.so;libm.so;libdl.so
system,/system/bin/hw/android.hidl.allocator@1.0-service,ELF32,ARM,/system/bin/linker,,android.hidl.allocator@1.0.so;libhidlbase.so;libbase.so;liblog.so;libutils.so;libcutils.so;libc++.so;libc.so;libm.so;libdl.so
system,/system/bin/hw/android.system.suspend@1.0-service,ELF32,ARM,/system/bin/linker,,libbase.so;libbinder.so;libcutils.so;libhidlbase.so;liblog.so;libutils.so;android.system.suspend.control-V1-cpp.so;android.system.suspend.control.internal-cpp.so;android.system.suspend@1.0.so;libSuspendProperties.so;libc++.so;libc.so;libm.so;libdl.so
system,/system/bin/hwservicemanager,ELF32,ARM,/system/bin/linker,,android.hidl.token@1.0.so;libcrypto.so;libbase.so;libhidl-gen-utils.so;libselinux.so;libutils.so;libvintf.so;libhidlbase.so;liblog.so;libcutils.so;libc++.so;libc.so;libm.so;libdl.so
system,/system/bin/idlcli,ELF32,ARM,/system/bin/linker,,android.hardware.vibrator-V2-ndk_platform.so;android.hardware.vibrator@1.0.so;android.hardware.vibrator@1.1.so;android.hardware.vibrator@1.2.so;android.hardware.vibrator@1.3.so;libbase.so;libbinder_ndk.so;libhidlbase.so;liblog.so;libutils.so;libc++.so;libc.so;libm.so;libdl.so
system,/system/bin/idmap2,ELF32,ARM,/system/bin/linker,,libandroidfw.so;libbase.so;libcutils.so;libidmap2.so;libidmap2_policies.so;libprotobuf-cpp-lite.so;libutils.so;libz.so;libziparchive.so;libc++.so;libc.so;libm.so;libdl.so
system,/system/bin/idmap2d,ELF32,ARM,/system/bin/linker,,libandroidfw.so;libbase.so;libbinder.so;libcutils.so;libidmap2.so;libidmap2_policies.so;libprotobuf-cpp-lite.so;libutils.so;libziparchive.so;libc++.so;libc.so;libm.so;libdl.so
system,/system/bin/incident,ELF32,ARM,/system/bin/linker,,libbase.so;libbinder.so;libcutils.so;liblog.so;libutils.so;libincidentpriv.so;libc++.so;libc.so;libm.so;libdl.so
system,/system/bin/incident_helper,ELF32,ARM,/system/bin/linker,,libbase.so;liblog.so;libprotoutil.so;libutils.so;libc++.so;libc.so;libm.so;libdl.so
system,/system/bin/incidentd,ELF32,ARM,/system/bin/linker,,libbase.so;libbinder.so;libdebuggerd_client.so;libdumputils.so;libincidentpriv.so;liblog.so;libprotoutil.so;libservices.so;libutils.so;libprotobuf-cpp-lite.so;libc++.so;libc.so;libm.so;libdl.so
system,/system/bin/init,ELF32,ARM,/system/bin/bootstrap/linker,,libbacktrace.so;libbase.so;libbootloader_message.so;libcutils.so;libext4_utils.so;libfs_mgr.so;libgsi.so;libhidl-gen-utils.so;libkeyutils.so;liblog.so;liblogwrap.so;liblp.so;libprocessgroup.so;libprocessgroup_setup.so;libselinux.so;libutils.so;libc++.so;libc.so;libm.so;libdl.so
system,/system/bin/installd,ELF32,ARM,/system/bin/linker,,libbase.so;libbinder.so;libcrypto.so;libcutils.so;liblog.so;liblogwrap.so;libprocessgroup.so;libselinux.so;libutils.so;server_configurable_flags.so;libc++.so;libc.so;libm.so;libdl.so
system,/system/bin/iorap.cmd.compiler,ELF32,ARM,/system/bin/linker,,libclang_rt.ubsan_standalone-arm-android.so;libprotobuf-cpp-lite.so;libperfetto.so;libbinder.so;libutils.so;libcutils.so;libfruit.so;libprotobuf-cpp-full.so;server_configurable_flags.so;libbase.so;libc++.so;libc.so;libm.so;libdl.so
system,/system/bin/iorap.cmd.maintenance,ELF32,ARM,/system/bin/linker,,libclang_rt.ubsan_standalone-arm-android.so;libprotobuf-cpp-lite.so;libminijail.so;libsqlite.so;libperfetto.so;libbinder.so;libutils.so;libcutils.so;libfruit.so;libprotobuf-cpp-full.so;server_configurable_flags.so;libbase.so;libc++.so;libc.so;libm.so;libdl.so
system,/system/bin/iorap.inode2filename,ELF32,ARM,/system/bin/linker,,libclang_rt.ubsan_standalone-arm-android.so;libbinder.so;libutils.so;libcutils.so;libfruit.so;libprotobuf-cpp-full.so;server_configurable_flags.so;libbase.so;libc++.so;libc.so;libm.so;libdl.so
system,/system/bin/iorap.prefetcherd,ELF32,ARM,/system/bin/linker,,libclang_rt.ubsan_standalone-arm-android.so;libprotobuf-cpp-lite.so;libminijail.so;libbinder.so;libutils.so;libcutils.so;libfruit.so;libprotobuf-cpp-full.so;server_configurable_flags.so;libbase.so;libc++.so;libc.so;libm.so;libdl.so
system,/system/bin/iorapd,ELF32,ARM,/system/bin/linker,,libsqlite.so;libminijail.so;libperfetto.so;libbinder.so;libutils.so;libcutils.so;libfruit.so;libprotobuf-cpp-full.so;server_configurable_flags.so;libbase.so;libc++.so;libc.so;libm.so;libdl.so
system,/system/bin/iosimu,ELF32,ARM,,,
system,/system/bin/iotop,ELF32,ARM,/system/bin/linker,,libnl.so;libbase.so;libc++.so;libc.so;libm.so;libdl.so
system,/system/bin/ip,ELF32,ARM,/system/bin/linker,,libiprouteutil.so;libnetlink.so;libc++.so;libc.so;libm.so;libdl.so
system,/system/bin/iperf3,ELF32,ARM,/system/bin/linker,,libc++.so;libc.so;libm.so;libdl.so
system,/system/bin/iptables,ELF32,ARM,/system/bin/linker,,libc++.so;libc.so;libm.so;libdl.so
system,/system/bin/isomountservice,ELF32,ARM,/system/bin/linker,,libisomountmanagerservice.so;libutils.so;liblog.so;libbinder.so;libc++.so;libc.so;libm.so;libdl.so
system,/system/bin/iw,ELF32,ARM,/system/bin/linker,,libnl.so;libc++.so;libc.so;libm.so;libdl.so
system,/system/bin/keystore2,ELF32,ARM,/system/bin/linker,,libbinder_ndk.so;libcutils.so;liblog.so;libc.so;libm.so;libdl.so;libkeystore2_aaid.so;libkeystore2_apc_compat.so;libkeystore2_crypto.so;libcrypto.so;libkm_compat_service.so;libselinux.so;libkeystore2_vintf_cpp.so;libsqlite.so
system,/system/bin/keystore_cli_v2,ELF32,ARM,/system/bin/linker,,android.security.apc-ndk_platform.so;android.system.keystore2-V1-ndk_platform.so;libbinder.so;libbinder_ndk.so;libchrome.so;libcrypto.so;libkeymint_support.so;libprotobuf-cpp-lite.so;libutils.so;libc++.so;libc.so;libm.so;libdl.so
system,/system/bin/kmsgd,ELF32,ARM,/system/bin/linker,,libbase.so;libutils.so;libc++.so;libc.so;libm.so;libdl.so
system,/system/bin/ld.mc,ELF32,ARM,/system/bin/linker,,libLLVM_android.so;libz.so;libc++.so;libc.so;libm.so;libdl.so
system,/system/bin/librank,ELF32,ARM,/system/bin/linker,,libbase.so;libmeminfo.so;libc++.so;libc.so;libm.so;libdl.so
system,/system/bin/llkd,ELF32,ARM,/system/bin/linker,,libbase.so;libcutils.so;liblog.so;libc++.so;libc.so;libm.so;libdl.so
system,/system/bin/lmkd,ELF32,ARM,/system/bin/linker,,libcutils.so;liblog.so;libprocessgroup.so;libpsi.so;libc++.so;libc.so;libm.so;libdl.so
system,/system/bin/lockagent_crasher,ELF32,ARM,/system/bin/linker,,liblog.so;libc.so;libm.so;libdl.so
system,/system/bin/logcat,ELF32,ARM,/system/bin/linker,,libbase.so;libprocessgroup.so;libc++.so;libc.so;libm.so;libdl.so
system,/system/bin/logd,ELF32,ARM,/system/bin/linker,,libbase.so;libz.so;libsysutils.so;libcutils.so;libpackagelistparser.so;libprocessgroup.so;libcap.so;libc++.so;libc.so;libm.so;libdl.so
system,/system/bin/logwrapper,ELF32,ARM,/system/bin/linker,,libcutils.so;liblog.so;libc++.so;libc.so;libm.so;libdl.so
system,/system/bin/lpdump,ELF32,ARM,/system/bin/linker,,libbase.so;liblog.so;liblp.so;liblpdump_interface-cpp.so;libbinder.so;libutils.so;libc++.so;libc.so;libm.so;libdl.so
system,/system/bin/lpdumpd,ELF32,ARM,/system/bin/linker,,libbase.so;libbinder.so;liblog.so;liblp.so;liblpdump.so;liblpdump_interface-cpp.so;libutils.so;libc++.so;libc.so;libm.so;libdl.so
system,/system/bin/lshal,ELF32,ARM,/system/bin/linker,,libbase.so;libbinderdebug.so;libcutils.so;libutils.so;libhidlbase.so;libhidl-gen-hash.so;libhidl-gen-utils.so;libvintf.so;libc++.so;libc.so;libm.so;libdl.so
system,/system/bin/make_f2fs,ELF32,ARM,/system/bin/linker,,libext2_uuid.so;libsparse.so;libbase.so;libc++.so;libc.so;libm.so;libdl.so
system,/system/bin/mdnsd,ELF32,ARM,,,
system,/system/bin/mediaextractor,ELF32,ARM,/system/bin/linker,,libmedia.so;libmediaextractorservice.so;libmediautils.so;libbinder.so;libutils.so;liblog.so;libavservices_minijail.so;libc++.so;libc.so;libm.so;libdl.so
system,/system/bin/mediametrics,ELF32,ARM,/system/bin/linker,,libbinder.so;liblog.so;libmediametricsservice.so;libmediautils.so;libutils.so;mediametricsservice-aidl-cpp.so;libc++.so;libc.so;libm.so;libdl.so
system,/system/bin/mediaserver,ELF32,ARM,/system/bin/linker,,android.hardware.media.omx@1.0.so;libandroidicu.so;libfmq.so;libbinder.so;libhidlbase.so;liblog.so;libmediaplayerservice.so;libresourcemanagerservice.so;libutils.so;libc++.so;libc.so;libm.so;libdl.so
system,/system/bin/memtester,ELF32,ARM,,,
system,/system/bin/mini-keyctl,ELF32,ARM,/system/bin/linker,,libbase.so;libkeyutils.so;libc++.so;libc.so;libm.so;libdl.so
system,/system/bin/mke2fs,ELF32,ARM,/system/bin/linker,,libext2fs.so;libext2_blkid.so;libext2_misc.so;libext2_uuid.so;libext2_quota.so;libext2_com_err.so;libext2_e2p.so;libc.so;libm.so;libdl.so
system,/system/bin/mkfs.exfat,ELF32,ARM,/system/bin/linker,,liblog.so;libc++.so;libc.so;libm.so;libdl.so
system,/system/bin/mkntfs,ELF32,ARM,/system/bin/linker,,libc++.so;libc.so;libm.so;libdl.so
system,/system/bin/mount.exfat,ELF32,ARM,/system/bin/linker,,liblog.so;libc++.so;libc.so;libm.so;libdl.so
system,/system/bin/mtpd,ELF32,ARM,/system/bin/linker,,libcrypto.so;libcutils.so;liblog.so;libnetd_client.so;libc++.so;libc.so;libm.so;libdl.so
system,/system/bin/multi_ir,ELF32,ARM,/system/bin/linker,,libcutils.so;liblog.so;libutils.so;libbinder.so;libandroid_runtime.so;libmultiirservice.so;libc++.so;libc.so;libm.so;libdl.so
system,/system/bin/ndc,ELF32,ARM,/system/bin/linker,,libbase.so;libnetdutils.so;libnetutils.so;libcutils.so;liblog.so;libutils.so;libbinder.so;dnsresolver_aidl_interface-V7-cpp.so;netd_aidl_interface-V6-cpp.so;libc++.so;libc.so;libm.so;libdl.so
system,/system/bin/netd,ELF32,ARM,/system/bin/linker,,android.system.net.netd@1.0.so;android.system.net.netd@1.1.so;libbase.so;libbinder.so;libbpf_android.so;libcutils.so;libhidlbase.so;liblog.so;libmdnssd.so;libnetd_resolv.so;libnetdbpf.so;libnetdutils.so;libnetutils.so;libpcap.so;libprocessgroup.so;libqtaguid.so;libselinux.so;libsysutils.so;libutils.so;netd_aidl_interface-V7-cpp.so;netd_event_listener_interface-V1-cpp.so;oemnetd_aidl_interface-cpp.so;libc++.so;libc.so;libm.so;libdl.so
system,/system/bin/netutils-wrapper-1.0,ELF32,ARM,/system/bin/linker,,libbase.so;liblog.so;libc++.so;libc.so;libm.so;libdl.so
system,/system/bin/newfs_msdos,ELF32,ARM,/system/bin/linker,,libc++.so;libc.so;libm.so;libdl.so
system,/system/bin/nfsprobe,ELF32,ARM,,,
system,/system/bin/ntfs-3g,ELF32,ARM,/system/bin/linker,,libc++.so;libc.so;libm.so;libdl.so
system,/system/bin/ntfs-3g.probe,ELF32,ARM,/system/bin/linker,,libc++.so;libc.so;libm.so;libdl.so
system,/system/bin/odsign,ELF32,ARM,/system/bin/linker,,android.system.keystore2-V1-cpp.so;android.hardware.security.keymint-V1-cpp.so;libbase.so;libbinder.so;libcrypto.so;libcrypto_utils.so;libfsverity.so;liblogwrap.so;libprotobuf-cpp-full.so;libutils.so;libc++.so;libc.so;libm.so;libdl.so
system,/system/bin/perfetto,ELF32,ARM,/system/bin/linker,,liblog.so;libz.so;libc++.so;libc.so;libm.so;libdl.so
system,/system/bin/ping,ELF32,ARM,/system/bin/linker,,libc++.so;libc.so;libm.so;libdl.so
system,/system/bin/ping6,ELF32,ARM,/system/bin/linker,,libcrypto.so;libc++.so;libc.so;libm.so;libdl.so
system,/system/bin/pppd,ELF32,ARM,/system/bin/linker,,liblog.so;libcutils.so;libcrypto.so;libc++.so;libc.so;libm.so;libdl.so
system,/system/bin/pppoe,ELF32,ARM,/system/bin/linker,,libcutils.so;liblog.so;libcrypto.so;libc++.so;libc.so;libm.so;libdl.so
system,/system/bin/procrank,ELF32,ARM,/system/bin/linker,,libbase.so;libmeminfo.so;libc++.so;libc.so;libm.so;libdl.so
system,/system/bin/profcollectctl,ELF32,ARM,/system/bin/linker,,liblibprofcollectd.dylib.so;libanyhow.dylib.so;libstd.dylib.so;libc.so
system,/system/bin/profcollectd,ELF32,ARM,/system/bin/linker,,liblibprofcollectd.dylib.so;libanyhow.dylib.so;libstd.dylib.so;libc.so
system,/system/bin/qw,ELF32,ARM,,,
system,/system/bin/racoon,ELF32,ARM,/system/bin/linker,,libcutils.so;liblog.so;libcrypto.so;libkeystore-engine.so;libnetd_client.so;libc++.so;libc.so;libm.so;libdl.so
system,/system/bin/reboot,ELF32,ARM,/system/bin/linker,,libcutils.so;libc++.so;libc.so;libm.so;libdl.so
system,/system/bin/recovery-persist,ELF32,ARM,/system/bin/linker,,libbase.so;liblog.so;libc++.so;libc.so;libm.so;libdl.so
system,/system/bin/recovery-refresh,ELF32,ARM,/system/bin/linker,,libbase.so;liblog.so;libc++.so;libc.so;libm.so;libdl.so
system,/system/bin/remount,ELF32,ARM,/system/bin/linker,,libbootloader_message.so;libbase.so;libbinder.so;libcutils.so;libcrypto.so;libext4_utils.so;libfec.so;libfs_mgr_binder.so;liblog.so;liblp.so;libselinux.so;libc++.so;libc.so;libm.so;libdl.so
system,/system/bin/resize2fs,ELF32,ARM,/system/bin/linker,,libext2fs.so;libext2_com_err.so;libext2_e2p.so;libext2_uuid.so;libext2_blkid.so;libc++.so;libc.so;libdl.so
system,/system/bin/rss_hwm_reset,ELF32,ARM,/system/bin/linker,,libbase.so;liblog.so;libc++.so;libc.so;libm.so;libdl.so
system,/system/bin/run-as,ELF32,ARM,/system/bin/linker,,libbase.so;libselinux.so;libpackagelistparser.so;libminijail.so;libc++.so;libc.so;libm.so;libdl.so
system,/system/bin/sanitizer-status,ELF32,ARM,/system/bin/linker,,libc++.so;libc.so;libm.so;libdl.so
system,/system/bin/schedtest,ELF32,ARM,/system/bin/linker,,libc++.so;libc.so;libm.so;libdl.so
system,/system/bin/screencap,ELF32,ARM,/system/bin/linker,,libcutils.so;libutils.so;libbinder.so;libjnigraphics.so;libui.so;libgui.so;libc++.so;libc.so;libm.so;libdl.so
system,/system/bin/screenrecord,ELF32,ARM,/system/bin/linker,,libstagefright.so;libmedia.so;libmediandk.so;libmedia_omx.so;libutils.so;libbinder.so;libstagefright_foundation.so;libjpeg.so;libui.so;libgui.so;libcutils.so;liblog.so;libEGL.so;libGLESv2.so;libc++.so;libc.so;libm.so;libdl.so
system,/system/bin/sdcard,ELF32,ARM,/system/bin/linker,,libbase.so;libcutils.so;libminijail.so;libc++.so;libc.so;libm.so;libdl.so
system,/system/bin/secdiscard,ELF32,ARM,/system/bin/linker,,libbase.so;libc++.so;libc.so;libm.so;libdl.so
system,/system/bin/secilc,ELF32,ARM,/system/bin/bootstrap/linker,,libc.so;libm.so;libdl.so
system,/system/bin/sensorservice,ELF32,ARM,/system/bin/linker,,libsensorservice.so;libsensorprivacy.so;libbinder.so;libutils.so;libc++.so;libc.so;libm.so;libdl.so
system,/system/bin/service,ELF32,ARM,/system/bin/linker,,libcutils.so;libutils.so;libbinder.so;libc++.so;libc.so;libm.so;libdl.so
system,/system/bin/servicemanager,ELF32,ARM,/system/bin/linker,,libbase.so;libbinder.so;libvintf.so;libcutils.so;liblog.so;libutils.so;libselinux.so;libc++.so;libc.so;libm.so;libdl.so
system,/system/bin/set-verity-state,ELF32,ARM,/system/bin/linker,,libbase.so;libcrypto.so;libcrypto_utils.so;libcutils.so;libfec.so;libfs_mgr_binder.so;liblog.so;libutils.so;libc++.so;libc.so;libm.so;libdl.so
system,/system/bin/sgdisk,ELF32,ARM,/system/bin/linker,,libext2_uuid.so;libc++.so;libc.so;libm.so;libdl.so
system,/system/bin/sh,ELF32,ARM,/system/bin/linker,,libc.so
system,/system/bin/showmap,ELF32,ARM,/system/bin/linker,,libbase.so;libmeminfo.so;libc++.so;libc.so;libm.so;libdl.so
system,/system/bin/simpleperf,ELF32,ARM,/system/bin/linker,,libbase.so;liblzma.so;libprotobuf-cpp-lite.so;libziparchive.so;libcutils.so;libevent.so;liblog.so;libprocinfo.so;libunwindstack.so;libLLVM_android.so;libc++.so;libc.so;libm.so;libdl.so
system,/system/bin/simpleperf_app_runner,ELF32,ARM,/system/bin/linker,,libbase.so;libselinux.so;libpackagelistparser.so;libminijail.so;libc++.so;libc.so;libm.so;libdl.so
system,/system/bin/sload_f2fs,ELF32,ARM,/system/bin/linker,,libext2_uuid.so;libsparse.so;libbase.so;libcrypto.so;libselinux.so;libcutils.so;liblog.so;liblz4.so;libc.so;libm.so;libdl.so
system,/system/bin/snapshotctl,ELF32,ARM,/system/bin/linker,,android.hardware.boot@1.0.so;android.hardware.boot@1.1.so;libbase.so;libbinder.so;libext2_uuid.so;libext4_utils.so;libfs_mgr_binder.so;libhidlbase.so;liblog.so;liblp.so;libprotobuf-cpp-lite.so;libstatslog.so;libutils.so;libc++.so;libc.so;libm.so;libdl.so
system,/system/bin/snapuserd,ELF32,ARM,,,
system,/system/bin/sqlite3,ELF32,ARM,/system/bin/linker,,libsqlite.so;libandroidicu.so;liblog.so;libutils.so;libc++.so;libc.so;libm.so;libdl.so
system,/system/bin/ss,ELF32,ARM,/system/bin/linker,,libiprouteutil.so;libnetlink.so;libselinux.so;libc++.so;libc.so;libm.so;libdl.so
system,/system/bin/sst_test_v2,ELF32,ARM,/system/bin/linker,,libc.so;libz.so;liblog.so;libsst.so;libc++.so;libm.so;libdl.so
system,/system/bin/storaged,ELF32,ARM,/system/bin/linker,,android.hardware.health@1.0.so;android.hardware.health@2.0.so;libbase.so;libbinder.so;libcutils.so;libhidlbase.so;liblog.so;libprotobuf-cpp-lite.so;libsysutils.so;libutils.so;libz.so;libc++.so;libc.so;libm.so;libdl.so
system,/system/bin/strace,ELF32,ARM,/system/bin/linker,,libc++.so;libc.so;libm.so;libdl.so
system,/system/bin/surfaceflinger,ELF32,ARM,/system/bin/linker,,libpng.so;libz.so;android.hardware.configstore@1.1.so;android.hardware.graphics.common@1.2.so;android.hardware.graphics.composer@2.1.so;android.hardware.graphics.composer@2.2.so;android.hardware.graphics.composer@2.3.so;android.hardware.graphics.composer@2.4.so;android.hardware.power@1.0.so;android.hardware.power@1.3.so;android.hardware.power-V1-cpp.so;libbase.so;libfmq.so;libGLESv1_CM.so;libgui.so;libprotobuf-cpp-lite.so;libtimestats.so;libui.so;android.frameworks.displayservice@1.0.so;android.hardware.configstore-utils.so;android.hardware.configstore@1.0.so;android.hardware.graphics.allocator@2.0.so;android.hardware.graphics.allocator@3.0.so;libbinder.so;libcutils.so;libdisplayservicehidl.so;libhidlbase.so;libinput.so;liblayers_proto.so;liblog.so;libprocessgroup.so;libsync.so;libutils.so;libSurfaceFlingerProp.so;libEGL.so;libGLESv2.so;libvulkan.so;libnativewindow.so;libc++.so;libc.so;libm.so;libdl.so
system,/system/bin/systemmixservice,ELF32,ARM,/system/bin/linker,,libsystemmixservice.so;libutils.so;libbinder.so;liblog.so;libc++.so;libc.so;libm.so;libdl.so
system,/system/bin/tc,ELF32,ARM,/system/bin/linker,,libiprouteutil.so;libnetlink.so;libc++.so;libc.so;libm.so;libdl.so
system,/system/bin/tcpdump,ELF32,ARM,/system/bin/linker,,libssl.so;libcrypto.so;libpcap.so;libc++.so;libc.so;libm.so;libdl.so
system,/system/bin/tombstoned,ELF32,ARM,/system/bin/linker,,libc++.so;libc.so;libm.so;libdl.so
system,/system/bin/toolbox,ELF32,ARM,/system/bin/linker,,libbase.so;libc++.so;libc.so;libm.so;libdl.so
system,/system/bin/toybox,ELF32,ARM,/system/bin/linker,,libcrypto.so;libz.so;liblog.so;libprocessgroup.so;libselinux.so;libc.so;libm.so;libdl.so
system,/system/bin/traced,ELF32,ARM,/system/bin/linker,,liblog.so;libperfetto.so;libc++.so;libc.so;libm.so;libdl.so
system,/system/bin/traced_perf,ELF32,ARM,/system/bin/linker,,libbase.so;liblog.so;libprocinfo.so;libunwindstack.so;libc++.so;libc.so;libm.so;libdl.so
system,/system/bin/traced_probes,ELF32,ARM,/system/bin/linker,,liblog.so;libperfetto.so;libc++.so;libc.so;libm.so;libdl.so
system,/system/bin/tracepath,ELF32,ARM,/system/bin/linker,,libc++.so;libc.so;libm.so;libdl.so
system,/system/bin/tracepath6,ELF32,ARM,/system/bin/linker,,libc++.so;libc.so;libm.so;libdl.so
system,/system/bin/traceroute6,ELF32,ARM,/system/bin/linker,,libc++.so;libc.so;libm.so;libdl.so
system,/system/bin/treadahead,ELF32,ARM,/system/bin/linker,,libc.so;libbase.so;liblog.so;libm.so;libcutils.so;libsqlite.so;libc++.so;libdl.so
system,/system/bin/trigger_perfetto,ELF32,ARM,/system/bin/linker,,liblog.so;libc++.so;libc.so;libm.so;libdl.so
system,/system/bin/tune2fs,ELF32,ARM,/system/bin/linker,,libext2_blkid.so;libext2_com_err.so;libext2_quota.so;libext2_uuid.so;libext2_e2p.so;libext2fs.so;libc++.so;libc.so;libdl.so
system,/system/bin/tzdatacheck,ELF32,ARM,/system/bin/linker,,libbase.so;libcutils.so;liblog.so;libc++.so;libc.so;libm.so;libdl.so
system,/system/bin/uncrypt,ELF32,ARM,/system/bin/linker,,libbase.so;libbootloader_message.so;libcutils.so;libfs_mgr.so;libc++.so;libc.so;libm.so;libdl.so
system,/system/bin/unwind_info,ELF32,ARM,/system/bin/linker,,libunwindstack.so;libbase.so;liblzma.so;libc++.so;libc.so;libm.so;libdl.so
system,/system/bin/unwind_reg_info,ELF32,ARM,/system/bin/linker,,libunwindstack.so;libbase.so;liblzma.so;libc++.so;libc.so;libm.so;libdl.so
system,/system/bin/unwind_symbols,ELF32,ARM,/system/bin/linker,,libunwindstack.so;libbase.so;liblzma.so;libc++.so;libc.so;libm.so;libdl.so
system,/system/bin/update_engine,ELF32,ARM,/system/bin/linker,,libhidlbase.so;liblp.so;android.hardware.boot@1.0.so;android.hardware.boot@1.1.so;libprotobuf-cpp-lite.so;libcrypto.so;libfec.so;libziparchive.so;apex_aidl_interface-cpp.so;libandroid_net.so;libbase.so;libbinder.so;libbinderwrapper.so;libbootloader_message.so;libbrillo-binder.so;libcurl.so;libcutils.so;libupdate_engine_stable-V1-cpp.so;liblog.so;libssl.so;libstatslog.so;libutils.so;libbrillo-stream.so;libbrillo.so;libchrome.so;libc++.so;libc.so;libm.so;libdl.so
system,/system/bin/update_engine_client,ELF32,ARM,/system/bin/linker,,libbrillo-stream.so;libbrillo.so;libchrome.so;libbinder.so;libbinderwrapper.so;libbrillo-binder.so;libutils.so;libc++.so;libc.so;libm.so;libdl.so
system,/system/bin/update_verifier,ELF32,ARM,/system/bin/linker,,android.hardware.boot@1.0.so;libbase.so;libcutils.so;libhardware.so;libhidlbase.so;liblog.so;libprotobuf-cpp-lite.so;libbinder.so;libutils.so;libc++.so;libc.so;libm.so;libdl.so
system,/system/bin/usbd,ELF32,ARM,/system/bin/linker,,libbase.so;libhidlbase.so;liblog.so;libutils.so;libhardware.so;android.hardware.usb.gadget@1.0.so;libcutils.so;libc++.so;libc.so;libm.so;libdl.so
system,/system/bin/vdc,ELF32,ARM,/system/bin/linker,,libbase.so;libbinder.so;libcutils.so;libutils.so;libc++.so;libc.so;libm.so;libdl.so
system,/system/bin/viewcompiler,ELF32,ARM,/system/bin/linker,,libbase.so;slicer.so;libandroidfw.so;libc++.so;libc.so;libm.so;libdl.so
system,/system/bin/vold,ELF32,ARM,/system/bin/linker,,android.hardware.boot@1.0.so;libbase.so;libbinder.so;libcrypto.so;libcrypto_utils.so;libcutils.so;libdiskconfig.so;libext4_utils.so;libf2fs_sparseblock.so;libgsi.so;libhardware.so;libhardware_legacy.so;libincfs.so;libhidlbase.so;libkeyutils.so;liblog.so;liblogwrap.so;libselinux.so;libsysutils.so;libutils.so;android.hardware.health.storage@1.0.so;android.hardware.health.storage-V1-ndk_platform.so;android.system.keystore2-V1-ndk_platform.so;android.security.maintenance-ndk_platform.so;libbinder_ndk.so;libkeymint_support.so;libc++.so;libc.so;libm.so;libdl.so
system,/system/bin/vold_prepare_subdirs,ELF32,ARM,/system/bin/linker,,libbase.so;libcutils.so;liblogwrap.so;libselinux.so;libutils.so;libc++.so;libc.so;libm.so;libdl.so
system,/system/bin/wait_for_keymaster,ELF32,ARM,/system/bin/linker,,libbase.so;libbinder.so;libbinder_ndk.so;android.system.keystore2-V1-ndk_platform.so;android.security.maintenance-ndk_platform.so;libhardware.so;libhardware_legacy.so;libhidlbase.so;libkeymint_support.so;libutils.so;libc++.so;libc.so;libm.so;libdl.so
system,/system/bin/watchdogd,ELF32,ARM,/system/bin/linker,,libbase.so;libc++.so;libc.so;libm.so;libdl.so
system,/system/bin/wificond,ELF32,ARM,/system/bin/linker,,android.system.keystore2-V1-ndk_platform.so;android.security.legacykeystore-ndk_platform.so;libbinder.so;libbinder_ndk.so;libbase.so;libcrypto.so;libcutils.so;libhidlbase.so;libminijail.so;libssl.so;libutils.so;libwifi-system-iface.so;android.system.wifi.keystore@1.0.so;libc++.so;libc.so;libm.so;libdl.so
system,/system/bin/ziptool,ELF32,ARM,/system/bin/linker,,libbase.so;libziparchive.so;libz.so;libc++.so;libc.so;libm.so;libdl.so
system,/system/etc/bpf/clatd.o,ELF64,BPF,,,
system,/system/etc/bpf/gpu_mem.o,ELF64,BPF,,,
system,/system/etc/bpf/netd.o,ELF64,BPF,,,
system,/system/etc/bpf/time_in_state.o,ELF64,BPF,,,
system,/system/etc/ppp/ip-up-vpn,ELF32,ARM,/system/bin/linker,,libcutils.so;liblog.so;libc++.so;libc.so;libm.so;libdl.so
system,/system/framework/arm/boot-core-icu4j.oat,ELF32,ARM,,boot-core-icu4j.oat,
system,/system/framework/arm/boot-ext.oat,ELF32,ARM,,boot-ext.oat,
system,/system/framework/arm/boot-framework-graphics.oat,ELF32,ARM,,boot-framework-graphics.oat,
system,/system/framework/arm/boot-framework.oat,ELF32,ARM,,boot-framework.oat,
system,/system/framework/arm/boot-ims-common.oat,ELF32,ARM,,boot-ims-common.oat,
system,/system/framework/arm/boot-telephony-common.oat,ELF32,ARM,,boot-telephony-common.oat,
system,/system/framework/arm/boot-voip-common.oat,ELF32,ARM,,boot-voip-common.oat,
system,/system/framework/oat/arm/abx.odex,ELF32,ARM,,javalib.odex,
system,/system/framework/oat/arm/am.odex,ELF32,ARM,,javalib.odex,
system,/system/framework/oat/arm/android.hidl.base-V1.0-java.odex,ELF32,ARM,,javalib.odex,
system,/system/framework/oat/arm/android.hidl.manager-V1.0-java.odex,ELF32,ARM,,javalib.odex,
system,/system/framework/oat/arm/android.test.base.odex,ELF32,ARM,,javalib.odex,
system,/system/framework/oat/arm/android.test.mock.odex,ELF32,ARM,,javalib.odex,
system,/system/framework/oat/arm/android.test.runner.odex,ELF32,ARM,,javalib.odex,
system,/system/framework/oat/arm/appwidget.odex,ELF32,ARM,,javalib.odex,
system,/system/framework/oat/arm/bmgr.odex,ELF32,ARM,,javalib.odex,
system,/system/framework/oat/arm/bu.odex,ELF32,ARM,,javalib.odex,
system,/system/framework/oat/arm/com.android.future.usb.accessory.odex,ELF32,ARM,,javalib.odex,
system,/system/framework/oat/arm/com.android.location.provider.odex,ELF32,ARM,,javalib.odex,
system,/system/framework/oat/arm/com.android.media.remotedisplay.odex,ELF32,ARM,,javalib.odex,
system,/system/framework/oat/arm/com.android.mediadrm.signer.odex,ELF32,ARM,,javalib.odex,
system,/system/framework/oat/arm/content.odex,ELF32,ARM,,javalib.odex,
system,/system/framework/oat/arm/displayoutput-test.odex,ELF32,ARM,,javalib.odex,
system,/system/framework/oat/arm/ethernet-service.odex,ELF32,ARM,,javalib.odex,
system,/system/framework/oat/arm/hdmitest.odex,ELF32,ARM,,javalib.odex,
system,/system/framework/oat/arm/hid.odex,ELF32,ARM,,javalib.odex,
system,/system/framework/oat/arm/incident-helper-cmd.odex,ELF32,ARM,,javalib.odex,
system,/system/framework/oat/arm/javax.obex.odex,ELF32,ARM,,javalib.odex,
system,/system/framework/oat/arm/locksettings.odex,ELF32,ARM,,javalib.odex,
system,/system/framework/oat/arm/monkey.odex,ELF32,ARM,,javalib.odex,
system,/system/framework/oat/arm/org.apache.http.legacy.odex,ELF32,ARM,,javalib.odex,
system,/system/framework/oat/arm/pppoe-service.odex,ELF32,ARM,,javalib.odex,
system,/system/framework/oat/arm/requestsync.odex,ELF32,ARM,,javalib.odex,
system,/system/framework/oat/arm/services.odex,ELF32,ARM,,javalib.odex,
system,/system/framework/oat/arm/sm.odex,ELF32,ARM,,javalib.odex,
system,/system/framework/oat/arm/softwinner.audio.odex,ELF32,ARM,,javalib.odex,
system,/system/framework/oat/arm/svc.odex,ELF32,ARM,,javalib.odex,
system,/system/framework/oat/arm/telecom.odex,ELF32,ARM,,javalib.odex,
system,/system/framework/oat/arm/uiautomator.odex,ELF32,ARM,,javalib.odex,
system,/system/framework/oat/arm/uinput.odex,ELF32,ARM,,javalib.odex,
system,/system/framework/oat/arm/vr.odex,ELF32,ARM,,javalib.odex,
system,/system/lib/aaudio-aidl-cpp.so,ELF32,ARM,,aaudio-aidl-cpp.so,libbinder.so;libutils.so;audio_common-aidl-cpp.so;shared-file-region-aidl-cpp.so;framework-permission-aidl-cpp.so;libc++.so;libc.so;libm.so;libdl.so
system,/system/lib/android.frameworks.bufferhub@1.0.so,ELF32,ARM,,android.frameworks.bufferhub@1.0.so,android.hardware.graphics.common@1.0.so;android.hardware.graphics.common@1.1.so;android.hardware.graphics.common@1.2.so;libhidlbase.so;liblog.so;libutils.so;libcutils.so;libc++.so;libc.so;libm.so;libdl.so
system,/system/lib/android.frameworks.cameraservice.common@2.0.so,ELF32,ARM,,android.frameworks.cameraservice.common@2.0.so,libhidlbase.so;liblog.so;libutils.so;libcutils.so;libc++.so;libc.so;libm.so;libdl.so
system,/system/lib/android.frameworks.cameraservice.device@2.0.so,ELF32,ARM,,android.frameworks.cameraservice.device@2.0.so,android.frameworks.cameraservice.common@2.0.so;libhidlbase.so;liblog.so;libutils.so;libcutils.so;libc++.so;libc.so;libm.so;libdl.so
system,/system/lib/android.frameworks.cameraservice.device@2.1.so,ELF32,ARM,,android.frameworks.cameraservice.device@2.1.so,android.frameworks.cameraservice.common@2.0.so;android.frameworks.cameraservice.device@2.0.so;libhidlbase.so;liblog.so;libutils.so;libcutils.so;libc++.so;libc.so;libm.so;libdl.so
system,/system/lib/android.frameworks.cameraservice.service@2.0.so,ELF32,ARM,,android.frameworks.cameraservice.service@2.0.so,android.frameworks.cameraservice.common@2.0.so;android.frameworks.cameraservice.device@2.0.so;libhidlbase.so;liblog.so;libutils.so;libcutils.so;libc++.so;libc.so;libm.so;libdl.so
system,/system/lib/android.frameworks.cameraservice.service@2.1.so,ELF32,ARM,,android.frameworks.cameraservice.service@2.1.so,android.frameworks.cameraservice.common@2.0.so;android.frameworks.cameraservice.device@2.0.so;android.frameworks.cameraservice.service@2.0.so;libhidlbase.so;liblog.so;libutils.so;libcutils.so;libc++.so;libc.so;libm.so;libdl.so
system,/system/lib/android.frameworks.cameraservice.service@2.2.so,ELF32,ARM,,android.frameworks.cameraservice.service@2.2.so,android.frameworks.cameraservice.common@2.0.so;android.frameworks.cameraservice.device@2.0.so;android.frameworks.cameraservice.device@2.1.so;android.frameworks.cameraservice.service@2.0.so;android.frameworks.cameraservice.service@2.1.so;libhidlbase.so;liblog.so;libutils.so;libcutils.so;libc++.so;libc.so;libm.so;libdl.so
system,/system/lib/android.frameworks.displayservice@1.0.so,ELF32,ARM,,android.frameworks.displayservice@1.0.so,libhidlbase.so;liblog.so;libutils.so;libcutils.so;libc++.so;libc.so;libm.so;libdl.so
system,/system/lib/android.frameworks.schedulerservice@1.0.so,ELF32,ARM,,android.frameworks.schedulerservice@1.0.so,libhidlbase.so;liblog.so;libutils.so;libcutils.so;libc++.so;libc.so;libm.so;libdl.so
system,/system/lib/android.frameworks.sensorservice@1.0.so,ELF32,ARM,,android.frameworks.sensorservice@1.0.so,android.hardware.sensors@1.0.so;libhidlbase.so;liblog.so;libutils.so;libcutils.so;libc++.so;libc.so;libm.so;libdl.so
system,/system/lib/android.frameworks.stats-V1-ndk_platform.so,ELF32,ARM,,android.frameworks.stats-V1-ndk_platform.so,libbinder_ndk.so;libc++.so;libc.so;libm.so;libdl.so
system,/system/lib/android.frameworks.stats@1.0.so,ELF32,ARM,,android.frameworks.stats@1.0.so,libhidlbase.so;liblog.so;libutils.so;libcutils.so;libc++.so;libc.so;libm.so;libdl.so
system,/system/lib/android.hardware.atrace@1.0.so,ELF32,ARM,,android.hardware.atrace@1.0.so,libhidlbase.so;liblog.so;libutils.so;libcutils.so;libc++.so;libc.so;libm.so;libdl.so
system,/system/lib/android.hardware.audio.common-util.so,ELF32,ARM,,android.hardware.audio.common-util.so,liblog.so;libutils.so;libhidlbase.so;libc++.so;libc.so;libm.so;libdl.so
system,/system/lib/android.hardware.audio.common@2.0.so,ELF32,ARM,,android.hardware.audio.common@2.0.so,libhidlbase.so;liblog.so;libutils.so;libcutils.so;libc++.so;libc.so;libm.so;libdl.so
system,/system/lib/android.hardware.audio.common@4.0-util.so,ELF32,ARM,,android.hardware.audio.common@4.0-util.so,liblog.so;libutils.so;libhidlbase.so;android.hardware.audio.common-util.so;android.hardware.audio.common@4.0.so;libc++.so;libc.so;libm.so;libdl.so
system,/system/lib/android.hardware.audio.common@4.0.so,ELF32,ARM,,android.hardware.audio.common@4.0.so,libhidlbase.so;liblog.so;libutils.so;libcutils.so;libc++.so;libc.so;libm.so;libdl.so
system,/system/lib/android.hardware.audio.common@5.0-util.so,ELF32,ARM,,android.hardware.audio.common@5.0-util.so,liblog.so;libutils.so;libhidlbase.so;android.hardware.audio.common-util.so;android.hardware.audio.common@5.0.so;libc++.so;libc.so;libm.so;libdl.so
system,/system/lib/android.hardware.audio.common@5.0.so,ELF32,ARM,,android.hardware.audio.common@5.0.so,android.hidl.safe_union@1.0.so;libhidlbase.so;liblog.so;libutils.so;libcutils.so;libc++.so;libc.so;libm.so;libdl.so
system,/system/lib/android.hardware.audio.common@6.0-util.so,ELF32,ARM,,android.hardware.audio.common@6.0-util.so,liblog.so;libutils.so;libhidlbase.so;android.hardware.audio.common-util.so;android.hardware.audio.common@6.0.so;libc++.so;libc.so;libm.so;libdl.so
system,/system/lib/android.hardware.audio.common@6.0.so,ELF32,ARM,,android.hardware.audio.common@6.0.so,android.hidl.safe_union@1.0.so;libhidlbase.so;liblog.so;libutils.so;libcutils.so;libc++.so;libc.so;libm.so;libdl.so
system,/system/lib/android.hardware.audio.common@7.0-enums.so,ELF32,ARM,,android.hardware.audio.common@7.0-enums.so,libbase.so;liblog.so;libc++.so;libc.so;libm.so;libdl.so
system,/system/lib/android.hardware.audio.common@7.0-util.so,ELF32,ARM,,android.hardware.audio.common@7.0-util.so,liblog.so;libutils.so;libhidlbase.so;android.hardware.audio.common-util.so;android.hardware.audio.common@7.0.so;android.hardware.audio.common@7.0-enums.so;libbase.so;libc++.so;libc.so;libm.so;libdl.so
system,/system/lib/android.hardware.audio.common@7.0.so,ELF32,ARM,,android.hardware.audio.common@7.0.so,android.hidl.safe_union@1.0.so;libhidlbase.so;liblog.so;libutils.so;libcutils.so;libc++.so;libc.so;libm.so;libdl.so
system,/system/lib/android.hardware.audio.effect@4.0-util.so,ELF32,ARM,,android.hardware.audio.effect@4.0-util.so,liblog.so;libutils.so;libhidlbase.so;android.hardware.audio.common-util.so;android.hardware.audio.common@4.0.so;android.hardware.audio.common@4.0-util.so;android.hardware.audio.effect@4.0.so;libc++.so;libc.so;libm.so;libdl.so
system,/system/lib/android.hardware.audio.effect@4.0.so,ELF32,ARM,,android.hardware.audio.effect@4.0.so,android.hardware.audio.common@4.0.so;libhidlbase.so;liblog.so;libutils.so;libcutils.so;libc++.so;libc.so;libm.so;libdl.so
system,/system/lib/android.hardware.audio.effect@5.0-util.so,ELF32,ARM,,android.hardware.audio.effect@5.0-util.so,liblog.so;libutils.so;libhidlbase.so;android.hardware.audio.common-util.so;android.hardware.audio.common@5.0.so;android.hardware.audio.common@5.0-util.so;android.hardware.audio.effect@5.0.so;libc++.so;libc.so;libm.so;libdl.so
system,/system/lib/android.hardware.audio.effect@5.0.so,ELF32,ARM,,android.hardware.audio.effect@5.0.so,android.hardware.audio.common@5.0.so;android.hidl.safe_union@1.0.so;libhidlbase.so;liblog.so;libutils.so;libcutils.so;libc++.so;libc.so;libm.so;libdl.so
system,/system/lib/android.hardware.audio.effect@6.0-util.so,ELF32,ARM,,android.hardware.audio.effect@6.0-util.so,liblog.so;libutils.so;libhidlbase.so;android.hardware.audio.common-util.so;android.hardware.audio.common@6.0.so;android.hardware.audio.common@6.0-util.so;android.hardware.audio.effect@6.0.so;libc++.so;libc.so;libm.so;libdl.so
system,/system/lib/android.hardware.audio.effect@6.0.so,ELF32,ARM,,android.hardware.audio.effect@6.0.so,android.hardware.audio.common@6.0.so;android.hidl.safe_union@1.0.so;libhidlbase.so;liblog.so;libutils.so;libcutils.so;libc++.so;libc.so;libm.so;libdl.so
system,/system/lib/android.hardware.audio.effect@7.0-util.so,ELF32,ARM,,android.hardware.audio.effect@7.0-util.so,liblog.so;libutils.so;libhidlbase.so;android.hardware.audio.common-util.so;android.hardware.audio.common@7.0.so;android.hardware.audio.common@7.0-util.so;android.hardware.audio.effect@7.0.so;libc++.so;libc.so;libm.so;libdl.so
system,/system/lib/android.hardware.audio.effect@7.0.so,ELF32,ARM,,android.hardware.audio.effect@7.0.so,android.hardware.audio.common@7.0.so;android.hidl.safe_union@1.0.so;libhidlbase.so;liblog.so;libutils.so;libcutils.so;libc++.so;libc.so;libm.so;libdl.so
system,/system/lib/android.hardware.audio@4.0-util.so,ELF32,ARM,,android.hardware.audio@4.0-util.so,liblog.so;libutils.so;libhidlbase.so;android.hardware.audio.common-util.so;android.hardware.audio.common@4.0.so;android.hardware.audio.common@4.0-util.so;android.hardware.audio@4.0.so;libc++.so;libc.so;libm.so;libdl.so
system,/system/lib/android.hardware.audio@4.0.so,ELF32,ARM,,android.hardware.audio@4.0.so,android.hardware.audio.common@4.0.so;android.hardware.audio.effect@4.0.so;libhidlbase.so;liblog.so;libutils.so;libcutils.so;libc++.so;libc.so;libm.so;libdl.so
system,/system/lib/android.hardware.audio@5.0-util.so,ELF32,ARM,,android.hardware.audio@5.0-util.so,liblog.so;libutils.so;libhidlbase.so;android.hardware.audio.common-util.so;android.hardware.audio.common@5.0.so;android.hardware.audio.common@5.0-util.so;android.hardware.audio@5.0.so;libc++.so;libc.so;libm.so;libdl.so
system,/system/lib/android.hardware.audio@5.0.so,ELF32,ARM,,android.hardware.audio@5.0.so,android.hardware.audio.common@5.0.so;android.hardware.audio.effect@5.0.so;android.hidl.safe_union@1.0.so;libhidlbase.so;liblog.so;libutils.so;libcutils.so;libc++.so;libc.so;libm.so;libdl.so
system,/system/lib/android.hardware.audio@6.0-util.so,ELF32,ARM,,android.hardware.audio@6.0-util.so,liblog.so;libutils.so;libhidlbase.so;android.hardware.audio.common-util.so;android.hardware.audio.common@6.0.so;android.hardware.audio.common@6.0-util.so;android.hardware.audio@6.0.so;libc++.so;libc.so;libm.so;libdl.so
system,/system/lib/android.hardware.audio@6.0.so,ELF32,ARM,,android.hardware.audio@6.0.so,android.hardware.audio.common@6.0.so;android.hardware.audio.effect@6.0.so;android.hidl.safe_union@1.0.so;libhidlbase.so;liblog.so;libutils.so;libcutils.so;libc++.so;libc.so;libm.so;libdl.so
system,/system/lib/android.hardware.audio@7.0-util.so,ELF32,ARM,,android.hardware.audio@7.0-util.so,liblog.so;libutils.so;libhidlbase.so;android.hardware.audio.common-util.so;android.hardware.audio.common@7.0.so;android.hardware.audio.common@7.0-enums.so;android.hardware.audio.common@7.0-util.so;android.hardware.audio@7.0.so;libbase.so;libc++.so;libc.so;libm.so;libdl.so
system,/system/lib/android.hardware.audio@7.0.so,ELF32,ARM,,android.hardware.audio@7.0.so,android.hardware.audio.common@7.0.so;android.hardware.audio.effect@7.0.so;android.hidl.safe_union@1.0.so;libhidlbase.so;liblog.so;libutils.so;libcutils.so;libc++.so;libc.so;libm.so;libdl.so
system,/system/lib/android.hardware.bluetooth.a2dp@1.0.so,ELF32,ARM,,android.hardware.bluetooth.a2dp@1.0.so,libhidlbase.so;liblog.so;libutils.so;libcutils.so;libc++.so;libc.so;libm.so;libdl.so
system,/system/lib/android.hardware.bluetooth.audio@2.0.so,ELF32,ARM,,android.hardware.bluetooth.audio@2.0.so,android.hardware.audio.common@5.0.so;android.hidl.safe_union@1.0.so;libhidlbase.so;liblog.so;libutils.so;libcutils.so;libc++.so;libc.so;libm.so;libdl.so
system,/system/lib/android.hardware.bluetooth.audio@2.1.so,ELF32,ARM,,android.hardware.bluetooth.audio@2.1.so,android.hardware.audio.common@5.0.so;android.hardware.bluetooth.audio@2.0.so;android.hidl.safe_union@1.0.so;libhidlbase.so;liblog.so;libutils.so;libcutils.so;libc++.so;libc.so;libm.so;libdl.so
system,/system/lib/android.hardware.bluetooth@1.0.so,ELF32,ARM,,android.hardware.bluetooth@1.0.so,libhidlbase.so;liblog.so;libutils.so;libcutils.so;libc++.so;libc.so;libm.so;libdl.so
system,/system/lib/android.hardware.bluetooth@1.1.so,ELF32,ARM,,android.hardware.bluetooth@1.1.so,android.hardware.bluetooth@1.0.so;libhidlbase.so;liblog.so;libutils.so;libcutils.so;libc++.so;libc.so;libm.so;libdl.so
system,/system/lib/android.hardware.boot@1.0.so,ELF32,ARM,,android.hardware.boot@1.0.so,libhidlbase.so;liblog.so;libutils.so;libcutils.so;libc++.so;libc.so;libm.so;libdl.so
system,/system/lib/android.hardware.boot@1.1.so,ELF32,ARM,,android.hardware.boot@1.1.so,android.hardware.boot@1.0.so;libhidlbase.so;liblog.so;libutils.so;libcutils.so;libc++.so;libc.so;libm.so;libdl.so
system,/system/lib/android.hardware.boot@1.2.so,ELF32,ARM,,android.hardware.boot@1.2.so,android.hardware.boot@1.0.so;android.hardware.boot@1.1.so;libhidlbase.so;liblog.so;libutils.so;libcutils.so;libc++.so;libc.so;libm.so;libdl.so
system,/system/lib/android.hardware.broadcastradio@1.0.so,ELF32,ARM,,android.hardware.broadcastradio@1.0.so,libhidlbase.so;liblog.so;libutils.so;libcutils.so;libc++.so;libc.so;libm.so;libdl.so
system,/system/lib/android.hardware.broadcastradio@1.1.so,ELF32,ARM,,android.hardware.broadcastradio@1.1.so,android.hardware.broadcastradio@1.0.so;libhidlbase.so;liblog.so;libutils.so;libcutils.so;libc++.so;libc.so;libm.so;libdl.so
system,/system/lib/android.hardware.camera.common@1.0.so,ELF32,ARM,,android.hardware.camera.common@1.0.so,libhidlbase.so;liblog.so;libutils.so;libcutils.so;libc++.so;libc.so;libm.so;libdl.so
system,/system/lib/android.hardware.camera.device@1.0.so,ELF32,ARM,,android.hardware.camera.device@1.0.so,android.hardware.camera.common@1.0.so;android.hardware.graphics.common@1.0.so;libhidlbase.so;liblog.so;libutils.so;libcutils.so;libc++.so;libc.so;libm.so;libdl.so
system,/system/lib/android.hardware.camera.device@3.2.so,ELF32,ARM,,android.hardware.camera.device@3.2.so,android.hardware.camera.common@1.0.so;android.hardware.graphics.common@1.0.so;libhidlbase.so;liblog.so;libutils.so;libcutils.so;libc++.so;libc.so;libm.so;libdl.so
system,/system/lib/android.hardware.camera.device@3.3.so,ELF32,ARM,,android.hardware.camera.device@3.3.so,android.hardware.camera.common@1.0.so;android.hardware.camera.device@3.2.so;android.hardware.graphics.common@1.0.so;libhidlbase.so;liblog.so;libutils.so;libcutils.so;libc++.so;libc.so;libm.so;libdl.so
system,/system/lib/android.hardware.camera.device@3.4.so,ELF32,ARM,,android.hardware.camera.device@3.4.so,android.hardware.camera.common@1.0.so;android.hardware.camera.device@3.2.so;android.hardware.camera.device@3.3.so;android.hardware.graphics.common@1.0.so;libhidlbase.so;liblog.so;libutils.so;libcutils.so;libc++.so;libc.so;libm.so;libdl.so
system,/system/lib/android.hardware.camera.device@3.5.so,ELF32,ARM,,android.hardware.camera.device@3.5.so,android.hardware.camera.common@1.0.so;android.hardware.camera.device@3.2.so;android.hardware.camera.device@3.3.so;android.hardware.camera.device@3.4.so;android.hardware.graphics.common@1.0.so;libhidlbase.so;liblog.so;libutils.so;libcutils.so;libc++.so;libc.so;libm.so;libdl.so
system,/system/lib/android.hardware.camera.device@3.6.so,ELF32,ARM,,android.hardware.camera.device@3.6.so,android.hardware.camera.common@1.0.so;android.hardware.camera.device@3.2.so;android.hardware.camera.device@3.3.so;android.hardware.camera.device@3.4.so;android.hardware.camera.device@3.5.so;android.hardware.graphics.common@1.0.so;libhidlbase.so;liblog.so;libutils.so;libcutils.so;libc++.so;libc.so;libm.so;libdl.so
system,/system/lib/android.hardware.camera.device@3.7.so,ELF32,ARM,,android.hardware.camera.device@3.7.so,android.hardware.camera.common@1.0.so;android.hardware.camera.device@3.2.so;android.hardware.camera.device@3.3.so;android.hardware.camera.device@3.4.so;android.hardware.camera.device@3.5.so;android.hardware.camera.device@3.6.so;android.hardware.camera.metadata@3.2.so;android.hardware.camera.metadata@3.3.so;android.hardware.camera.metadata@3.4.so;android.hardware.camera.metadata@3.5.so;android.hardware.camera.metadata@3.6.so;android.hardware.graphics.common@1.0.so;libhidlbase.so;liblog.so;libutils.so;libcutils.so;libc++.so;libc.so;libm.so;libdl.so
system,/system/lib/android.hardware.camera.metadata@3.2.so,ELF32,ARM,,android.hardware.camera.metadata@3.2.so,libhidlbase.so;liblog.so;libutils.so;libcutils.so;libc++.so;libc.so;libm.so;libdl.so
system,/system/lib/android.hardware.camera.metadata@3.3.so,ELF32,ARM,,android.hardware.camera.metadata@3.3.so,android.hardware.camera.metadata@3.2.so;libhidlbase.so;liblog.so;libutils.so;libcutils.so;libc++.so;libc.so;libm.so;libdl.so
system,/system/lib/android.hardware.camera.metadata@3.4.so,ELF32,ARM,,android.hardware.camera.metadata@3.4.so,android.hardware.camera.metadata@3.2.so;android.hardware.camera.metadata@3.3.so;libhidlbase.so;liblog.so;libutils.so;libcutils.so;libc++.so;libc.so;libm.so;libdl.so
system,/system/lib/android.hardware.camera.metadata@3.5.so,ELF32,ARM,,android.hardware.camera.metadata@3.5.so,android.hardware.camera.metadata@3.2.so;android.hardware.camera.metadata@3.3.so;android.hardware.camera.metadata@3.4.so;libhidlbase.so;liblog.so;libutils.so;libcutils.so;libc++.so;libc.so;libm.so;libdl.so
system,/system/lib/android.hardware.camera.metadata@3.6.so,ELF32,ARM,,android.hardware.camera.metadata@3.6.so,android.hardware.camera.metadata@3.2.so;android.hardware.camera.metadata@3.3.so;android.hardware.camera.metadata@3.4.so;android.hardware.camera.metadata@3.5.so;libhidlbase.so;liblog.so;libutils.so;libcutils.so;libc++.so;libc.so;libm.so;libdl.so
system,/system/lib/android.hardware.camera.provider@2.4.so,ELF32,ARM,,android.hardware.camera.provider@2.4.so,android.hardware.camera.common@1.0.so;android.hardware.camera.device@1.0.so;android.hardware.camera.device@3.2.so;libhidlbase.so;liblog.so;libutils.so;libcutils.so;libc++.so;libc.so;libm.so;libdl.so
system,/system/lib/android.hardware.camera.provider@2.5.so,ELF32,ARM,,android.hardware.camera.provider@2.5.so,android.hardware.camera.common@1.0.so;android.hardware.camera.device@1.0.so;android.hardware.camera.device@3.2.so;android.hardware.camera.provider@2.4.so;libhidlbase.so;liblog.so;libutils.so;libcutils.so;libc++.so;libc.so;libm.so;libdl.so
system,/system/lib/android.hardware.camera.provider@2.6.so,ELF32,ARM,,android.hardware.camera.provider@2.6.so,android.hardware.camera.common@1.0.so;android.hardware.camera.device@1.0.so;android.hardware.camera.device@3.2.so;android.hardware.camera.device@3.3.so;android.hardware.camera.device@3.4.so;android.hardware.camera.provider@2.4.so;android.hardware.camera.provider@2.5.so;android.hardware.graphics.common@1.0.so;libhidlbase.so;liblog.so;libutils.so;libcutils.so;libc++.so;libc.so;libm.so;libdl.so
system,/system/lib/android.hardware.camera.provider@2.7.so,ELF32,ARM,,android.hardware.camera.provider@2.7.so,android.hardware.camera.common@1.0.so;android.hardware.camera.device@1.0.so;android.hardware.camera.device@3.2.so;android.hardware.camera.device@3.3.so;android.hardware.camera.device@3.4.so;android.hardware.camera.device@3.5.so;android.hardware.camera.device@3.6.so;android.hardware.camera.device@3.7.so;android.hardware.camera.provider@2.4.so;android.hardware.camera.provider@2.5.so;android.hardware.camera.provider@2.6.so;android.hardware.graphics.common@1.0.so;libhidlbase.so;liblog.so;libutils.so;libcutils.so;libc++.so;libc.so;libm.so;libdl.so
system,/system/lib/android.hardware.cas.native@1.0.so,ELF32,ARM,,android.hardware.cas.native@1.0.so,android.hardware.cas@1.0.so;libhidlbase.so;liblog.so;libutils.so;libcutils.so;libc++.so;libc.so;libm.so;libdl.so
system,/system/lib/android.hardware.cas@1.0.so,ELF32,ARM,,android.hardware.cas@1.0.so,libhidlbase.so;liblog.so;libutils.so;libcutils.so;libc++.so;libc.so;libm.so;libdl.so
system,/system/lib/android.hardware.common-V2-ndk_platform.so,ELF32,ARM,,android.hardware.common-V2-ndk_platform.so,libbinder_ndk.so;libc++.so;libc.so;libm.so;libdl.so
system,/system/lib/android.hardware.configstore-utils.so,ELF32,ARM,,android.hardware.configstore-utils.so,android.hardware.configstore@1.0.so;android.hardware.configstore@1.1.so;libbase.so;libhidlbase.so;libc++.so;libc.so;libm.so;libdl.so
system,/system/lib/android.hardware.configstore@1.0.so,ELF32,ARM,,android.hardware.configstore@1.0.so,libhidlbase.so;liblog.so;libutils.so;libcutils.so;libc++.so;libc.so;libm.so;libdl.so
system,/system/lib/android.hardware.configstore@1.1.so,ELF32,ARM,,android.hardware.configstore@1.1.so,android.hardware.configstore@1.0.so;libhidlbase.so;liblog.so;libutils.so;libcutils.so;libc++.so;libc.so;libm.so;libdl.so
system,/system/lib/android.hardware.confirmationui@1.0.so,ELF32,ARM,,android.hardware.confirmationui@1.0.so,android.hardware.keymaster@4.0.so;libhidlbase.so;liblog.so;libutils.so;libcutils.so;libc++.so;libc.so;libm.so;libdl.so
system,/system/lib/android.hardware.contexthub@1.0.so,ELF32,ARM,,android.hardware.contexthub@1.0.so,libhidlbase.so;liblog.so;libutils.so;libcutils.so;libc++.so;libc.so;libm.so;libdl.so
system,/system/lib/android.hardware.drm@1.0.so,ELF32,ARM,,android.hardware.drm@1.0.so,libhidlbase.so;liblog.so;libutils.so;libcutils.so;libc++.so;libc.so;libm.so;libdl.so
system,/system/lib/android.hardware.drm@1.1.so,ELF32,ARM,,android.hardware.drm@1.1.so,android.hardware.drm@1.0.so;libhidlbase.so;liblog.so;libutils.so;libcutils.so;libc++.so;libc.so;libm.so;libdl.so
system,/system/lib/android.hardware.drm@1.2.so,ELF32,ARM,,android.hardware.drm@1.2.so,android.hardware.drm@1.0.so;android.hardware.drm@1.1.so;libhidlbase.so;liblog.so;libutils.so;libcutils.so;libc++.so;libc.so;libm.so;libdl.so
system,/system/lib/android.hardware.drm@1.3.so,ELF32,ARM,,android.hardware.drm@1.3.so,android.hardware.drm@1.0.so;android.hardware.drm@1.1.so;android.hardware.drm@1.2.so;libhidlbase.so;liblog.so;libutils.so;libcutils.so;libc++.so;libc.so;libm.so;libdl.so
system,/system/lib/android.hardware.drm@1.4.so,ELF32,ARM,,android.hardware.drm@1.4.so,android.hardware.drm@1.0.so;android.hardware.drm@1.1.so;android.hardware.drm@1.2.so;android.hardware.drm@1.3.so;libhidlbase.so;liblog.so;libutils.so;libcutils.so;libc++.so;libc.so;libm.so;libdl.so
system,/system/lib/android.hardware.dumpstate@1.0.so,ELF32,ARM,,android.hardware.dumpstate@1.0.so,libhidlbase.so;liblog.so;libutils.so;libcutils.so;libc++.so;libc.so;libm.so;libdl.so
system,/system/lib/android.hardware.dumpstate@1.1.so,ELF32,ARM,,android.hardware.dumpstate@1.1.so,android.hardware.dumpstate@1.0.so;libhidlbase.so;liblog.so;libutils.so;libcutils.so;libc++.so;libc.so;libm.so;libdl.so
system,/system/lib/android.hardware.gatekeeper@1.0.so,ELF32,ARM,,android.hardware.gatekeeper@1.0.so,libhidlbase.so;liblog.so;libutils.so;libcutils.so;libc++.so;libc.so;libm.so;libdl.so
system,/system/lib/android.hardware.gnss-V1-cpp.so,ELF32,ARM,,android.hardware.gnss-V1-cpp.so,libbinder.so;libutils.so;libc++.so;libc.so;libm.so;libdl.so
system,/system/lib/android.hardware.gnss.measurement_corrections@1.0.so,ELF32,ARM,,android.hardware.gnss.measurement_corrections@1.0.so,android.hardware.gnss@1.0.so;libhidlbase.so;liblog.so;libutils.so;libcutils.so;libc++.so;libc.so;libm.so;libdl.so
system,/system/lib/android.hardware.gnss.measurement_corrections@1.1.so,ELF32,ARM,,android.hardware.gnss.measurement_corrections@1.1.so,android.hardware.gnss.measurement_corrections@1.0.so;android.hardware.gnss@1.0.so;android.hardware.gnss@2.0.so;libhidlbase.so;liblog.so;libutils.so;libcutils.so;libc++.so;libc.so;libm.so;libdl.so
system,/system/lib/android.hardware.gnss.visibility_control@1.0.so,ELF32,ARM,,android.hardware.gnss.visibility_control@1.0.so,libhidlbase.so;liblog.so;libutils.so;libcutils.so;libc++.so;libc.so;libm.so;libdl.so
system,/system/lib/android.hardware.gnss@1.0.so,ELF32,ARM,,android.hardware.gnss@1.0.so,libhidlbase.so;liblog.so;libutils.so;libcutils.so;libc++.so;libc.so;libm.so;libdl.so
system,/system/lib/android.hardware.gnss@1.1.so,ELF32,ARM,,android.hardware.gnss@1.1.so,android.hardware.gnss@1.0.so;libhidlbase.so;liblog.so;libutils.so;libcutils.so;libc++.so;libc.so;libm.so;libdl.so
system,/system/lib/android.hardware.gnss@2.0.so,ELF32,ARM,,android.hardware.gnss@2.0.so,android.hardware.gnss.measurement_corrections@1.0.so;android.hardware.gnss.visibility_control@1.0.so;android.hardware.gnss@1.0.so;android.hardware.gnss@1.1.so;libhidlbase.so;liblog.so;libutils.so;libcutils.so;libc++.so;libc.so;libm.so;libdl.so
system,/system/lib/android.hardware.gnss@2.1.so,ELF32,ARM,,android.hardware.gnss@2.1.so,android.hardware.gnss.measurement_corrections@1.0.so;android.hardware.gnss.measurement_corrections@1.1.so;android.hardware.gnss.visibility_control@1.0.so;android.hardware.gnss@1.0.so;android.hardware.gnss@1.1.so;android.hardware.gnss@2.0.so;libhidlbase.so;liblog.so;libutils.so;libcutils.so;libc++.so;libc.so;libm.so;libdl.so
system,/system/lib/android.hardware.graphics.allocator@2.0.so,ELF32,ARM,,android.hardware.graphics.allocator@2.0.so,android.hardware.graphics.common@1.0.so;android.hardware.graphics.mapper@2.0.so;libhidlbase.so;liblog.so;libutils.so;libcutils.so;libc++.so;libc.so;libm.so;libdl.so
system,/system/lib/android.hardware.graphics.allocator@3.0.so,ELF32,ARM,,android.hardware.graphics.allocator@3.0.so,android.hardware.graphics.common@1.0.so;android.hardware.graphics.common@1.1.so;android.hardware.graphics.common@1.2.so;android.hardware.graphics.mapper@3.0.so;libhidlbase.so;liblog.so;libutils.so;libcutils.so;libc++.so;libc.so;libm.so;libdl.so
system,/system/lib/android.hardware.graphics.allocator@4.0.so,ELF32,ARM,,android.hardware.graphics.allocator@4.0.so,android.hardware.graphics.common@1.0.so;android.hardware.graphics.common@1.1.so;android.hardware.graphics.common@1.2.so;android.hardware.graphics.mapper@4.0.so;libhidlbase.so;liblog.so;libutils.so;libcutils.so;libc++.so;libc.so;libm.so;libdl.so
system,/system/lib/android.hardware.graphics.bufferqueue@1.0.so,ELF32,ARM,,android.hardware.graphics.bufferqueue@1.0.so,android.hardware.graphics.common@1.0.so;android.hardware.media@1.0.so;libhidlbase.so;liblog.so;libutils.so;libcutils.so;libc++.so;libc.so;libm.so;libdl.so
system,/system/lib/android.hardware.graphics.bufferqueue@2.0.so,ELF32,ARM,,android.hardware.graphics.bufferqueue@2.0.so,android.hardware.graphics.common@1.0.so;android.hardware.graphics.common@1.1.so;android.hardware.graphics.common@1.2.so;libhidlbase.so;liblog.so;libutils.so;libcutils.so;libc++.so;libc.so;libm.so;libdl.so
system,/system/lib/android.hardware.graphics.common-V2-ndk_platform.so,ELF32,ARM,,android.hardware.graphics.common-V2-ndk_platform.so,libbinder_ndk.so;android.hardware.common-V2-ndk_platform.so;libc++.so;libc.so;libm.so;libdl.so
system,/system/lib/android.hardware.graphics.common@1.0.so,ELF32,ARM,,android.hardware.graphics.common@1.0.so,libhidlbase.so;liblog.so;libutils.so;libcutils.so;libc++.so;libc.so;libm.so;libdl.so
system,/system/lib/android.hardware.graphics.common@1.1.so,ELF32,ARM,,android.hardware.graphics.common@1.1.so,android.hardware.graphics.common@1.0.so;libhidlbase.so;liblog.so;libutils.so;libcutils.so;libc++.so;libc.so;libm.so;libdl.so
system,/system/lib/android.hardware.graphics.common@1.2.so,ELF32,ARM,,android.hardware.graphics.common@1.2.so,android.hardware.graphics.common@1.0.so;android.hardware.graphics.common@1.1.so;libhidlbase.so;liblog.so;libutils.so;libcutils.so;libc++.so;libc.so;libm.so;libdl.so
system,/system/lib/android.hardware.graphics.composer@2.1.so,ELF32,ARM,,android.hardware.graphics.composer@2.1.so,android.hardware.graphics.common@1.0.so;libhidlbase.so;liblog.so;libutils.so;libcutils.so;libc++.so;libc.so;libm.so;libdl.so
system,/system/lib/android.hardware.graphics.composer@2.2.so,ELF32,ARM,,android.hardware.graphics.composer@2.2.so,android.hardware.graphics.common@1.0.so;android.hardware.graphics.common@1.1.so;android.hardware.graphics.composer@2.1.so;libhidlbase.so;liblog.so;libutils.so;libcutils.so;libc++.so;libc.so;libm.so;libdl.so
system,/system/lib/android.hardware.graphics.composer@2.3.so,ELF32,ARM,,android.hardware.graphics.composer@2.3.so,android.hardware.graphics.common@1.0.so;android.hardware.graphics.common@1.1.so;android.hardware.graphics.common@1.2.so;android.hardware.graphics.composer@2.1.so;android.hardware.graphics.composer@2.2.so;libhidlbase.so;liblog.so;libutils.so;libcutils.so;libc++.so;libc.so;libm.so;libdl.so
system,/system/lib/android.hardware.graphics.composer@2.4.so,ELF32,ARM,,android.hardware.graphics.composer@2.4.so,android.hardware.graphics.common@1.0.so;android.hardware.graphics.common@1.1.so;android.hardware.graphics.common@1.2.so;android.hardware.graphics.composer@2.1.so;android.hardware.graphics.composer@2.2.so;android.hardware.graphics.composer@2.3.so;libhidlbase.so;liblog.so;libutils.so;libcutils.so;libc++.so;libc.so;libm.so;libdl.so
system,/system/lib/android.hardware.graphics.mapper@2.0.so,ELF32,ARM,,android.hardware.graphics.mapper@2.0.so,android.hardware.graphics.common@1.0.so;libhidlbase.so;liblog.so;libutils.so;libcutils.so;libc++.so;libc.so;libm.so;libdl.so
system,/system/lib/android.hardware.graphics.mapper@2.1.so,ELF32,ARM,,android.hardware.graphics.mapper@2.1.so,android.hardware.graphics.common@1.0.so;android.hardware.graphics.common@1.1.so;android.hardware.graphics.mapper@2.0.so;libhidlbase.so;liblog.so;libutils.so;libcutils.so;libc++.so;libc.so;libm.so;libdl.so
system,/system/lib/android.hardware.graphics.mapper@3.0.so,ELF32,ARM,,android.hardware.graphics.mapper@3.0.so,android.hardware.graphics.common@1.0.so;android.hardware.graphics.common@1.1.so;android.hardware.graphics.common@1.2.so;libhidlbase.so;liblog.so;libutils.so;libcutils.so;libc++.so;libc.so;libm.so;libdl.so
system,/system/lib/android.hardware.graphics.mapper@4.0.so,ELF32,ARM,,android.hardware.graphics.mapper@4.0.so,android.hardware.graphics.common@1.0.so;android.hardware.graphics.common@1.1.so;android.hardware.graphics.common@1.2.so;libhidlbase.so;liblog.so;libutils.so;libcutils.so;libc++.so;libc.so;libm.so;libdl.so
system,/system/lib/android.hardware.health.storage-V1-ndk_platform.so,ELF32,ARM,,android.hardware.health.storage-V1-ndk_platform.so,libbinder_ndk.so;libc++.so;libc.so;libm.so;libdl.so
system,/system/lib/android.hardware.health.storage@1.0.so,ELF32,ARM,,android.hardware.health.storage@1.0.so,libhidlbase.so;liblog.so;libutils.so;libcutils.so;libc++.so;libc.so;libm.so;libdl.so
system,/system/lib/android.hardware.health@1.0.so,ELF32,ARM,,android.hardware.health@1.0.so,libhidlbase.so;liblog.so;libutils.so;libcutils.so;libc++.so;libc.so;libm.so;libdl.so
system,/system/lib/android.hardware.health@2.0.so,ELF32,ARM,,android.hardware.health@2.0.so,android.hardware.health@1.0.so;libhidlbase.so;liblog.so;libutils.so;libcutils.so;libc++.so;libc.so;libm.so;libdl.so
system,/system/lib/android.hardware.health@2.1.so,ELF32,ARM,,android.hardware.health@2.1.so,android.hardware.health@1.0.so;android.hardware.health@2.0.so;libhidlbase.so;liblog.so;libutils.so;libcutils.so;libc++.so;libc.so;libm.so;libdl.so
system,/system/lib/android.hardware.identity-support-lib.so,ELF32,ARM,,android.hardware.identity-support-lib.so,android.hardware.keymaster@4.0.so;libcrypto.so;libbase.so;libcppcose_rkp.so;libhidlbase.so;libhardware.so;libkeymaster_portable.so;libsoft_attestation_cert.so;libpuresoftkeymasterdevice.so;libc++.so;libc.so;libm.so;libdl.so
system,/system/lib/android.hardware.input.classifier@1.0.so,ELF32,ARM,,android.hardware.input.classifier@1.0.so,android.hardware.input.common@1.0.so;libhidlbase.so;liblog.so;libutils.so;libcutils.so;libc++.so;libc.so;libm.so;libdl.so
system,/system/lib/android.hardware.input.common@1.0.so,ELF32,ARM,,android.hardware.input.common@1.0.so,libhidlbase.so;liblog.so;libutils.so;libcutils.so;libc++.so;libc.so;libm.so;libdl.so
system,/system/lib/android.hardware.ir@1.0.so,ELF32,ARM,,android.hardware.ir@1.0.so,libhidlbase.so;liblog.so;libutils.so;libcutils.so;libc++.so;libc.so;libm.so;libdl.so
system,/system/lib/android.hardware.keymaster@3.0.so,ELF32,ARM,,android.hardware.keymaster@3.0.so,libhidlbase.so;liblog.so;libutils.so;libcutils.so;libc++.so;libc.so;libm.so;libdl.so
system,/system/lib/android.hardware.keymaster@4.0.so,ELF32,ARM,,android.hardware.keymaster@4.0.so,android.hardware.keymaster@3.0.so;libhidlbase.so;liblog.so;libutils.so;libcutils.so;libc++.so;libc.so;libm.so;libdl.so
system,/system/lib/android.hardware.keymaster@4.1.so,ELF32,ARM,,android.hardware.keymaster@4.1.so,android.hardware.keymaster@3.0.so;android.hardware.keymaster@4.0.so;libhidlbase.so;liblog.so;libutils.so;libcutils.so;libc++.so;libc.so;libm.so;libdl.so
system,/system/lib/android.hardware.light@2.0.so,ELF32,ARM,,android.hardware.light@2.0.so,libhidlbase.so;liblog.so;libutils.so;libcutils.so;libc++.so;libc.so;libm.so;libdl.so
system,/system/lib/android.hardware.media.bufferpool@2.0.so,ELF32,ARM,,android.hardware.media.bufferpool@2.0.so,libhidlbase.so;liblog.so;libutils.so;libcutils.so;libc++.so;libc.so;libm.so;libdl.so
system,/system/lib/android.hardware.media.c2@1.0.so,ELF32,ARM,,android.hardware.media.c2@1.0.so,android.hardware.graphics.bufferqueue@1.0.so;android.hardware.graphics.bufferqueue@2.0.so;android.hardware.graphics.common@1.0.so;android.hardware.graphics.common@1.1.so;android.hardware.graphics.common@1.2.so;android.hardware.media.bufferpool@2.0.so;android.hardware.media.omx@1.0.so;android.hardware.media@1.0.so;android.hidl.safe_union@1.0.so;libhidlbase.so;liblog.so;libutils.so;libcutils.so;libc++.so;libc.so;libm.so;libdl.so
system,/system/lib/android.hardware.media.c2@1.1.so,ELF32,ARM,,android.hardware.media.c2@1.1.so,android.hardware.graphics.bufferqueue@1.0.so;android.hardware.graphics.bufferqueue@2.0.so;android.hardware.graphics.common@1.0.so;android.hardware.graphics.common@1.1.so;android.hardware.graphics.common@1.2.so;android.hardware.media.bufferpool@2.0.so;android.hardware.media.c2@1.0.so;android.hardware.media.omx@1.0.so;android.hardware.media@1.0.so;android.hidl.safe_union@1.0.so;libhidlbase.so;liblog.so;libutils.so;libcutils.so;libc++.so;libc.so;libm.so;libdl.so
system,/system/lib/android.hardware.media.c2@1.2.so,ELF32,ARM,,android.hardware.media.c2@1.2.so,android.hardware.graphics.bufferqueue@1.0.so;android.hardware.graphics.bufferqueue@2.0.so;android.hardware.graphics.common@1.0.so;android.hardware.graphics.common@1.1.so;android.hardware.graphics.common@1.2.so;android.hardware.media.bufferpool@2.0.so;android.hardware.media.c2@1.0.so;android.hardware.media.c2@1.1.so;android.hardware.media.omx@1.0.so;android.hardware.media@1.0.so;android.hidl.safe_union@1.0.so;libhidlbase.so;liblog.so;libutils.so;libcutils.so;libc++.so;libc.so;libm.so;libdl.so
system,/system/lib/android.hardware.media.omx@1.0.so,ELF32,ARM,,android.hardware.media.omx@1.0.so,android.hardware.graphics.bufferqueue@1.0.so;android.hardware.graphics.common@1.0.so;android.hardware.media@1.0.so;libhidlbase.so;liblog.so;libutils.so;libcutils.so;libc++.so;libc.so;libm.so;libdl.so
system,/system/lib/android.hardware.media@1.0.so,ELF32,ARM,,android.hardware.media@1.0.so,android.hardware.graphics.common@1.0.so;libhidlbase.so;liblog.so;libutils.so;libcutils.so;libc++.so;libc.so;libm.so;libdl.so
system,/system/lib/android.hardware.memtrack-V1-ndk_platform.so,ELF32,ARM,,android.hardware.memtrack-V1-ndk_platform.so,libbinder_ndk.so;libc++.so;libc.so;libm.so;libdl.so
system,/system/lib/android.hardware.memtrack@1.0.so,ELF32,ARM,,android.hardware.memtrack@1.0.so,libhidlbase.so;liblog.so;libutils.so;libcutils.so;libc++.so;libc.so;libm.so;libdl.so
system,/system/lib/android.hardware.nfc@1.0.so,ELF32,ARM,,android.hardware.nfc@1.0.so,libhidlbase.so;liblog.so;libutils.so;libcutils.so;libc++.so;libc.so;libm.so;libdl.so
system,/system/lib/android.hardware.nfc@1.1.so,ELF32,ARM,,android.hardware.nfc@1.1.so,android.hardware.nfc@1.0.so;libhidlbase.so;liblog.so;libutils.so;libcutils.so;libc++.so;libc.so;libm.so;libdl.so
system,/system/lib/android.hardware.nfc@1.2.so,ELF32,ARM,,android.hardware.nfc@1.2.so,android.hardware.nfc@1.0.so;android.hardware.nfc@1.1.so;libhidlbase.so;liblog.so;libutils.so;libcutils.so;libc++.so;libc.so;libm.so;libdl.so
system,/system/lib/android.hardware.power-V1-cpp.so,ELF32,ARM,,android.hardware.power-V1-cpp.so,libbinder.so;libutils.so;libc++.so;libc.so;libm.so;libdl.so
system,/system/lib/android.hardware.power-V2-cpp.so,ELF32,ARM,,android.hardware.power-V2-cpp.so,libbinder.so;libutils.so;libc++.so;libc.so;libm.so;libdl.so
system,/system/lib/android.hardware.power.stats-V1-cpp.so,ELF32,ARM,,android.hardware.power.stats-V1-cpp.so,libbinder.so;libutils.so;libc++.so;libc.so;libm.so;libdl.so
system,/system/lib/android.hardware.power.stats-V1-ndk_platform.so,ELF32,ARM,,android.hardware.power.stats-V1-ndk_platform.so,libbinder_ndk.so;libc++.so;libc.so;libm.so;libdl.so
system,/system/lib/android.hardware.power.stats@1.0.so,ELF32,ARM,,android.hardware.power.stats@1.0.so,libhidlbase.so;liblog.so;libutils.so;libcutils.so;libc++.so;libc.so;libm.so;libdl.so
system,/system/lib/android.hardware.power@1.0.so,ELF32,ARM,,android.hardware.power@1.0.so,libhidlbase.so;liblog.so;libutils.so;libcutils.so;libc++.so;libc.so;libm.so;libdl.so
system,/system/lib/android.hardware.power@1.1.so,ELF32,ARM,,android.hardware.power@1.1.so,android.hardware.power@1.0.so;libhidlbase.so;liblog.so;libutils.so;libcutils.so;libc++.so;libc.so;libm.so;libdl.so
system,/system/lib/android.hardware.power@1.2.so,ELF32,ARM,,android.hardware.power@1.2.so,android.hardware.power@1.0.so;android.hardware.power@1.1.so;libhidlbase.so;liblog.so;libutils.so;libcutils.so;libc++.so;libc.so;libm.so;libdl.so
system,/system/lib/android.hardware.power@1.3.so,ELF32,ARM,,android.hardware.power@1.3.so,android.hardware.power@1.0.so;android.hardware.power@1.1.so;android.hardware.power@1.2.so;libhidlbase.so;liblog.so;libutils.so;libcutils.so;libc++.so;libc.so;libm.so;libdl.so
system,/system/lib/android.hardware.radio.config@1.0.so,ELF32,ARM,,android.hardware.radio.config@1.0.so,android.hardware.radio@1.0.so;libhidlbase.so;liblog.so;libutils.so;libcutils.so;libc++.so;libc.so;libm.so;libdl.so
system,/system/lib/android.hardware.radio@1.0.so,ELF32,ARM,,android.hardware.radio@1.0.so,libhidlbase.so;liblog.so;libutils.so;libcutils.so;libc++.so;libc.so;libm.so;libdl.so
system,/system/lib/android.hardware.radio@1.1.so,ELF32,ARM,,android.hardware.radio@1.1.so,android.hardware.radio@1.0.so;libhidlbase.so;liblog.so;libutils.so;libcutils.so;libc++.so;libc.so;libm.so;libdl.so
system,/system/lib/android.hardware.radio@1.2.so,ELF32,ARM,,android.hardware.radio@1.2.so,android.hardware.radio@1.0.so;android.hardware.radio@1.1.so;libhidlbase.so;liblog.so;libutils.so;libcutils.so;libc++.so;libc.so;libm.so;libdl.so
system,/system/lib/android.hardware.radio@1.3.so,ELF32,ARM,,android.hardware.radio@1.3.so,android.hardware.radio@1.0.so;android.hardware.radio@1.1.so;android.hardware.radio@1.2.so;libhidlbase.so;liblog.so;libutils.so;libcutils.so;libc++.so;libc.so;libm.so;libdl.so
system,/system/lib/android.hardware.radio@1.4.so,ELF32,ARM,,android.hardware.radio@1.4.so,android.hardware.radio@1.0.so;android.hardware.radio@1.1.so;android.hardware.radio@1.2.so;android.hardware.radio@1.3.so;android.hidl.safe_union@1.0.so;libhidlbase.so;liblog.so;libutils.so;libcutils.so;libc++.so;libc.so;libm.so;libdl.so
system,/system/lib/android.hardware.radio@1.6.so,ELF32,ARM,,android.hardware.radio@1.6.so,android.hardware.radio@1.0.so;android.hardware.radio@1.1.so;android.hardware.radio@1.2.so;android.hardware.radio@1.3.so;android.hardware.radio@1.4.so;android.hardware.radio@1.5.so;android.hidl.safe_union@1.0.so;libhidlbase.so;liblog.so;libutils.so;libcutils.so;libc++.so;libc.so;libm.so;libdl.so
system,/system/lib/android.hardware.renderscript@1.0.so,ELF32,ARM,,android.hardware.renderscript@1.0.so,libhidlbase.so;liblog.so;libutils.so;libcutils.so;libc++.so;libc.so;libm.so;libdl.so
system,/system/lib/android.hardware.security.keymint-V1-cpp.so,ELF32,ARM,,android.hardware.security.keymint-V1-cpp.so,libbinder.so;libutils.so;android.hardware.security.secureclock-V1-cpp.so;libc++.so;libc.so;libm.so;libdl.so
system,/system/lib/android.hardware.security.keymint-V1-ndk_platform.so,ELF32,ARM,,android.hardware.security.keymint-V1-ndk_platform.so,libbinder_ndk.so;android.hardware.security.secureclock-V1-ndk_platform.so;libc++.so;libc.so;libm.so;libdl.so
system,/system/lib/android.hardware.security.secureclock-V1-cpp.so,ELF32,ARM,,android.hardware.security.secureclock-V1-cpp.so,libbinder.so;libutils.so;libc++.so;libc.so;libm.so;libdl.so
system,/system/lib/android.hardware.security.secureclock-V1-ndk_platform.so,ELF32,ARM,,android.hardware.security.secureclock-V1-ndk_platform.so,libbinder_ndk.so;libc++.so;libc.so;libm.so;libdl.so
system,/system/lib/android.hardware.security.sharedsecret-V1-ndk_platform.so,ELF32,ARM,,android.hardware.security.sharedsecret-V1-ndk_platform.so,libbinder_ndk.so;libc++.so;libc.so;libm.so;libdl.so
system,/system/lib/android.hardware.sensors@1.0.so,ELF32,ARM,,android.hardware.sensors@1.0.so,libhidlbase.so;liblog.so;libutils.so;libcutils.so;libc++.so;libc.so;libm.so;libdl.so
system,/system/lib/android.hardware.sensors@2.0.so,ELF32,ARM,,android.hardware.sensors@2.0.so,android.hardware.sensors@1.0.so;libhidlbase.so;liblog.so;libutils.so;libcutils.so;libc++.so;libc.so;libm.so;libdl.so
system,/system/lib/android.hardware.sensors@2.1.so,ELF32,ARM,,android.hardware.sensors@2.1.so,android.hardware.sensors@1.0.so;android.hardware.sensors@2.0.so;libhidlbase.so;liblog.so;libutils.so;libcutils.so;libc++.so;libc.so;libm.so;libdl.so
system,/system/lib/android.hardware.thermal@1.0.so,ELF32,ARM,,android.hardware.thermal@1.0.so,libhidlbase.so;liblog.so;libutils.so;libcutils.so;libc++.so;libc.so;libm.so;libdl.so
system,/system/lib/android.hardware.tv.input@1.0.so,ELF32,ARM,,android.hardware.tv.input@1.0.so,android.hardware.audio.common@2.0.so;libhidlbase.so;liblog.so;libutils.so;libcutils.so;libc++.so;libc.so;libm.so;libdl.so
system,/system/lib/android.hardware.usb.gadget@1.0.so,ELF32,ARM,,android.hardware.usb.gadget@1.0.so,libhidlbase.so;liblog.so;libutils.so;libcutils.so;libc++.so;libc.so;libm.so;libdl.so
system,/system/lib/android.hardware.vibrator-V2-cpp.so,ELF32,ARM,,android.hardware.vibrator-V2-cpp.so,libbinder.so;libutils.so;libc++.so;libc.so;libm.so;libdl.so
system,/system/lib/android.hardware.vibrator-V2-ndk_platform.so,ELF32,ARM,,android.hardware.vibrator-V2-ndk_platform.so,libbinder_ndk.so;libc++.so;libc.so;libm.so;libdl.so
system,/system/lib/android.hardware.vibrator@1.0.so,ELF32,ARM,,android.hardware.vibrator@1.0.so,libhidlbase.so;liblog.so;libutils.so;libcutils.so;libc++.so;libc.so;libm.so;libdl.so
system,/system/lib/android.hardware.vibrator@1.1.so,ELF32,ARM,,android.hardware.vibrator@1.1.so,android.hardware.vibrator@1.0.so;libhidlbase.so;liblog.so;libutils.so;libcutils.so;libc++.so;libc.so;libm.so;libdl.so
system,/system/lib/android.hardware.vibrator@1.2.so,ELF32,ARM,,android.hardware.vibrator@1.2.so,android.hardware.vibrator@1.0.so;android.hardware.vibrator@1.1.so;libhidlbase.so;liblog.so;libutils.so;libcutils.so;libc++.so;libc.so;libm.so;libdl.so
system,/system/lib/android.hardware.vibrator@1.3.so,ELF32,ARM,,android.hardware.vibrator@1.3.so,android.hardware.vibrator@1.0.so;android.hardware.vibrator@1.1.so;android.hardware.vibrator@1.2.so;libhidlbase.so;liblog.so;libutils.so;libcutils.so;libc++.so;libc.so;libm.so;libdl.so
system,/system/lib/android.hardware.vr@1.0.so,ELF32,ARM,,android.hardware.vr@1.0.so,libhidlbase.so;liblog.so;libutils.so;libcutils.so;libc++.so;libc.so;libm.so;libdl.so
system,/system/lib/android.hidl.allocator@1.0.so,ELF32,ARM,,android.hidl.allocator@1.0.so,libhidlbase.so;liblog.so;libutils.so;libcutils.so;libc++.so;libc.so;libm.so;libdl.so
system,/system/lib/android.hidl.memory.token@1.0.so,ELF32,ARM,,android.hidl.memory.token@1.0.so,libhidlbase.so;liblog.so;libutils.so;libcutils.so;libc++.so;libc.so;libm.so;libdl.so
system,/system/lib/android.hidl.memory@1.0.so,ELF32,ARM,,android.hidl.memory@1.0.so,libhidlbase.so;liblog.so;libutils.so;libcutils.so;libc++.so;libc.so;libm.so;libdl.so
system,/system/lib/android.hidl.safe_union@1.0.so,ELF32,ARM,,android.hidl.safe_union@1.0.so,libhidlbase.so;liblog.so;libutils.so;libcutils.so;libc++.so;libc.so;libm.so;libdl.so
system,/system/lib/android.hidl.token@1.0-utils.so,ELF32,ARM,,android.hidl.token@1.0-utils.so,android.hidl.token@1.0.so;libhidlbase.so;liblog.so;libutils.so;libc++.so;libc.so;libm.so;libdl.so
system,/system/lib/android.hidl.token@1.0.so,ELF32,ARM,,android.hidl.token@1.0.so,libhidlbase.so;liblog.so;libutils.so;libcutils.so;libc++.so;libc.so;libm.so;libdl.so
system,/system/lib/android.security.apc-ndk_platform.so,ELF32,ARM,,android.security.apc-ndk_platform.so,libbinder_ndk.so;libc++.so;libc.so;libm.so;libdl.so
system,/system/lib/android.security.authorization-ndk_platform.so,ELF32,ARM,,android.security.authorization-ndk_platform.so,libbinder_ndk.so;android.hardware.security.keymint-V1-ndk_platform.so;android.hardware.security.secureclock-V1-ndk_platform.so;libc++.so;libc.so;libm.so;libdl.so
system,/system/lib/android.security.compat-ndk_platform.so,ELF32,ARM,,android.security.compat-ndk_platform.so,libbinder_ndk.so;android.hardware.security.keymint-V1-ndk_platform.so;android.hardware.security.secureclock-V1-ndk_platform.so;android.hardware.security.sharedsecret-V1-ndk_platform.so;libc++.so;libc.so;libm.so;libdl.so
system,/system/lib/android.security.legacykeystore-ndk_platform.so,ELF32,ARM,,android.security.legacykeystore-ndk_platform.so,libbinder_ndk.so;libc++.so;libc.so;libm.so;libdl.so
system,/system/lib/android.security.maintenance-ndk_platform.so,ELF32,ARM,,android.security.maintenance-ndk_platform.so,libbinder_ndk.so;android.system.keystore2-V1-ndk_platform.so;libc++.so;libc.so;libm.so;libdl.so
system,/system/lib/android.system.keystore2-V1-cpp.so,ELF32,ARM,,android.system.keystore2-V1-cpp.so,libbinder.so;libutils.so;android.hardware.security.keymint-V1-cpp.so;libc++.so;libc.so;libm.so;libdl.so
system,/system/lib/android.system.keystore2-V1-ndk_platform.so,ELF32,ARM,,android.system.keystore2-V1-ndk_platform.so,libbinder_ndk.so;android.hardware.security.keymint-V1-ndk_platform.so;libc++.so;libc.so;libm.so;libdl.so
system,/system/lib/android.system.net.netd@1.0.so,ELF32,ARM,,android.system.net.netd@1.0.so,libhidlbase.so;liblog.so;libutils.so;libcutils.so;libc++.so;libc.so;libm.so;libdl.so
system,/system/lib/android.system.net.netd@1.1.so,ELF32,ARM,,android.system.net.netd@1.1.so,android.system.net.netd@1.0.so;libhidlbase.so;liblog.so;libutils.so;libcutils.so;libc++.so;libc.so;libm.so;libdl.so
system,/system/lib/android.system.suspend.control-V1-cpp.so,ELF32,ARM,,android.system.suspend.control-V1-cpp.so,libbinder.so;libutils.so;libc++.so;libc.so;libm.so;libdl.so
system,/system/lib/android.system.suspend.control-V1-ndk.so,ELF32,ARM,,android.system.suspend.control-V1-ndk.so,libbinder_ndk.so;libc++.so;libc.so;libm.so;libdl.so
system,/system/lib/android.system.suspend.control.internal-cpp.so,ELF32,ARM,,android.system.suspend.control.internal-cpp.so,libbinder.so;libutils.so;libc++.so;libc.so;libm.so;libdl.so
system,/system/lib/android.system.suspend@1.0.so,ELF32,ARM,,android.system.suspend@1.0.so,libhidlbase.so;liblog.so;libutils.so;libcutils.so;libc++.so;libc.so;libm.so;libdl.so
system,/system/lib/android.system.wifi.keystore@1.0.so,ELF32,ARM,,android.system.wifi.keystore@1.0.so,libhidlbase.so;liblog.so;libutils.so;libcutils.so;libc++.so;libc.so;libm.so;libdl.so
system,/system/lib/apex_aidl_interface-cpp.so,ELF32,ARM,,apex_aidl_interface-cpp.so,libbinder.so;libutils.so;libc++.so;libc.so;libm.so;libdl.so
system,/system/lib/audio_common-aidl-cpp.so,ELF32,ARM,,audio_common-aidl-cpp.so,libbinder.so;libutils.so;libc++.so;libc.so;libm.so;libdl.so
system,/system/lib/audioclient-types-aidl-cpp.so,ELF32,ARM,,audioclient-types-aidl-cpp.so,libbinder.so;libutils.so;audio_common-aidl-cpp.so;framework-permission-aidl-cpp.so;libc++.so;libc.so;libm.so;libdl.so
system,/system/lib/audioflinger-aidl-cpp.so,ELF32,ARM,,audioflinger-aidl-cpp.so,libbinder.so;libutils.so;audio_common-aidl-cpp.so;audioclient-types-aidl-cpp.so;av-types-aidl-cpp.so;effect-aidl-cpp.so;shared-file-region-aidl-cpp.so;framework-permission-aidl-cpp.so;libc++.so;libc.so;libm.so;libdl.so
system,/system/lib/audiopolicy-aidl-cpp.so,ELF32,ARM,,audiopolicy-aidl-cpp.so,libbinder.so;libutils.so;audio_common-aidl-cpp.so;audioclient-types-aidl-cpp.so;audiopolicy-types-aidl-cpp.so;capture_state_listener-aidl-cpp.so;framework-permission-aidl-cpp.so;libc++.so;libc.so;libm.so;libdl.so
system,/system/lib/audiopolicy-types-aidl-cpp.so,ELF32,ARM,,audiopolicy-types-aidl-cpp.so,libbinder.so;libutils.so;audio_common-aidl-cpp.so;audioclient-types-aidl-cpp.so;libc++.so;libc.so;libm.so;libdl.so
system,/system/lib/av-types-aidl-cpp.so,ELF32,ARM,,av-types-aidl-cpp.so,libbinder.so;libutils.so;libc++.so;libc.so;libm.so;libdl.so
system,/system/lib/bootstrap/libc.so,ELF32,ARM,,libc.so,ld-android.so;libdl.so
system,/system/lib/bootstrap/libdl.so,ELF32,ARM,,libdl.so,ld-android.so
system,/system/lib/bootstrap/libdl_android.so,ELF32,ARM,,libdl_android.so,ld-android.so
system,/system/lib/bootstrap/libm.so,ELF32,ARM,,libm.so,libc.so
system,/system/lib/capture_state_listener-aidl-cpp.so,ELF32,ARM,,capture_state_listener-aidl-cpp.so,libbinder.so;libutils.so;libc++.so;libc.so;libm.so;libdl.so
system,/system/lib/dnsresolver_aidl_interface-V7-cpp.so,ELF32,ARM,,dnsresolver_aidl_interface-V7-cpp.so,libbinder.so;libutils.so;netd_event_listener_interface-V1-cpp.so;libc++.so;libc.so;libm.so;libdl.so
system,/system/lib/drm/libfwdlockengine.so,ELF32,ARM,,libfwdlockengine.so,libandroidicu.so;libutils.so;liblog.so;libcrypto.so;libssl.so;libdrmframework.so;libdrmframeworkcommon.so;libc++.so;libc.so;libm.so;libdl.so
system,/system/lib/effect-aidl-cpp.so,ELF32,ARM,,effect-aidl-cpp.so,libbinder.so;libutils.so;shared-file-region-aidl-cpp.so;libc++.so;libc.so;libm.so;libdl.so
system,/system/lib/framework-permission-aidl-cpp.so,ELF32,ARM,,framework-permission-aidl-cpp.so,libbinder.so;libutils.so;libc++.so;libc.so;libm.so;libdl.so
system,/system/lib/gsi_aidl_interface-cpp.so,ELF32,ARM,,gsi_aidl_interface-cpp.so,libbinder.so;libutils.so;libc++.so;libc.so;libm.so;libdl.so
system,/system/lib/heapprofd_client.so,ELF32,ARM,,heapprofd_client.so,heapprofd_client_api.so;libc++.so;libc.so;libm.so;libdl.so
system,/system/lib/heapprofd_client_api.so,ELF32,ARM,,heapprofd_client_api.so,libbase.so;libprocinfo.so;libunwindstack.so;libc++.so;libc.so;libm.so;libdl.so
system,/system/lib/hw/android.hidl.memory@1.0-impl.so,ELF32,ARM,,android.hidl.memory@1.0-impl.so,libcutils.so;libbase.so;liblog.so;libutils.so;libhidlbase.so;android.hidl.memory@1.0.so;libc++.so;libc.so;libm.so;libdl.so
system,/system/lib/hw/audio.a2dp.default.so,ELF32,ARM,,audio.a2dp.default.so,libchrome.so;libgrpc++.so;libgrpc_wrap.so;libhidlbase.so;libstatslog.so;libutils.so;liblog.so;libcutils.so;android.hardware.bluetooth@1.0.so;android.hardware.bluetooth@1.1.so;libc++.so;libc.so;libm.so;libdl.so
system,/system/lib/ld-android.so,ELF32,ARM,,ld-android.so,
system,/system/lib/lib-platform-compat-native-api.so,ELF32,ARM,,lib-platform-compat-native-api.so,libbinder.so;libutils.so;libc++.so;libc.so;libm.so;libdl.so
system,/system/lib/libEGL.so,ELF32,ARM,,libEGL.so,libcutils.so;liblog.so;libgraphicsenv.so;libnativewindow.so;libbacktrace.so;libvndksupport.so;android.hardware.configstore@1.0.so;android.hardware.configstore-utils.so;libbase.so;libhidlbase.so;libnativebridge_lazy.so;libnativeloader_lazy.so;libutils.so;libSurfaceFlingerProp.so;libc++.so;libc.so;libm.so;libdl.so
system,/system/lib/libETC1.so,ELF32,ARM,,libETC1.so,libc++.so;libc.so;libm.so;libdl.so
system,/system/lib/libFFTEm.so,ELF32,ARM,,libFFTEm.so,libnativehelper.so;libutils.so;liblog.so;libjnigraphics.so;libcutils.so;libc++.so;libc.so;libm.so;libdl.so
system,/system/lib/libGLESv1_CM.so,ELF32,ARM,,libGLESv1_CM.so,libcutils.so;liblog.so;libEGL.so;libc++.so;libc.so;libm.so;libdl.so
system,/system/lib/libGLESv2.so,ELF32,ARM,,libGLESv2.so,libcutils.so;liblog.so;libEGL.so;libc++.so;libc.so;libm.so;libdl.so
system,/system/lib/libGLESv3.so,ELF32,ARM,,libGLESv3.so,libcutils.so;liblog.so;libEGL.so;libc++.so;libc.so;libm.so;libdl.so
system,/system/lib/libLLVM_android.so,ELF32,ARM,,libLLVM_android.so,libc++.so;libc.so;libm.so;libdl.so
system,/system/lib/libMemAdapter.so,ELF32,ARM,,libMemAdapter.so,libcutils.so;libutils.so;liblog.so;libVE.so;libcdc_base.so;libteec.so;libc++.so;libc.so;libm.so;libdl.so
system,/system/lib/libOpenMAXAL.so,ELF32,ARM,,libOpenMAXAL.so,libwilhelm.so;liblog.so;libnativewindow.so;libc++.so;libc.so;libm.so;libdl.so
system,/system/lib/libOpenSLES.so,ELF32,ARM,,libOpenSLES.so,libwilhelm.so;liblog.so;libnativewindow.so;libc++.so;libc.so;libm.so;libdl.so
system,/system/lib/libRS.so,ELF32,ARM,,libRS.so,libhidlbase.so;libutilscallstack.so;libutils.so;android.hardware.renderscript@1.0.so;liblog.so;libcutils.so;libc++.so;libc.so;libm.so;libdl.so
system,/system/lib/libRSCacheDir.so,ELF32,ARM,,libRSCacheDir.so,libandroid_runtime.so;liblog.so;libc++.so;libc.so;libm.so;libdl.so
system,/system/lib/libRSCpuRef.so,ELF32,ARM,,libRSCpuRef.so,libRS_internal.so;liblog.so;libz.so;libbcinfo.so;libblas.so;libc++.so;libc.so;libm.so;libdl.so
system,/system/lib/libRSDriver.so,ELF32,ARM,,libRSDriver.so,libRS_internal.so;libRSCpuRef.so;liblog.so;libEGL.so;libGLESv1_CM.so;libGLESv2.so;libnativewindow.so;libbcinfo.so;libc++.so;libc.so;libm.so;libdl.so
system,/system/lib/libRS_internal.so,ELF32,ARM,,libRS_internal.so,liblog.so;libutilscallstack.so;libutils.so;libEGL.so;libGLESv1_CM.so;libGLESv2.so;libnativewindow.so;libft2.so;libbcinfo.so;libmediandk.so;libc++.so;libc.so;libm.so;libdl.so
system,/system/lib/libRScpp.so,ELF32,ARM,,libRScpp.so,liblog.so;libgui.so;libutils.so;libc++.so;libc.so;libm.so;libdl.so
system,/system/lib/libSurfaceFlingerProp.so,ELF32,ARM,,libSurfaceFlingerProp.so,android.hardware.configstore-utils.so;android.hardware.configstore@1.0.so;android.hardware.configstore@1.1.so;android.hardware.graphics.common@1.2.so;libhidlbase.so;libui.so;libutils.so;liblog.so;libc++.so;libc.so;libm.so;libdl.so
system,/system/lib/libSuspendProperties.so,ELF32,ARM,,libSuspendProperties.so,liblog.so;libc++.so;libc.so;libm.so;libdl.so
system,/system/lib/libVE.so,ELF32,ARM,,libVE.so,libcutils.so;libutils.so;libcdc_base.so;liblog.so;libc++.so;libc.so;libm.so;libdl.so
system,/system/lib/lib_android_keymaster_keymint_utils.so,ELF32,ARM,,lib_android_keymaster_keymint_utils.so,android.hardware.security.keymint-V1-ndk_platform.so;libbase.so;libhardware.so;libc++.so;libc.so;libm.so;libdl.so
system,/system/lib/libaaudio.so,ELF32,ARM,,libaaudio.so,libaaudio_internal.so;libaudioclient.so;libaudioutils.so;libmedia_helper.so;libmediametrics.so;libmediautils.so;liblog.so;libcutils.so;libutils.so;libbinder.so;libpermission.so;libc++.so;libc.so;libm.so;libdl.so
system,/system/lib/libaaudio_internal.so,ELF32,ARM,,libaaudio_internal.so,libaudioclient.so;libaudioutils.so;libmedia_helper.so;libmediametrics.so;libmediautils.so;liblog.so;libcutils.so;libutils.so;libbinder.so;framework-permission-aidl-cpp.so;aaudio-aidl-cpp.so;libaudioclient_aidl_conversion.so;libc++.so;libc.so;libm.so;libdl.so
system,/system/lib/libaaudioservice.so,ELF32,ARM,,libaaudioservice.so,libaaudio_internal.so;libaudioclient.so;libaudioflinger.so;libaudioutils.so;libmedia_helper.so;libmediametrics.so;libmediautils.so;libbase.so;libbinder.so;libcutils.so;liblog.so;libutils.so;aaudio-aidl-cpp.so;framework-permission-aidl-cpp.so;libaudioclient_aidl_conversion.so;libc++.so;libc.so;libm.so;libdl.so
system,/system/lib/libactivitymanager_aidl.so,ELF32,ARM,,libactivitymanager_aidl.so,libbinder.so;libutils.so;liblog.so;libc++.so;libc.so;libm.so;libdl.so
system,/system/lib/libadbd_auth.so,ELF32,ARM,,libadbd_auth.so,libc.so;libm.so;libdl.so
system,/system/lib/libadbd_fs.so,ELF32,ARM,,libadbd_fs.so,libc++.so;libc.so;libm.so;libdl.so
system,/system/lib/libadecoder.so,ELF32,ARM,/system/bin/linker,libadecoder.so,libdl.so;libm.so;liblog.so;libc.so
system,/system/lib/libadmanager_jni.so,ELF32,ARM,,libadmanager_jni.so,libandroid_runtime.so;libnativehelper.so;libutils.so;libbinder.so;libcutils.so;libsystemmixservice.so;liblog.so;libc++.so;libc.so;libm.so;libdl.so
system,/system/lib/libaencoder.so,ELF32,ARM,/system/bin/linker,libaencoder.so,libdl.so;libm.so;liblog.so;libc.so
system,/system/lib/libaftertreatment.so,ELF32,ARM,,libaftertreatment.so,liblog.so;libVE.so;libMemAdapter.so;libcdc_base.so;libscaledown.so;libfbm.so;libc++.so;libc.so;libm.so;libdl.so
system,/system/lib/libalarm_jni.so,ELF32,ARM,,libalarm_jni.so,libnativehelper.so;liblog.so;libbase.so;libc++.so;libc.so;libm.so;libdl.so
system,/system/lib/liballwinnertech_read_private_dragonbox.so,ELF32,ARM,,liballwinnertech_read_private_dragonbox.so,liblog.so;libsst.so;libc++.so;libc.so;libm.so;libdl.so
system,/system/lib/libamidi.so,ELF32,ARM,,libamidi.so,liblog.so;libbinder.so;libutils.so;libandroid_runtime.so;libc++.so;libc.so;libm.so;libdl.so
system,/system/lib/libandroid.so,ELF32,ARM,,libandroid.so,liblog.so;libhidlbase.so;libcutils.so;libandroidfw.so;libinput.so;libutils.so;libbinder.so;libui.so;libgui.so;libharfbuzz_ng.so;libsensor.so;libactivitymanager_aidl.so;libandroid_runtime.so;libminikin.so;libnetd_client.so;libhwui.so;libxml2.so;libEGL.so;libGLESv2.so;libpowermanager.so;android.hardware.configstore@1.0.so;android.hardware.configstore-utils.so;libnativedisplay.so;libc++.so;libc.so;libm.so;libdl.so
system,/system/lib/libandroid_log_sys.dylib.so,ELF32,ARM,,,libstd.dylib.so;libc.so
system,/system/lib/libandroid_logger.dylib.so,ELF32,ARM,,,libenv_logger.dylib.so;liblog.dylib.so;libstd.dylib.so;liblog.so;libc.so
system,/system/lib/libandroid_net.so,ELF32,ARM,,libandroid_net.so,libnetd_client.so;libc++.so;libc.so;libm.so;libdl.so
system,/system/lib/libandroid_runtime.so,ELF32,ARM,,libandroid_runtime.so,libbase.so;libharfbuzz_ng.so;libhwui.so;liblog.so;libminikin.so;libz.so;audioclient-types-aidl-cpp.so;audioflinger-aidl-cpp.so;av-types-aidl-cpp.so;android.hardware.camera.device@3.2.so;libandroidicu.so;libbpf_android.so;libnetdbpf.so;libnetdutils.so;libmemtrack.so;libandroidfw.so;libappfuse.so;libcrypto.so;libcutils.so;libdebuggerd_client.so;libutils.so;libbinder.so;libui.so;libgraphicsenv.so;libgui.so;libmediandk.so;libpermission.so;libsensor.so;libinput.so;libcamera_client.so;libcamera_metadata.so;libsqlite.so;libEGL.so;libGLESv1_CM.so;libGLESv2.so;libGLESv3.so;libincfs.so;libdataloader.so;libvulkan.so;libETC1.so;libjpeg.so;libhardware.so;libhardware_legacy.so;libselinux.so;libmedia.so;libmedia_helper.so;libmediametrics.so;libmeminfo.so;libaudioclient.so;libaudiofoundation.so;libaudiopolicy.so;libusbhost.so;libpdfium.so;libimg_utils.so;libnetd_client.so;libprocessgroup.so;libnativebridge_lazy.so;libnativeloader_lazy.so;libmemunreachable.so;libhidlbase.so;libvintf.so;libnativedisplay.so;libnativewindow.so;libdl_android.so;libtimeinstate.so;server_configurable_flags.so;libc++.so;libc.so;libm.so;libdl.so
system,/system/lib/libandroid_runtime_lazy.so,ELF32,ARM,,libandroid_runtime_lazy.so,liblog.so;libutils.so;libc++.so;libc.so;libm.so;libdl.so
system,/system/lib/libandroid_servers.so,ELF32,ARM,,libandroid_servers.so,libadb_pairing_server.so;libadb_pairing_connection.so;libandroid.so;libandroid_runtime.so;libandroidfw.so;libaudioclient.so;libbase.so;libappfuse.so;libbinder_ndk.so;libbinder.so;libcutils.so;libcrypto.so;liblog.so;libgraphicsenv.so;libhardware.so;libhardware_legacy.so;libmeminfo.so;libmemtrackproxy.so;libmtp.so;libnativehelper.so;libnativewindow.so;libpowermanager.so;libprocessgroup.so;libui.so;libvibratorservice.so;libinput.so;libinputflinger.so;libinputflinger_base.so;libinputservice.so;libstatshidl.so;libstatspull.so;libstatssocket.so;libstatslog.so;libschedulerservicehidl.so;libsensorservice.so;libsensorservicehidl.so;libgui.so;libtimestats_atoms_proto.so;libusbhost.so;libtinyalsa.so;libEGL.so;libGLESv2.so;libnetutils.so;libhidlbase.so;libutils.so;libhwui.so;libbpf_android.so;libnetdbpf.so;libnetdutils.so;libpsi.so;libdataloader.so;libincfs.so;libcheckfile.so;android.hardware.audio.common@2.0.so;android.hardware.broadcastradio@1.0.so;android.hardware.broadcastradio@1.1.so;android.hardware.contexthub@1.0.so;android.hardware.gnss-V1-cpp.so;android.hardware.gnss@1.0.so;android.hardware.gnss@1.1.so;android.hardware.gnss@2.0.so;android.hardware.gnss@2.1.so;android.hardware.gnss.measurement_corrections@1.0.so;android.hardware.gnss.visibility_control@1.0.so;android.hardware.graphics.bufferqueue@1.0.so;android.hardware.input.classifier@1.0.so;android.hardware.ir@1.0.so;android.hardware.light@2.0.so;android.hardware.memtrack-V1-ndk_platform.so;android.hardware.power@1.0.so;android.hardware.power@1.1.so;android.hardware.power-V2-cpp.so;android.hardware.power.stats@1.0.so;android.hardware.power.stats-V1-ndk_platform.so;android.hardware.thermal@1.0.so;android.hardware.tv.input@1.0.so;android.hardware.vibrator-V2-cpp.so;android.hardware.vibrator@1.0.so;android.hardware.vibrator@1.1.so;android.hardware.vibrator@1.2.so;android.hardware.vibrator@1.3.so;android.hardware.vr@1.0.so;android.hidl.token@1.0-utils.so;android.frameworks.schedulerservice@1.0.so;android.frameworks.sensorservice@1.0.so;android.frameworks.stats@1.0.so;android.frameworks.stats-V1-ndk_platform.so;android.system.suspend.control-V1-cpp.so;android.system.suspend.control.internal-cpp.so;android.system.suspend@1.0.so;service.incremental.so;libc++.so;libc.so;libm.so;libdl.so
system,/system/lib/libandroidfw.so,ELF32,ARM,,libandroidfw.so,libbase.so;libbinder.so;liblog.so;libcutils.so;libincfs.so;libutils.so;libz.so;libc++.so;libc.so;libm.so;libdl.so
system,/system/lib/libanyhow.dylib.so,ELF32,ARM,,,libstd.dylib.so;libc.so
system,/system/lib/libappfuse.so,ELF32,ARM,,libappfuse.so,libbase.so;libc++.so;libc.so;libm.so;libdl.so
system,/system/lib/libartpalette-system.so,ELF32,ARM,,libartpalette-system.so,libbase.so;libcutils.so;liblog.so;libprocessgroup.so;libtombstoned_client.so;libselinux.so;libc++.so;libc.so;libm.so;libdl.so
system,/system/lib/libasyncio.so,ELF32,ARM,,libasyncio.so,libc++.so;libc.so;libm.so;libdl.so
system,/system/lib/libaudioclient.so,ELF32,ARM,,libaudioclient.so,audioclient-types-aidl-cpp.so;audioflinger-aidl-cpp.so;audiopolicy-aidl-cpp.so;audiopolicy-types-aidl-cpp.so;av-types-aidl-cpp.so;capture_state_listener-aidl-cpp.so;libaudioclient_aidl_conversion.so;libaudiofoundation.so;libaudioutils.so;libaudiopolicy.so;libaudiomanager.so;libbinder.so;libcutils.so;liblog.so;libmedia_helper.so;libmediametrics.so;libmediautils.so;libnblog.so;libprocessgroup.so;libshmemcompat.so;libutils.so;libvibrator.so;framework-permission-aidl-cpp.so;libc++.so;libc.so;libm.so;libdl.so
system,/system/lib/libaudioclient_aidl_conversion.so,ELF32,ARM,,libaudioclient_aidl_conversion.so,audioclient-types-aidl-cpp.so;libbase.so;libbinder.so;liblog.so;libshmemcompat.so;libutils.so;shared-file-region-aidl-cpp.so;framework-permission-aidl-cpp.so;libc++.so;libc.so;libm.so;libdl.so
system,/system/lib/libaudioeffect_jni.so,ELF32,ARM,,libaudioeffect_jni.so,framework-permission-aidl-cpp.so;liblog.so;libcutils.so;libutils.so;libandroid_runtime.so;libnativehelper.so;libaudioclient.so;libaudioutils.so;libaudiofoundation.so;libbinder.so;libc++.so;libc.so;libm.so;libdl.so
system,/system/lib/libaudioflinger.so,ELF32,ARM,,libaudioflinger.so,audioflinger-aidl-cpp.so;audioclient-types-aidl-cpp.so;av-types-aidl-cpp.so;effect-aidl-cpp.so;libaudioclient_aidl_conversion.so;libaudiofoundation.so;libaudiohal.so;libaudioprocessing.so;libaudiospdif.so;libaudioutils.so;libcutils.so;libutils.so;liblog.so;libbinder.so;libaudioclient.so;libmedialogservice.so;libmediametrics.so;libnbaio.so;libnblog.so;libpermission.so;libpowermanager.so;libmediautils.so;libmemunreachable.so;libmedia_helper.so;libshmemcompat.so;libvibrator.so;libc++.so;libc.so;libm.so;libdl.so
system,/system/lib/libaudiofoundation.so,ELF32,ARM,,libaudiofoundation.so,audioclient-types-aidl-cpp.so;libaudioclient_aidl_conversion.so;libaudioutils.so;libbase.so;libbinder.so;liblog.so;libmedia_helper.so;libutils.so;libc++.so;libc.so;libm.so;libdl.so
system,/system/lib/libaudiohal.so,ELF32,ARM,,libaudiohal.so,libhidlbase.so;liblog.so;libutils.so;libc++.so;libc.so;libm.so;libdl.so
system,/system/lib/libaudiohal@4.0.so,ELF32,ARM,,libaudiohal@4.0.so,android.hardware.audio.common-util.so;android.hidl.allocator@1.0.so;android.hidl.memory@1.0.so;av-types-aidl-cpp.so;libaudiofoundation.so;libaudiohal_deathhandler.so;libaudioutils.so;libbase.so;libbinder.so;libcutils.so;libfmq.so;libhardware.so;libhidlbase.so;libhidlmemory.so;liblog.so;libmedia_helper.so;libmediautils.so;libutils.so;android.hardware.audio.common@4.0.so;android.hardware.audio.common@4.0-util.so;android.hardware.audio.effect@4.0.so;android.hardware.audio.effect@4.0-util.so;android.hardware.audio@4.0.so;android.hardware.audio@4.0-util.so;libc++.so;libc.so;libm.so;libdl.so
system,/system/lib/libaudiohal@5.0.so,ELF32,ARM,,libaudiohal@5.0.so,android.hardware.audio.common-util.so;android.hidl.allocator@1.0.so;android.hidl.memory@1.0.so;av-types-aidl-cpp.so;libaudiofoundation.so;libaudiohal_deathhandler.so;libaudioutils.so;libbase.so;libbinder.so;libcutils.so;libfmq.so;libhardware.so;libhidlbase.so;libhidlmemory.so;liblog.so;libmedia_helper.so;libmediautils.so;libutils.so;android.hardware.audio.common@5.0.so;android.hardware.audio.common@5.0-util.so;android.hardware.audio.effect@5.0.so;android.hardware.audio.effect@5.0-util.so;android.hardware.audio@5.0.so;android.hardware.audio@5.0-util.so;libc++.so;libc.so;libm.so;libdl.so
system,/system/lib/libaudiohal@6.0.so,ELF32,ARM,,libaudiohal@6.0.so,android.hardware.audio.common-util.so;android.hidl.allocator@1.0.so;android.hidl.memory@1.0.so;av-types-aidl-cpp.so;libaudiofoundation.so;libaudiohal_deathhandler.so;libaudioutils.so;libbase.so;libbinder.so;libcutils.so;libfmq.so;libhardware.so;libhidlbase.so;libhidlmemory.so;liblog.so;libmedia_helper.so;libmediautils.so;libutils.so;android.hardware.audio.common@6.0.so;android.hardware.audio.common@6.0-util.so;android.hardware.audio.effect@6.0.so;android.hardware.audio.effect@6.0-util.so;android.hardware.audio@6.0.so;android.hardware.audio@6.0-util.so;libc++.so;libc.so;libm.so;libdl.so
system,/system/lib/libaudiohal@7.0.so,ELF32,ARM,,libaudiohal@7.0.so,android.hardware.audio.common-util.so;android.hidl.allocator@1.0.so;android.hidl.memory@1.0.so;av-types-aidl-cpp.so;libaudiofoundation.so;libaudiohal_deathhandler.so;libaudioutils.so;libbase.so;libbinder.so;libcutils.so;libfmq.so;libhardware.so;libhidlbase.so;libhidlmemory.so;liblog.so;libmedia_helper.so;libmediautils.so;libutils.so;android.hardware.audio.common@7.0.so;android.hardware.audio.common@7.0-util.so;android.hardware.audio.effect@7.0.so;android.hardware.audio.effect@7.0-util.so;android.hardware.audio@7.0.so;android.hardware.audio@7.0-util.so;libc++.so;libc.so;libm.so;libdl.so
system,/system/lib/libaudiohal_deathhandler.so,ELF32,ARM,,libaudiohal_deathhandler.so,libhidlbase.so;libutils.so;liblog.so;libc++.so;libc.so;libm.so;libdl.so
system,/system/lib/libaudiomanager.so,ELF32,ARM,,libaudiomanager.so,libutils.so;libbinder.so;liblog.so;libc++.so;libc.so;libm.so;libdl.so
system,/system/lib/libaudiopolicy.so,ELF32,ARM,,libaudiopolicy.so,audioclient-types-aidl-cpp.so;audioflinger-aidl-cpp.so;audiopolicy-aidl-cpp.so;audiopolicy-types-aidl-cpp.so;capture_state_listener-aidl-cpp.so;libaudiofoundation.so;libaudioclient_aidl_conversion.so;libaudioutils.so;libbinder.so;libcutils.so;liblog.so;libutils.so;libc++.so;libc.so;libm.so;libdl.so
system,/system/lib/libaudiopolicyenginedefault.so,ELF32,ARM,,libaudiopolicyenginedefault.so,libaudiofoundation.so;liblog.so;libcutils.so;libutils.so;libmedia_helper.so;libaudiopolicy.so;libxml2.so;libc++.so;libc.so;libm.so;libdl.so
system,/system/lib/libaudiopolicymanagerdefault.so,ELF32,ARM,,libaudiopolicymanagerdefault.so,libaudiofoundation.so;libcutils.so;libutils.so;liblog.so;libaudiopolicy.so;libmedia_helper.so;libmediametrics.so;libbinder.so;libhidlbase.so;libxml2.so;libaudiopolicyenginedefault.so;framework-permission-aidl-cpp.so;libaudioclient_aidl_conversion.so;libc++.so;libc.so;libm.so;libdl.so
system,/system/lib/libaudiopolicyservice.so,ELF32,ARM,,libaudiopolicyservice.so,libactivitymanager_aidl.so;libaudioclient.so;libaudioclient_aidl_conversion.so;libaudiofoundation.so;libaudiopolicy.so;libaudiopolicymanagerdefault.so;libaudioutils.so;libbinder.so;libcutils.so;libeffectsconfig.so;libhardware_legacy.so;liblog.so;libmedia_helper.so;libmediametrics.so;libmediautils.so;libpermission.so;libsensorprivacy.so;libutils.so;audioclient-types-aidl-cpp.so;audioflinger-aidl-cpp.so;audiopolicy-aidl-cpp.so;audiopolicy-types-aidl-cpp.so;capture_state_listener-aidl-cpp.so;framework-permission-aidl-cpp.so;libc++.so;libc.so;libm.so;libdl.so
system,/system/lib/libaudioprocessing.so,ELF32,ARM,,libaudioprocessing.so,libaudioutils.so;libcutils.so;liblog.so;libutils.so;libaudiohal.so;libsonic.so;libvibrator.so;libc++.so;libc.so;libm.so;libdl.so
system,/system/lib/libaudiospdif.so,ELF32,ARM,,libaudiospdif.so,libcutils.so;liblog.so;libc++.so;libc.so;libm.so;libdl.so
system,/system/lib/libaudioutils.so,ELF32,ARM,,libaudioutils.so,libcutils.so;liblog.so;libspeexresampler.so;libc++.so;libc.so;libm.so;libdl.so
system,/system/lib/libavservices_minijail.so,ELF32,ARM,,libavservices_minijail.so,libbase.so;libminijail.so;libc++.so;libc.so;libm.so;libdl.so
system,/system/lib/libaw_aacdec.so,ELF32,ARM,/system/bin/linker,,libdl.so;liblog.so;libm.so;libc.so
system,/system/lib/libaw_alacdec.so,ELF32,ARM,/system/bin/linker,,libdl.so;liblog.so;libm.so;libc.so
system,/system/lib/libaw_amrdec.so,ELF32,ARM,/system/bin/linker,,libdl.so;liblog.so;libm.so;libc.so
system,/system/lib/libaw_apedec.so,ELF32,ARM,/system/bin/linker,,libdl.so;libm.so;liblog.so;libc.so
system,/system/lib/libaw_atrcdec.so,ELF32,ARM,/system/bin/linker,,libdl.so;liblog.so;libm.so;libc.so
system,/system/lib/libaw_cookdec.so,ELF32,ARM,/system/bin/linker,,libdl.so;liblog.so;libm.so;libc.so
system,/system/lib/libaw_dsddec.so,ELF32,ARM,/system/bin/linker,,libdl.so;liblog.so;libm.so;libc.so
system,/system/lib/libaw_flacdec.so,ELF32,ARM,/system/bin/linker,,libdl.so;liblog.so;libm.so;libc.so
system,/system/lib/libaw_g729dec.so,ELF32,ARM,/system/bin/linker,,libdl.so;liblog.so;libm.so;libc.so
system,/system/lib/libaw_mp3dec.so,ELF32,ARM,/system/bin/linker,,libdl.so;liblog.so;libm.so;libc.so
system,/system/lib/libaw_oggdec.so,ELF32,ARM,/system/bin/linker,,libdl.so;liblog.so;libm.so;libc.so
system,/system/lib/libaw_opusdec.so,ELF32,ARM,/system/bin/linker,,libdl.so;liblog.so;libm.so;libc.so
system,/system/lib/libaw_output.so,ELF32,ARM,,libaw_output.so,libutils.so;libcutils.so;liblog.so;libbinder.so;libmedia.so;libui.so;libgui.so;libion.so;libcdx_playback.so;libcdx_parser.so;libcdx_stream.so;libcdx_base.so;libandroidicu.so;libMemAdapter.so;libcdc_base.so;libxplayer.so;libcdx_common.so;libaudioclient.so;libc++.so;libc.so;libm.so;libdl.so
system,/system/lib/libaw_radec.so,ELF32,ARM,/system/bin/linker,,libdl.so;liblog.so;libm.so;libc.so
system,/system/lib/libaw_wavdec.so,ELF32,ARM,/system/bin/linker,,libdl.so;liblog.so;libm.so;libc.so
system,/system/lib/libawadapter_base.so,ELF32,ARM,,libawadapter_base.so,libutils.so;libcutils.so;liblog.so;libcdx_base.so;libc++.so;libc.so;libm.so;libdl.so
system,/system/lib/libawavs.so,ELF32,ARM,,libawavs.so,liblog.so;libcutils.so;libutils.so;libVE.so;libsbm.so;libfbm.so;libvideoengine.so;libcdc_base.so;libc++.so;libc.so;libm.so;libdl.so
system,/system/lib/libawavs2.so,ELF32,ARM,,libawavs2.so,liblog.so;libcutils.so;libutils.so;libVE.so;libfbm.so;libsbm.so;libvideoengine.so;libcdc_base.so;libc++.so;libc.so;libm.so;libdl.so
system,/system/lib/libawh264.so,ELF32,ARM,,libawh264.so,liblog.so;libcutils.so;libutils.so;libVE.so;libfbm.so;libsbm.so;libvideoengine.so;libcdc_base.so;libc++.so;libc.so;libm.so;libdl.so
system,/system/lib/libawh265.so,ELF32,ARM,,libawh265.so,liblog.so;libcutils.so;libutils.so;libVE.so;libMemAdapter.so;libsbm.so;libfbm.so;libvideoengine.so;libcdc_base.so;libc++.so;libc.so;libm.so;libdl.so
system,/system/lib/libawmetadataretriever.so,ELF32,ARM,,libawmetadataretriever.so,libutils.so;libcutils.so;libbinder.so;liblog.so;libmedia.so;libui.so;libgui.so;libMemAdapter.so;libandroidicu.so;libcdx_base.so;libxmetadata_retriever.so;libawadapter_base.so;libcdx_common.so;libc++.so;libc.so;libm.so;libdl.so
system,/system/lib/libawmjpeg.so,ELF32,ARM,,libawmjpeg.so,liblog.so;libcutils.so;libutils.so;libVE.so;libMemAdapter.so;libsbm.so;libfbm.so;libvideoengine.so;libcdc_base.so;libc++.so;libc.so;libm.so;libdl.so
system,/system/lib/libawmjpegplus.so,ELF32,ARM,,libawmjpegplus.so,liblog.so;libcutils.so;libutils.so;libVE.so;libMemAdapter.so;libsbm.so;libfbm.so;libvideoengine.so;libcdc_base.so;libc++.so;libc.so;libm.so;libdl.so
system,/system/lib/libawmpeg2.so,ELF32,ARM,,libawmpeg2.so,liblog.so;libcutils.so;libutils.so;libVE.so;libsbm.so;libfbm.so;libvideoengine.so;libcdc_base.so;libc++.so;libc.so;libm.so;libdl.so
system,/system/lib/libawmpeg4base.so,ELF32,ARM,,libawmpeg4base.so,liblog.so;libcutils.so;libutils.so;libVE.so;libsbm.so;libfbm.so;libvideoengine.so;libcdc_base.so;libc++.so;libc.so;libm.so;libdl.so
system,/system/lib/libawmpeg4dx.so,ELF32,ARM,,libawmpeg4dx.so,liblog.so;libcutils.so;libutils.so;libVE.so;libfbm.so;libsbm.so;libvideoengine.so;libawmpeg4base.so;libcdc_base.so;libc++.so;libc.so;libm.so;libdl.so
system,/system/lib/libawmpeg4h263.so,ELF32,ARM,,libawmpeg4h263.so,liblog.so;libcutils.so;libutils.so;libVE.so;libvideoengine.so;libsbm.so;libfbm.so;libawmpeg4base.so;libcdc_base.so;libc++.so;libc.so;libm.so;libdl.so
system,/system/lib/libawmpeg4normal.so,ELF32,ARM,,libawmpeg4normal.so,liblog.so;libcutils.so;libutils.so;libVE.so;libfbm.so;libsbm.so;libvideoengine.so;libawmpeg4base.so;libcdc_base.so;libc++.so;libc.so;libm.so;libdl.so
system,/system/lib/libawmpeg4vp6.so,ELF32,ARM,,libawmpeg4vp6.so,liblog.so;libcutils.so;libutils.so;libVE.so;libsbm.so;libfbm.so;libvideoengine.so;libawmpeg4base.so;libcdc_base.so;libc++.so;libc.so;libm.so;libdl.so
system,/system/lib/libawplayer.so,ELF32,ARM,,libawplayer.so,libutils.so;libcutils.so;libbinder.so;liblog.so;libmedia.so;libmediametrics.so;libstagefright_foundation.so;libui.so;libgui.so;libion.so;libcdx_playback.so;libcdx_parser.so;libcdx_stream.so;libcdx_base.so;libandroidicu.so;libMemAdapter.so;libxplayer.so;libaw_output.so;libawadapter_base.so;libcdx_common.so;libc++.so;libc.so;libm.so;libdl.so
system,/system/lib/libawvp6soft.so,ELF32,ARM,,libawvp6soft.so,liblog.so;libcutils.so;libutils.so;libVE.so;libsbm.so;libfbm.so;libvideoengine.so;libcdc_base.so;libc++.so;libc.so;libm.so;libdl.so
system,/system/lib/libawvp8.so,ELF32,ARM,,libawvp8.so,liblog.so;libcutils.so;libutils.so;libVE.so;libsbm.so;libfbm.so;libvideoengine.so;libcdc_base.so;libc++.so;libc.so;libm.so;libdl.so
system,/system/lib/libawvp9Hw.so,ELF32,ARM,,libawvp9Hw.so,liblog.so;libcutils.so;libutils.so;libVE.so;libsbm.so;libfbm.so;libvideoengine.so;libcdc_base.so;libc++.so;libc.so;libm.so;libdl.so
system,/system/lib/libawvp9HwAL.so,ELF32,ARM,,libawvp9HwAL.so,liblog.so;libcutils.so;libutils.so;libVE.so;libsbm.so;libfbm.so;libvideoengine.so;libcdc_base.so;libc++.so;libc.so;libm.so;libdl.so
system,/system/lib/libawvp9soft.so,ELF32,ARM,,libawvp9soft.so,liblog.so;libcutils.so;libutils.so;libVE.so;libfbm.so;libsbm.so;libvideoengine.so;libcdc_base.so;libc++.so;libc.so;libm.so;libdl.so
system,/system/lib/libawwmv12soft.so,ELF32,ARM,,libawwmv12soft.so,liblog.so;libfbm.so;libsbm.so;libVE.so;libvideoengine.so;libMemAdapter.so;libcdc_base.so;libc++.so;libc.so;libm.so;libdl.so
system,/system/lib/libawwmv3.so,ELF32,ARM,,libawwmv3.so,liblog.so;libcutils.so;libutils.so;libVE.so;libvideoengine.so;libfbm.so;libsbm.so;libcdc_base.so;libc++.so;libc.so;libm.so;libdl.so
system,/system/lib/libbacktrace.so,ELF32,ARM,,libbacktrace.so,libbase.so;liblog.so;libunwindstack.so;libc++.so;libc.so;libm.so;libdl.so
system,/system/lib/libbase.so,ELF32,ARM,,libbase.so,liblog.so;libc++.so;libc.so;libm.so;libdl.so
system,/system/lib/libbatterystats_aidl.so,ELF32,ARM,,libbatterystats_aidl.so,libbinder.so;libutils.so;libc++.so;libc.so;libm.so;libdl.so
system,/system/lib/libbcc.so,ELF32,ARM,,libbcc.so,libbcinfo.so;libLLVM_android.so;liblog.so;libc++.so;libc.so;libm.so;libdl.so
system,/system/lib/libbcinfo.so,ELF32,ARM,,libbcinfo.so,liblog.so;libc++.so;libc.so;libm.so;libdl.so
system,/system/lib/libbinder.so,ELF32,ARM,,libbinder.so,liblog.so;libcutils.so;libutils.so;libc++.so;libc.so;libm.so;libdl.so
system,/system/lib/libbinder_ndk.so,ELF32,ARM,,libbinder_ndk.so,libandroid_runtime_lazy.so;libbase.so;libbinder.so;libutils.so;libc++.so;libc.so;libm.so;libdl.so
system,/system/lib/libbinder_ndk_sys.dylib.so,ELF32,ARM,,,libstd.dylib.so;libc.so
system,/system/lib/libbinder_rs.dylib.so,ELF32,ARM,,,libstd.dylib.so;libc.so;libbinder_ndk.so
system,/system/lib/libbinderdebug.so,ELF32,ARM,,libbinderdebug.so,libbase.so;libbinder.so;libc++.so;libc.so;libm.so;libdl.so
system,/system/lib/libbinderwrapper.so,ELF32,ARM,,libbinderwrapper.so,libbinder.so;libchrome.so;libutils.so;libc++.so;libc.so;libm.so;libdl.so
system,/system/lib/libblas.so,ELF32,ARM,,libblas.so,libc++.so;libc.so;libm.so;libdl.so
system,/system/lib/libbluetooth.so,ELF32,ARM,,libbluetooth.so,libchrome.so;libgrpc++.so;libgrpc_wrap.so;libstatslog.so;android.hardware.bluetooth.a2dp@1.0.so;android.hardware.bluetooth.audio@2.0.so;android.hardware.bluetooth.audio@2.1.so;libbinder_ndk.so;libcrypto.so;libcutils.so;libflatbuffers-cpp.so;libhidlbase.so;liblog.so;libprocessgroup.so;libprotobuf-cpp-lite.so;libtinyxml2.so;libutils.so;libz.so;android.hardware.bluetooth@1.0.so;android.hardware.bluetooth@1.1.so;android.system.suspend.control-V1-ndk.so;android.system.suspend@1.0.so;libaaudio.so;libfmq.so;libc++.so;libc.so;libm.so;libdl.so
system,/system/lib/libbluetooth_jni.so,ELF32,ARM,,libbluetooth_jni.so,libbase.so;libchrome.so;liblog.so;libnativehelper.so;libc++.so;libc.so;libm.so;libdl.so
system,/system/lib/libbootanimation.so,ELF32,ARM,,libbootanimation.so,libandroidfw.so;libbase.so;libbinder.so;libcutils.so;liblog.so;libutils.so;libui.so;libjnigraphics.so;libEGL.so;libGLESv1_CM.so;libgui.so;libtinyalsa.so;libmedia.so;libc++.so;libc.so;libm.so;libdl.so
system,/system/lib/libbootloader_message.so,ELF32,ARM,,libbootloader_message.so,libbase.so;libc++.so;libc.so;libm.so;libdl.so
system,/system/lib/libbpf.so,ELF32,ARM,,libbpf.so,libc++.so;libc.so;libm.so;libdl.so
system,/system/lib/libbpf_android.so,ELF32,ARM,,libbpf_android.so,libbase.so;libutils.so;libprocessgroup.so;liblog.so;libbpf.so;libc++.so;libc.so;libm.so;libdl.so
system,/system/lib/libbrillo-binder.so,ELF32,ARM,,libbrillo-binder.so,libchrome.so;libbinder.so;libbrillo.so;libutils.so;libc++.so;libc.so;libm.so;libdl.so
system,/system/lib/libbrillo-stream.so,ELF32,ARM,,libbrillo-stream.so,libchrome.so;libbrillo.so;libcrypto.so;libssl.so;libc++.so;libc.so;libm.so;libdl.so
system,/system/lib/libbrillo.so,ELF32,ARM,,libbrillo.so,libchrome.so;libc++.so;libc.so;libm.so;libdl.so
system,/system/lib/libbufferhub.so,ELF32,ARM,,libbufferhub.so,libbase.so;libcutils.so;liblog.so;libui.so;libutils.so;libpdx_default_transport.so;libc++.so;libc.so;libm.so;libdl.so
system,/system/lib/libbufferhubqueue.so,ELF32,ARM,,libbufferhubqueue.so,libbinder.so;libcutils.so;liblog.so;libui.so;libutils.so;libpdx_default_transport.so;libc++.so;libc.so;libm.so;libdl.so
system,/system/lib/libbyteorder.dylib.so,ELF32,ARM,,,libstd.dylib.so;libc.so
system,/system/lib/libc++.so,ELF32,ARM,,libc++.so,libc.so;libm.so;libdl.so
system,/system/lib/libcamera2ndk.so,ELF32,ARM,,libcamera2ndk.so,libbinder.so;liblog.so;libgui.so;libutils.so;libandroid_runtime.so;libcamera_client.so;libstagefright_foundation.so;libcutils.so;libcamera_metadata.so;libmediandk.so;libnativewindow.so;libc++.so;libc.so;libm.so;libdl.so
system,/system/lib/libcamera_client.so,ELF32,ARM,,libcamera_client.so,libbase.so;libcutils.so;libutils.so;liblog.so;libbinder.so;libgui.so;libcamera_metadata.so;libnativewindow.so;libc++.so;libc.so;libm.so;libdl.so
system,/system/lib/libcamera_metadata.so,ELF32,ARM,,libcamera_metadata.so,liblog.so;libc++.so;libc.so;libm.so;libdl.so
system,/system/lib/libcameraservice.so,ELF32,ARM,,libcameraservice.so,libbase.so;libexif.so;libui.so;liblog.so;libutilscallstack.so;libutils.so;libbinder.so;libactivitymanager_aidl.so;libpermission.so;libcutils.so;libmedia.so;libmediautils.so;libcamera_client.so;libcamera_metadata.so;libdynamic_depth.so;libfmq.so;libgui.so;libhardware.so;libhidlbase.so;libimage_io.so;libjpeg.so;libmedia_codeclist.so;libmedia_omx.so;libmemunreachable.so;libsensorprivacy.so;libstagefright.so;libstagefright_foundation.so;libxml2.so;libyuv.so;android.frameworks.cameraservice.common@2.0.so;android.frameworks.cameraservice.service@2.0.so;android.frameworks.cameraservice.service@2.1.so;android.frameworks.cameraservice.service@2.2.so;android.frameworks.cameraservice.device@2.0.so;android.frameworks.cameraservice.device@2.1.so;android.hardware.camera.common@1.0.so;android.hardware.camera.provider@2.4.so;android.hardware.camera.provider@2.5.so;android.hardware.camera.provider@2.6.so;android.hardware.camera.provider@2.7.so;android.hardware.camera.device@3.2.so;android.hardware.camera.device@3.3.so;android.hardware.camera.device@3.4.so;android.hardware.camera.device@3.5.so;android.hardware.camera.device@3.6.so;android.hardware.camera.device@3.7.so;media_permission-aidl-cpp.so;libc++.so;libc.so;libm.so;libdl.so
system,/system/lib/libcap.so,ELF32,ARM,,libcap.so,libc++.so;libc.so;libm.so;libdl.so
system,/system/lib/libcdc_base.so,ELF32,ARM,,libcdc_base.so,libcutils.so;liblog.so;libc++.so;libc.so;libm.so;libdl.so
system,/system/lib/libcdx_base.so,ELF32,ARM,,libcdx_base.so,libcutils.so;libutils.so;liblog.so;libc++.so;libc.so;libm.so;libdl.so
system,/system/lib/libcdx_common.so,ELF32,ARM,,libcdx_common.so,libcutils.so;libutils.so;libcdx_base.so;liblog.so;libc++.so;libc.so;libm.so;libdl.so
system,/system/lib/libcdx_parser.so,ELF32,ARM,,libcdx_parser.so,libdrmframework.so;libbinder.so;libmedia.so;libstagefright_foundation.so;libmediadrm.so;libMemAdapter.so;libcdx_stream.so;libcdx_base.so;libutils.so;liblog.so;libcutils.so;libz.so;libssl.so;libcrypto.so;libcdx_common.so;libc++.so;libc.so;libm.so;libdl.so
system,/system/lib/libcdx_playback.so,ELF32,ARM,,libcdx_playback.so,libutils.so;libcutils.so;libbinder.so;liblog.so;libmedia.so;libvdecoder.so;libsubdecoder.so;libMemAdapter.so;libcdx_base.so;libion.so;libcdx_common.so;libc++.so;libc.so;libm.so;libdl.so
system,/system/lib/libcdx_stream.so,ELF32,ARM,,libcdx_stream.so,libutils.so;libcutils.so;libcrypto.so;libcdx_base.so;libssl.so;liblive555.so;libz.so;libcdx_common.so;liblog.so;libc++.so;libc.so;libm.so;libdl.so
system,/system/lib/libcfg_if.dylib.so,ELF32,ARM,,,libc.so
system,/system/lib/libcgrouprc.so,ELF32,ARM,,libcgrouprc.so,libbase.so;libc++.so;libc.so;libm.so;libdl.so
system,/system/lib/libcheckfile.so,ELF32,ARM,,libcheckfile.so,libcutils.so;liblog.so;libc++.so;libc.so;libm.so;libdl.so
system,/system/lib/libchrome.so,ELF32,ARM,,libchrome.so,libbase.so;libevent.so;libcutils.so;liblog.so;libc++.so;libc.so;libm.so;libdl.so
system,/system/lib/libchrono.dylib.so,ELF32,ARM,,,libstd.dylib.so;libc.so
system,/system/lib/libclang_rt.asan-arm-android.so,ELF32,ARM,,libclang_rt.asan-arm-android.so,libc++.so;libc.so;libdl.so;libm.so;liblog.so
system,/system/lib/libclang_rt.ubsan_standalone-arm-android.so,ELF32,ARM,,libclang_rt.ubsan_standalone-arm-android.so,libc++.so;libc.so;libdl.so;liblog.so
system,/system/lib/libcodec2.so,ELF32,ARM,,libcodec2.so,libc++.so;libc.so;libm.so;libdl.so
system,/system/lib/libcodec2_client.so,ELF32,ARM,,libcodec2_client.so,android.hardware.graphics.bufferqueue@1.0.so;android.hardware.media.bufferpool@2.0.so;android.hardware.media.c2@1.0.so;android.hardware.media.c2@1.1.so;android.hardware.media.c2@1.2.so;libbase.so;libbinder.so;libcodec2.so;libcodec2_hidl_client@1.0.so;libcodec2_hidl_client@1.1.so;libcodec2_hidl_client@1.2.so;libcodec2_vndk.so;libcutils.so;libgui.so;libhidlbase.so;liblog.so;libstagefright_bufferpool@2.0.1.so;libui.so;libutils.so;libc++.so;libc.so;libm.so;libdl.so
system,/system/lib/libcodec2_hidl@1.0.so,ELF32,ARM,,libcodec2_hidl@1.0.so,android.hardware.graphics.bufferqueue@1.0.so;android.hardware.graphics.bufferqueue@2.0.so;android.hardware.graphics.common@1.0.so;android.hardware.media@1.0.so;android.hardware.media.bufferpool@2.0.so;android.hardware.media.c2@1.0.so;android.hardware.media.omx@1.0.so;libbase.so;libcodec2.so;libcodec2_vndk.so;libcodec2_hidl_plugin_stub.so;libcutils.so;libhidlbase.so;liblog.so;libstagefright_bufferpool@2.0.1.so;libstagefright_bufferqueue_helper_novndk.so;libui.so;libutils.so;libc++.so;libc.so;libm.so;libdl.so
system,/system/lib/libcodec2_hidl@1.1.so,ELF32,ARM,,libcodec2_hidl@1.1.so,android.hardware.graphics.bufferqueue@1.0.so;android.hardware.graphics.bufferqueue@2.0.so;android.hardware.graphics.common@1.0.so;android.hardware.media@1.0.so;android.hardware.media.bufferpool@2.0.so;android.hardware.media.c2@1.0.so;android.hardware.media.c2@1.1.so;android.hardware.media.omx@1.0.so;libbase.so;libcodec2.so;libcodec2_hidl@1.0.so;libcodec2_hidl_plugin_stub.so;libcodec2_vndk.so;libcutils.so;libhidlbase.so;liblog.so;libstagefright_bufferpool@2.0.1.so;libstagefright_bufferqueue_helper_novndk.so;libui.so;libutils.so;libc++.so;libc.so;libm.so;libdl.so
system,/system/lib/libcodec2_hidl@1.2.so,ELF32,ARM,,libcodec2_hidl@1.2.so,android.hardware.graphics.bufferqueue@1.0.so;android.hardware.graphics.bufferqueue@2.0.so;android.hardware.graphics.common@1.0.so;android.hardware.media@1.0.so;android.hardware.media.bufferpool@2.0.so;android.hardware.media.c2@1.0.so;android.hardware.media.c2@1.1.so;android.hardware.media.c2@1.2.so;android.hardware.media.omx@1.0.so;libbase.so;libcodec2.so;libcodec2_hidl@1.0.so;libcodec2_hidl@1.1.so;libcodec2_hidl_plugin_stub.so;libcodec2_vndk.so;libcutils.so;libhidlbase.so;liblog.so;libstagefright_bufferpool@2.0.1.so;libstagefright_bufferqueue_helper_novndk.so;libui.so;libutils.so;libc++.so;libc.so;libm.so;libdl.so
system,/system/lib/libcodec2_hidl_client@1.0.so,ELF32,ARM,,libcodec2_hidl_client@1.0.so,android.hardware.media.bufferpool@2.0.so;android.hardware.media.c2@1.0.so;libbase.so;libcodec2.so;libcodec2_vndk.so;libcutils.so;libgui.so;libhidlbase.so;liblog.so;libstagefright_bufferpool@2.0.1.so;libui.so;libutils.so;libc++.so;libc.so;libm.so;libdl.so
system,/system/lib/libcodec2_hidl_client@1.1.so,ELF32,ARM,,libcodec2_hidl_client@1.1.so,android.hardware.media.bufferpool@2.0.so;android.hardware.media.c2@1.0.so;android.hardware.media.c2@1.1.so;libbase.so;libcodec2.so;libcodec2_hidl_client@1.0.so;libcodec2_vndk.so;libcutils.so;libgui.so;libhidlbase.so;liblog.so;libstagefright_bufferpool@2.0.1.so;libui.so;libutils.so;libc++.so;libc.so;libm.so;libdl.so
system,/system/lib/libcodec2_hidl_client@1.2.so,ELF32,ARM,,libcodec2_hidl_client@1.2.so,android.hardware.media.bufferpool@2.0.so;android.hardware.media.c2@1.0.so;android.hardware.media.c2@1.1.so;android.hardware.media.c2@1.2.so;libbase.so;libcodec2.so;libcodec2_hidl_client@1.0.so;libcodec2_hidl_client@1.1.so;libcodec2_vndk.so;libcutils.so;libgui.so;libhidlbase.so;liblog.so;libstagefright_bufferpool@2.0.1.so;libui.so;libutils.so;libc++.so;libc.so;libm.so;libdl.so
system,/system/lib/libcodec2_hidl_plugin_stub.so,ELF32,ARM,,libcodec2_hidl_plugin_stub.so,libbase.so;libcodec2.so;libcodec2_vndk.so;liblog.so;libutils.so;libc++.so;libc.so;libm.so;libdl.so
system,/system/lib/libcodec2_soft_aacdec.so,ELF32,ARM,,libcodec2_soft_aacdec.so,libbase.so;libcodec2.so;libcodec2_vndk.so;libutils.so;libcodec2_soft_common.so;libcutils.so;liblog.so;libsfplugin_ccodec_utils.so;libstagefright_foundation.so;libc++.so;libc.so;libm.so;libdl.so
system,/system/lib/libcodec2_soft_aacenc.so,ELF32,ARM,,libcodec2_soft_aacenc.so,libbase.so;libcodec2.so;libcodec2_vndk.so;libutils.so;libcodec2_soft_common.so;libcutils.so;liblog.so;libsfplugin_ccodec_utils.so;libstagefright_foundation.so;libc++.so;libc.so;libm.so;libdl.so
system,/system/lib/libcodec2_soft_amrnbdec.so,ELF32,ARM,,libcodec2_soft_amrnbdec.so,libbase.so;libcodec2.so;libcodec2_vndk.so;libutils.so;libcodec2_soft_common.so;libcutils.so;liblog.so;libsfplugin_ccodec_utils.so;libstagefright_foundation.so;libstagefright_amrnb_common.so;libc++.so;libc.so;libm.so;libdl.so
system,/system/lib/libcodec2_soft_amrnbenc.so,ELF32,ARM,,libcodec2_soft_amrnbenc.so,libbase.so;libcodec2.so;libcodec2_vndk.so;libutils.so;libcodec2_soft_common.so;libcutils.so;liblog.so;libsfplugin_ccodec_utils.so;libstagefright_foundation.so;libstagefright_amrnb_common.so;libc++.so;libc.so;libm.so;libdl.so
system,/system/lib/libcodec2_soft_amrwbdec.so,ELF32,ARM,,libcodec2_soft_amrwbdec.so,libbase.so;libcodec2.so;libcodec2_vndk.so;libutils.so;libcodec2_soft_common.so;libcutils.so;liblog.so;libsfplugin_ccodec_utils.so;libstagefright_foundation.so;libstagefright_amrnb_common.so;libc++.so;libc.so;libm.so;libdl.so
system,/system/lib/libcodec2_soft_amrwbenc.so,ELF32,ARM,,libcodec2_soft_amrwbenc.so,libbase.so;libcodec2.so;libcodec2_vndk.so;libutils.so;libcodec2_soft_common.so;libcutils.so;liblog.so;libsfplugin_ccodec_utils.so;libstagefright_foundation.so;libstagefright_enc_common.so;libc++.so;libc.so;libm.so;libdl.so
system,/system/lib/libcodec2_soft_av1dec_gav1.so,ELF32,ARM,,libcodec2_soft_av1dec_gav1.so,libbase.so;libcodec2.so;libcodec2_vndk.so;libutils.so;libcodec2_soft_common.so;libcutils.so;liblog.so;libsfplugin_ccodec_utils.so;libstagefright_foundation.so;libc++.so;libc.so;libm.so;libdl.so
system,/system/lib/libcodec2_soft_avcdec.so,ELF32,ARM,,libcodec2_soft_avcdec.so,libbase.so;libcodec2.so;libcodec2_vndk.so;libutils.so;libcodec2_soft_common.so;libcutils.so;liblog.so;libsfplugin_ccodec_utils.so;libstagefright_foundation.so;libc++.so;libc.so;libm.so;libdl.so
system,/system/lib/libcodec2_soft_avcenc.so,ELF32,ARM,,libcodec2_soft_avcenc.so,libbase.so;libcodec2.so;libcodec2_vndk.so;libutils.so;libcodec2_soft_common.so;libcutils.so;liblog.so;libsfplugin_ccodec_utils.so;libstagefright_foundation.so;libc++.so;libc.so;libm.so;libdl.so
system,/system/lib/libcodec2_soft_common.so,ELF32,ARM,,libcodec2_soft_common.so,libbase.so;libcodec2.so;libcodec2_vndk.so;libutils.so;libcutils.so;liblog.so;libsfplugin_ccodec_utils.so;libstagefright_foundation.so;libc++.so;libc.so;libm.so;libdl.so
system,/system/lib/libcodec2_soft_flacdec.so,ELF32,ARM,,libcodec2_soft_flacdec.so,libbase.so;libcodec2.so;libcodec2_vndk.so;libutils.so;libcodec2_soft_common.so;libcutils.so;liblog.so;libsfplugin_ccodec_utils.so;libstagefright_foundation.so;libstagefright_flacdec.so;libc++.so;libc.so;libm.so;libdl.so
system,/system/lib/libcodec2_soft_flacenc.so,ELF32,ARM,,libcodec2_soft_flacenc.so,libbase.so;libcodec2.so;libcodec2_vndk.so;libutils.so;libcodec2_soft_common.so;libcutils.so;liblog.so;libsfplugin_ccodec_utils.so;libstagefright_foundation.so;libc++.so;libc.so;libm.so;libdl.so
system,/system/lib/libcodec2_soft_g711alawdec.so,ELF32,ARM,,libcodec2_soft_g711alawdec.so,libbase.so;libcodec2.so;libcodec2_vndk.so;libutils.so;libcodec2_soft_common.so;libcutils.so;liblog.so;libsfplugin_ccodec_utils.so;libstagefright_foundation.so;libc++.so;libc.so;libm.so;libdl.so
system,/system/lib/libcodec2_soft_g711mlawdec.so,ELF32,ARM,,libcodec2_soft_g711mlawdec.so,libbase.so;libcodec2.so;libcodec2_vndk.so;libutils.so;libcodec2_soft_common.so;libcutils.so;liblog.so;libsfplugin_ccodec_utils.so;libstagefright_foundation.so;libc++.so;libc.so;libm.so;libdl.so
system,/system/lib/libcodec2_soft_gsmdec.so,ELF32,ARM,,libcodec2_soft_gsmdec.so,libbase.so;libcodec2.so;libcodec2_vndk.so;libutils.so;libcodec2_soft_common.so;libcutils.so;liblog.so;libsfplugin_ccodec_utils.so;libstagefright_foundation.so;libc++.so;libc.so;libm.so;libdl.so
system,/system/lib/libcodec2_soft_h263dec.so,ELF32,ARM,,libcodec2_soft_h263dec.so,libbase.so;libcodec2.so;libcodec2_vndk.so;libutils.so;libcodec2_soft_common.so;libcutils.so;liblog.so;libsfplugin_ccodec_utils.so;libstagefright_foundation.so;libc++.so;libc.so;libm.so;libdl.so
system,/system/lib/libcodec2_soft_h263enc.so,ELF32,ARM,,libcodec2_soft_h263enc.so,libbase.so;libcodec2.so;libcodec2_vndk.so;libutils.so;libcodec2_soft_common.so;libcutils.so;liblog.so;libsfplugin_ccodec_utils.so;libstagefright_foundation.so;libc++.so;libc.so;libm.so;libdl.so
system,/system/lib/libcodec2_soft_hevcdec.so,ELF32,ARM,,libcodec2_soft_hevcdec.so,libbase.so;libcodec2.so;libcodec2_vndk.so;libutils.so;libcodec2_soft_common.so;libcutils.so;liblog.so;libsfplugin_ccodec_utils.so;libstagefright_foundation.so;libc++.so;libc.so;libm.so;libdl.so
system,/system/lib/libcodec2_soft_hevcenc.so,ELF32,ARM,,libcodec2_soft_hevcenc.so,libbase.so;libcodec2.so;libcodec2_vndk.so;libutils.so;libcodec2_soft_common.so;libcutils.so;liblog.so;libsfplugin_ccodec_utils.so;libstagefright_foundation.so;libc++.so;libc.so;libm.so;libdl.so
system,/system/lib/libcodec2_soft_mp3dec.so,ELF32,ARM,,libcodec2_soft_mp3dec.so,libbase.so;libcodec2.so;libcodec2_vndk.so;libutils.so;libcodec2_soft_common.so;libcutils.so;liblog.so;libsfplugin_ccodec_utils.so;libstagefright_foundation.so;libc++.so;libc.so;libm.so;libdl.so
system,/system/lib/libcodec2_soft_mpeg2dec.so,ELF32,ARM,,libcodec2_soft_mpeg2dec.so,libbase.so;libcodec2.so;libcodec2_vndk.so;libutils.so;libcodec2_soft_common.so;libcutils.so;liblog.so;libsfplugin_ccodec_utils.so;libstagefright_foundation.so;libc++.so;libc.so;libm.so;libdl.so
system,/system/lib/libcodec2_soft_mpeg4dec.so,ELF32,ARM,,libcodec2_soft_mpeg4dec.so,libbase.so;libcodec2.so;libcodec2_vndk.so;libutils.so;libcodec2_soft_common.so;libcutils.so;liblog.so;libsfplugin_ccodec_utils.so;libstagefright_foundation.so;libc++.so;libc.so;libm.so;libdl.so
system,/system/lib/libcodec2_soft_mpeg4enc.so,ELF32,ARM,,libcodec2_soft_mpeg4enc.so,libbase.so;libcodec2.so;libcodec2_vndk.so;libutils.so;libcodec2_soft_common.so;libcutils.so;liblog.so;libsfplugin_ccodec_utils.so;libstagefright_foundation.so;libc++.so;libc.so;libm.so;libdl.so
system,/system/lib/libcodec2_soft_opusdec.so,ELF32,ARM,,libcodec2_soft_opusdec.so,libbase.so;libcodec2.so;libcodec2_vndk.so;libutils.so;libcodec2_soft_common.so;libcutils.so;liblog.so;libsfplugin_ccodec_utils.so;libstagefright_foundation.so;libopus.so;libc++.so;libc.so;libm.so;libdl.so
system,/system/lib/libcodec2_soft_opusenc.so,ELF32,ARM,,libcodec2_soft_opusenc.so,libbase.so;libcodec2.so;libcodec2_vndk.so;libutils.so;libcodec2_soft_common.so;libcutils.so;liblog.so;libsfplugin_ccodec_utils.so;libstagefright_foundation.so;libopus.so;libc++.so;libc.so;libm.so;libdl.so
system,/system/lib/libcodec2_soft_rawdec.so,ELF32,ARM,,libcodec2_soft_rawdec.so,libbase.so;libcodec2.so;libcodec2_vndk.so;libutils.so;libcodec2_soft_common.so;libcutils.so;liblog.so;libsfplugin_ccodec_utils.so;libstagefright_foundation.so;libc++.so;libc.so;libm.so;libdl.so
system,/system/lib/libcodec2_soft_vorbisdec.so,ELF32,ARM,,libcodec2_soft_vorbisdec.so,libbase.so;libcodec2.so;libcodec2_vndk.so;libutils.so;libcodec2_soft_common.so;libcutils.so;liblog.so;libsfplugin_ccodec_utils.so;libstagefright_foundation.so;libc++.so;libc.so;libm.so;libdl.so
system,/system/lib/libcodec2_soft_vp8dec.so,ELF32,ARM,,libcodec2_soft_vp8dec.so,libbase.so;libcodec2.so;libcodec2_vndk.so;libutils.so;libcodec2_soft_common.so;libcutils.so;liblog.so;libsfplugin_ccodec_utils.so;libstagefright_foundation.so;libvpx.so;libc++.so;libc.so;libm.so;libdl.so
system,/system/lib/libcodec2_soft_vp8enc.so,ELF32,ARM,,libcodec2_soft_vp8enc.so,libbase.so;libcodec2.so;libcodec2_vndk.so;libutils.so;libcodec2_soft_common.so;libcutils.so;liblog.so;libsfplugin_ccodec_utils.so;libstagefright_foundation.so;libvpx.so;libc++.so;libc.so;libm.so;libdl.so
system,/system/lib/libcodec2_soft_vp9dec.so,ELF32,ARM,,libcodec2_soft_vp9dec.so,libbase.so;libcodec2.so;libcodec2_vndk.so;libutils.so;libcodec2_soft_common.so;libcutils.so;liblog.so;libsfplugin_ccodec_utils.so;libstagefright_foundation.so;libvpx.so;libc++.so;libc.so;libm.so;libdl.so
system,/system/lib/libcodec2_soft_vp9enc.so,ELF32,ARM,,libcodec2_soft_vp9enc.so,libbase.so;libcodec2.so;libcodec2_vndk.so;libutils.so;libcodec2_soft_common.so;libcutils.so;liblog.so;libsfplugin_ccodec_utils.so;libstagefright_foundation.so;libvpx.so;libc++.so;libc.so;libm.so;libdl.so
system,/system/lib/libcodec2_vndk.so,ELF32,ARM,,libcodec2_vndk.so,android.hardware.graphics.bufferqueue@2.0.so;android.hardware.graphics.common@1.2.so;android.hardware.media.bufferpool@2.0.so;libbase.so;libcutils.so;libhardware.so;libhidlbase.so;libion.so;libdmabufheap.so;libfmq.so;liblog.so;libnativewindow.so;libstagefright_foundation.so;libstagefright_bufferpool@2.0.1.so;libui.so;libutils.so;libc++.so;libc.so;libm.so;libdl.so
system,/system/lib/libcompiler_rt.so,ELF32,ARM,,libcompiler_rt.so,liblog.so;libc.so;libm.so;libdl.so
system,/system/lib/libcppbor_external.so,ELF32,ARM,,libcppbor_external.so,libbase.so;libcrypto.so;libc++.so;libc.so;libm.so;libdl.so
system,/system/lib/libcppcose_rkp.so,ELF32,ARM,,libcppcose_rkp.so,libcppbor_external.so;libcrypto.so;liblog.so;libc++.so;libc.so;libm.so;libdl.so
system,/system/lib/libcrc32fast.dylib.so,ELF32,ARM,,,libstd.dylib.so;libc.so
system,/system/lib/libcredstore_aidl.so,ELF32,ARM,,libcredstore_aidl.so,libbinder.so;libutils.so;libkeymaster4support.so;libc++.so;libc.so;libm.so;libdl.so
system,/system/lib/libcrypto.so,ELF32,ARM,,libcrypto.so,libc.so;libm.so;libdl.so
system,/system/lib/libcrypto_utils.so,ELF32,ARM,,libcrypto_utils.so,libcrypto.so;libc++.so;libc.so;libm.so;libdl.so
system,/system/lib/libcups.so,ELF32,ARM,,libcups.so,libz.so;liblog.so;libcrypto.so;libssl.so;libc++.so;libc.so;libm.so;libdl.so
system,/system/lib/libcurl.so,ELF32,ARM,,libcurl.so,libcrypto.so;libssl.so;libz.so;libc++.so;libc.so;libm.so;libdl.so
system,/system/lib/libcutils.so,ELF32,ARM,,libcutils.so,liblog.so;libbase.so;libc++.so;libc.so;libm.so;libdl.so
system,/system/lib/libdataloader.so,ELF32,ARM,,libdataloader.so,libbase.so;libincfs.so;liblog.so;libutils.so;libc++.so;libc.so;libm.so;libdl.so
system,/system/lib/libdatasource.so,ELF32,ARM,,libdatasource.so,liblog.so;libcutils.so;libutils.so;libstagefright_foundation.so;libc++.so;libc.so;libm.so;libdl.so
system,/system/lib/libdebuggerd_client.so,ELF32,ARM,,libdebuggerd_client.so,libbase.so;libcutils.so;libprocinfo.so;libc++.so;libc.so;libm.so;libdl.so
system,/system/lib/libdiskconfig.so,ELF32,ARM,,libdiskconfig.so,libcutils.so;liblog.so;libc++.so;libc.so;libm.so;libdl.so
system,/system/lib/libdisplayservicehidl.so,ELF32,ARM,,libdisplayservicehidl.so,libbase.so;liblog.so;libgui.so;libhidlbase.so;libutils.so;android.frameworks.displayservice@1.0.so;libc++.so;libc.so;libm.so;libdl.so
system,/system/lib/libdmabufheap.so,ELF32,ARM,,libdmabufheap.so,liblog.so;libc++.so;libc.so;libm.so;libdl.so
system,/system/lib/libdng_sdk.so,ELF32,ARM,,libdng_sdk.so,libz.so;libjpeg.so;libc++.so;libc.so;libm.so;libdl.so
system,/system/lib/libdrmframework.so,ELF32,ARM,,libdrmframework.so,libutils.so;libcutils.so;liblog.so;libbinder.so;libdrmframeworkcommon.so;libc++.so;libc.so;libm.so;libdl.so
system,/system/lib/libdrmframework_jni.so,ELF32,ARM,,libdrmframework_jni.so,libdrmframework.so;libdrmframeworkcommon.so;liblog.so;libutils.so;libandroid_runtime.so;libnativehelper.so;libbinder.so;libc++.so;libc.so;libm.so;libdl.so
system,/system/lib/libdrmframeworkcommon.so,ELF32,ARM,,libdrmframeworkcommon.so,libbinder.so;liblog.so;libutils.so;libc++.so;libc.so;libm.so;libdl.so
system,/system/lib/libdumpstateaidl.so,ELF32,ARM,,libdumpstateaidl.so,libbinder.so;libutils.so;libc++.so;libc.so;libm.so;libdl.so
system,/system/lib/libdumpstateutil.so,ELF32,ARM,,libdumpstateutil.so,libbase.so;liblog.so;libc++.so;libc.so;libm.so;libdl.so
system,/system/lib/libdumputils.so,ELF32,ARM,,libdumputils.so,libbase.so;libhidlbase.so;liblog.so;libutils.so;libc++.so;libc.so;libm.so;libdl.so
system,/system/lib/libdynamic_depth.so,ELF32,ARM,,libdynamic_depth.so,libbase.so;libimage_io.so;libxml2.so;libc++.so;libc.so;libm.so;libdl.so
system,/system/lib/libeffectsconfig.so,ELF32,ARM,,libeffectsconfig.so,liblog.so;libtinyxml2.so;libutils.so;libmedia_helper.so;libcutils.so;libc++.so;libc.so;libm.so;libdl.so
system,/system/lib/libenv_logger.dylib.so,ELF32,ARM,,,liblog.dylib.so;libstd.dylib.so;libc.so
system,/system/lib/libevent.so,ELF32,ARM,,libevent.so,libc++.so;libc.so;libm.so;libdl.so
system,/system/lib/libexif.so,ELF32,ARM,,libexif.so,liblog.so;libc++.so;libc.so;libm.so;libdl.so
system,/system/lib/libexpat.so,ELF32,ARM,,libexpat.so,libc.so;libm.so;libdl.so
system,/system/lib/libext2_blkid.so,ELF32,ARM,,libext2_blkid.so,libext2_uuid.so;libc++.so;libc.so;libm.so;libdl.so
system,/system/lib/libext2_com_err.so,ELF32,ARM,,libext2_com_err.so,libc++.so;libc.so;libm.so;libdl.so
system,/system/lib/libext2_e2p.so,ELF32,ARM,,libext2_e2p.so,libc++.so;libc.so;libm.so;libdl.so
system,/system/lib/libext2_misc.so,ELF32,ARM,,libext2_misc.so,libext2fs.so;libext2_com_err.so;libext2_quota.so;libc++.so;libc.so;libdl.so
system,/system/lib/libext2_quota.so,ELF32,ARM,,libext2_quota.so,libext2fs.so;libext2_blkid.so;libext2_com_err.so;libc++.so;libc.so;libm.so;libdl.so
system,/system/lib/libext2_uuid.so,ELF32,ARM,,libext2_uuid.so,libc++.so;libc.so;libm.so;libdl.so
system,/system/lib/libext2fs.so,ELF32,ARM,,libext2fs.so,libext2_com_err.so;libsparse.so;libz.so;libext2_uuid.so;libc++.so;libc.so;libm.so;libdl.so
system,/system/lib/libext4_utils.so,ELF32,ARM,,libext4_utils.so,libz.so;libbase.so;libcutils.so;libext2_uuid.so;libc++.so;libc.so;libm.so;libdl.so
system,/system/lib/libf2fs_sparseblock.so,ELF32,ARM,,libf2fs_sparseblock.so,liblog.so;libcutils.so;libc++.so;libc.so;libm.so;libdl.so
system,/system/lib/libfbm.so,ELF32,ARM,,libfbm.so,libcutils.so;libutils.so;liblog.so;libui.so;libcdc_base.so;libMemAdapter.so;libvideoengine.so;libc++.so;libc.so;libm.so;libdl.so
system,/system/lib/libfdtrack.so,ELF32,ARM,,libfdtrack.so,libc.so;libm.so;libdl.so
system,/system/lib/libfec.so,ELF32,ARM,,libfec.so,libbase.so;libcrypto.so;libcrypto_utils.so;libcutils.so;libext4_utils.so;libsquashfs_utils.so;libc++.so;libc.so;libm.so;libdl.so
system,/system/lib/libfilterfw.so,ELF32,ARM,,libfilterfw.so,libGLESv2.so;libEGL.so;libgui.so;libcutils.so;libutils.so;liblog.so;libandroid.so;libjnigraphics.so;libmedia.so;libc++.so;libc.so;libm.so;libdl.so
system,/system/lib/libfilterpack_imageproc.so,ELF32,ARM,,libfilterpack_imageproc.so,liblog.so;libutils.so;libfilterfw.so;libc++.so;libc.so;libm.so;libdl.so
system,/system/lib/libflatbuffers-cpp.so,ELF32,ARM,,libflatbuffers-cpp.so,libc++.so;libc.so;libm.so;libdl.so
system,/system/lib/libflate2.dylib.so,ELF32,ARM,,,libcrc32fast.dylib.so;libstd.dylib.so;libc.so;libz.so
system,/system/lib/libfmq.so,ELF32,ARM,,libfmq.so,libbase.so;liblog.so;libcutils.so;libutils.so;libc++.so;libc.so;libm.so;libdl.so
system,/system/lib/libfruit.so,ELF32,ARM,,libfruit.so,libc++.so;libc.so;libm.so;libdl.so
system,/system/lib/libfs_mgr.so,ELF32,ARM,,libfs_mgr.so,libbase.so;libcrypto.so;libcrypto_utils.so;libcutils.so;libext4_utils.so;libfec.so;liblog.so;liblp.so;libselinux.so;libc++.so;libc.so;libm.so;libdl.so
system,/system/lib/libfs_mgr_binder.so,ELF32,ARM,,libfs_mgr_binder.so,libbinder.so;libutils.so;libbase.so;libcrypto.so;libcrypto_utils.so;libcutils.so;libext4_utils.so;libfec.so;liblog.so;liblp.so;libselinux.so;libc++.so;libc.so;libm.so;libdl.so
system,/system/lib/libfsverity.so,ELF32,ARM,,libfsverity.so,libcrypto.so;libc++.so;libc.so;libm.so;libdl.so
system,/system/lib/libft2.so,ELF32,ARM,,libft2.so,libpng.so;libz.so;libc++.so;libc.so;libm.so;libdl.so
system,/system/lib/libgatekeeper.so,ELF32,ARM,,libgatekeeper.so,libc++.so;libc.so;libm.so;libdl.so
system,/system/lib/libgatekeeper_aidl.so,ELF32,ARM,,libgatekeeper_aidl.so,libbase.so;libbinder.so;libcutils.so;liblog.so;libutils.so;libc++.so;libc.so;libm.so;libdl.so
system,/system/lib/libgetopts.dylib.so,ELF32,ARM,,,libstd.dylib.so;libc.so
system,/system/lib/libgetrandom.dylib.so,ELF32,ARM,,,libstd.dylib.so;libc.so
system,/system/lib/libgfxstats.so,ELF32,ARM,,libgfxstats.so,libcutils.so;libgraphicsenv.so;liblog.so;libprotoutil.so;libstatslog.so;libstatspull.so;libstatssocket.so;libutils.so;libc++.so;libc.so;libm.so;libdl.so
system,/system/lib/libgifplayer_jni.so,ELF32,ARM,,libgifplayer_jni.so,libnativehelper.so;libm.so;liblog.so;libjnigraphics.so;libandroid.so;libc++.so;libc.so;libdl.so
system,/system/lib/libgpio_jni.so,ELF32,ARM,,libgpio_jni.so,libandroid_runtime.so;libnativehelper.so;libutils.so;libbinder.so;libui.so;libcutils.so;libgpioservice.so;liblog.so;libc++.so;libc.so;libm.so;libdl.so
system,/system/lib/libgpioservice.so,ELF32,ARM,,libgpioservice.so,libcutils.so;libutils.so;libbinder.so;libandroid_runtime.so;liblog.so;libc++.so;libc.so;libm.so;libdl.so
system,/system/lib/libgpumem.so,ELF32,ARM,,libgpumem.so,libbase.so;libbpf.so;libbpf_android.so;libcutils.so;liblog.so;libutils.so;libc++.so;libc.so;libm.so;libdl.so
system,/system/lib/libgpumemtracer.so,ELF32,ARM,,libgpumemtracer.so,libgpumem.so;libbase.so;liblog.so;libutils.so;libc++.so;libc.so;libm.so;libdl.so
system,/system/lib/libgpuservice.so,ELF32,ARM,,libgpuservice.so,libbase.so;libbinder.so;libcutils.so;libgfxstats.so;libgpumem.so;libgpumemtracer.so;libgraphicsenv.so;liblog.so;libutils.so;libvkjson.so;libc++.so;libc.so;libm.so;libdl.so
system,/system/lib/libgralloctypes.so,ELF32,ARM,,libgralloctypes.so,android.hardware.graphics.common-V2-ndk_platform.so;android.hardware.graphics.mapper@4.0.so;libhidlbase.so;liblog.so;libc++.so;libc.so;libm.so;libdl.so
system,/system/lib/libgraphicsenv.so,ELF32,ARM,,libgraphicsenv.so,libbase.so;libbinder.so;libcutils.so;libdl_android.so;liblog.so;libutils.so;libc++.so;libc.so;libm.so;libdl.so
system,/system/lib/libgrpc++.so,ELF32,ARM,,libgrpc++.so,liblog.so;libcrypto.so;libssl.so;libc++.so;libc.so;libm.so;libdl.so
system,/system/lib/libgrpc_wrap.so,ELF32,ARM,,libgrpc_wrap.so,libgrpc++.so;libc++.so;libc.so;libm.so;libdl.so
system,/system/lib/libgsi.so,ELF32,ARM,,libgsi.so,libbase.so;libc++.so;libc.so;libm.so;libdl.so
system,/system/lib/libgui.so,ELF32,ARM,,libgui.so,android.hardware.graphics.bufferqueue@1.0.so;android.hardware.graphics.bufferqueue@2.0.so;android.hardware.graphics.common@1.1.so;android.hardware.graphics.common@1.2.so;android.hidl.token@1.0-utils.so;libbase.so;libcutils.so;libEGL.so;libGLESv2.so;libhidlbase.so;liblog.so;libnativewindow.so;libsync.so;libui.so;libutils.so;libvndksupport.so;android.frameworks.bufferhub@1.0.so;libbinder.so;libbufferhub.so;libbufferhubqueue.so;libinput.so;libpdx_default_transport.so;libc++.so;libc.so;libm.so;libdl.so
system,/system/lib/libhardware.so,ELF32,ARM,,libhardware.so,libcutils.so;liblog.so;libvndksupport.so;libc++.so;libc.so;libm.so;libdl.so
system,/system/lib/libhardware_legacy.so,ELF32,ARM,,libhardware_legacy.so,libbase.so;libbinder.so;libcutils.so;libhidlbase.so;liblog.so;libutils.so;android.system.suspend@1.0.so;libc++.so;libc.so;libm.so;libdl.so
system,/system/lib/libharfbuzz_ng.so,ELF32,ARM,,libharfbuzz_ng.so,libicu.so;liblog.so;libcutils.so;libutils.so;libc++.so;libc.so;libm.so;libdl.so
system,/system/lib/libheif.so,ELF32,ARM,,libheif.so,libbinder.so;liblog.so;libutils.so;libmedia.so;libc++.so;libc.so;libm.so;libdl.so
system,/system/lib/libhidcommand_jni.so,ELF32,ARM,,libhidcommand_jni.so,libandroid.so;libbase.so;liblog.so;libnativehelper.so;libc++.so;libc.so;libm.so;libdl.so
system,/system/lib/libhidl-gen-hash.so,ELF32,ARM,,libhidl-gen-hash.so,libbase.so;libcrypto.so;libssl.so;libc++.so;libc.so;libm.so;libdl.so
system,/system/lib/libhidl-gen-utils.so,ELF32,ARM,,libhidl-gen-utils.so,libbase.so;libc++.so;libc.so;libm.so;libdl.so
system,/system/lib/libhidlallocatorutils.so,ELF32,ARM,,libhidlallocatorutils.so,libbinder.so;libcutils.so;libhidlbase.so;android.hidl.memory@1.0.so;libc++.so;libc.so;libm.so;libdl.so
system,/system/lib/libhidlbase.so,ELF32,ARM,,libhidlbase.so,libbase.so;liblog.so;libutils.so;libcutils.so;libvndksupport.so;libc++.so;libc.so;libm.so;libdl.so
system,/system/lib/libhidlmemory.so,ELF32,ARM,,libhidlmemory.so,libbase.so;liblog.so;libutils.so;libcutils.so;libhidlbase.so;android.hidl.memory@1.0.so;android.hidl.memory.token@1.0.so;libc++.so;libc.so;libm.so;libdl.so
system,/system/lib/libhwui.so,ELF32,ARM,,libhwui.so,libpng.so;libz.so;libdng_sdk.so;libjpeg.so;libpiex.so;libexpat.so;libbase.so;libharfbuzz_ng.so;libminikin.so;libbinder.so;libbinder_ndk.so;libmediandk.so;libpdfium.so;libheif.so;liblog.so;libcutils.so;libutils.so;libEGL.so;libGLESv1_CM.so;libGLESv2.so;libGLESv3.so;libvulkan.so;libnativedisplay.so;libnativewindow.so;libprotobuf-cpp-lite.so;libft2.so;libandroidfw.so;libcrypto.so;libsync.so;libc++.so;libc.so;libm.so;libdl.so
system,/system/lib/libidmap2.so,ELF32,ARM,,libidmap2.so,libandroidfw.so;libbase.so;libcutils.so;libidmap2_policies.so;libprotobuf-cpp-lite.so;libutils.so;libz.so;libziparchive.so;libc++.so;libc.so;libm.so;libdl.so
system,/system/lib/libidmap2_policies.so,ELF32,ARM,,libidmap2_policies.so,libandroidfw.so;libc++.so;libc.so;libm.so;libdl.so
system,/system/lib/libimage_io.so,ELF32,ARM,,libimage_io.so,libc++.so;libc.so;libm.so;libdl.so
system,/system/lib/libimg_utils.so,ELF32,ARM,,libimg_utils.so,liblog.so;libutils.so;libcutils.so;libc++.so;libc.so;libm.so;libdl.so
system,/system/lib/libincfs.so,ELF32,ARM,,libincfs.so,libcrypto.so;liblog.so;libselinux.so;libc++.so;libc.so;libm.so;libdl.so
system,/system/lib/libincident.so,ELF32,ARM,,libincident.so,libbinder.so;liblog.so;libutils.so;libincidentpriv.so;libc++.so;libc.so;libm.so;libdl.so
system,/system/lib/libincidentpriv.so,ELF32,ARM,,libincidentpriv.so,libbinder.so;liblog.so;libutils.so;libprotobuf-cpp-lite.so;libc++.so;libc.so;libm.so;libdl.so
system,/system/lib/libinput.so,ELF32,ARM,,libinput.so,libbase.so;liblog.so;libcutils.so;libutils.so;libbinder.so;libui.so;libc++.so;libc.so;libm.so;libdl.so
system,/system/lib/libinputflinger.so,ELF32,ARM,,libinputflinger.so,android.hardware.input.classifier@1.0.so;libbase.so;libbinder.so;libcrypto.so;libcutils.so;libhidlbase.so;libinput.so;libkll.so;liblog.so;libprotobuf-cpp-lite.so;libstatslog.so;libstatspull.so;libstatssocket.so;libutils.so;libui.so;lib-platform-compat-native-api.so;server_configurable_flags.so;libinputflinger_base.so;libinputreporter.so;libinputreader.so;libc++.so;libc.so;libm.so;libdl.so
system,/system/lib/libinputflinger_base.so,ELF32,ARM,,libinputflinger_base.so,libbase.so;libcutils.so;libinput.so;liblog.so;libui.so;libutils.so;libc++.so;libc.so;libm.so;libdl.so
system,/system/lib/libinputreader.so,ELF32,ARM,,libinputreader.so,libbase.so;libcap.so;libcrypto.so;libcutils.so;libinput.so;liblog.so;libstatslog.so;libui.so;libutils.so;libinputflinger_base.so;libc++.so;libc.so;libm.so;libdl.so
system,/system/lib/libinputreporter.so,ELF32,ARM,,libinputreporter.so,liblog.so;libutils.so;libc++.so;libc.so;libm.so;libdl.so
system,/system/lib/libinputservice.so,ELF32,ARM,,libinputservice.so,libandroid_runtime.so;libbinder.so;libcutils.so;libhwui.so;liblog.so;libutils.so;libgui.so;libui.so;libinput.so;libnativewindow.so;libc++.so;libc.so;libm.so;libdl.so
system,/system/lib/libion.so,ELF32,ARM,,libion.so,liblog.so;libc++.so;libc.so;libm.so;libdl.so
system,/system/lib/libiprouteutil.so,ELF32,ARM,,libiprouteutil.so,libc++.so;libc.so;libdl.so
system,/system/lib/libisomountmanager_jni.so,ELF32,ARM,,libisomountmanager_jni.so,libandroid_runtime.so;libnativehelper.so;libutils.so;libbinder.so;libui.so;libcutils.so;libisomountmanagerservice.so;liblog.so;libc++.so;libc.so;libm.so;libdl.so
system,/system/lib/libisomountmanagerservice.so,ELF32,ARM,,libisomountmanagerservice.so,libcutils.so;libutils.so;liblog.so;libbinder.so;libandroid_runtime.so;libc++.so;libc.so;libm.so;libdl.so
system,/system/lib/libitoa.dylib.so,ELF32,ARM,,,libc.so
system,/system/lib/libjni_eglfencetv.so,ELF32,ARM,,libjni_eglfencetv.so,liblog.so;libEGL.so;libc++.so;libc.so;libm.so;libdl.so
system,/system/lib/libjni_filtershow_filters_tv.so,ELF32,ARM,,libjni_filtershow_filters_tv.so,liblog.so;libjnigraphics.so;libc++.so;libc.so;libm.so;libdl.so
system,/system/lib/libjni_jpegstreamtv.so,ELF32,ARM,,libjni_jpegstreamtv.so,liblog.so;libc.so;libm.so;libdl.so
system,/system/lib/libjni_swos.so,ELF32,ARM,,libjni_swos.so,libandroid_runtime.so;libnativehelper.so;libutils.so;libbinder.so;libui.so;libcutils.so;liblog.so;libc++.so;libc.so;libm.so;libdl.so
system,/system/lib/libjnigraphics.so,ELF32,ARM,,libjnigraphics.so,libhwui.so;liblog.so;libandroid.so;libc++.so;libc.so;libm.so;libdl.so
system,/system/lib/libjpeg.so,ELF32,ARM,,libjpeg.so,libc++.so;libc.so;libm.so;libdl.so
system,/system/lib/libjsoncpp.so,ELF32,ARM,,libjsoncpp.so,libc++.so;libc.so;libm.so;libdl.so
system,/system/lib/libkeymaster4_1support.so,ELF32,ARM,,libkeymaster4_1support.so,android.hardware.keymaster@3.0.so;android.hardware.keymaster@4.0.so;android.hardware.keymaster@4.1.so;libbase.so;libcrypto.so;libhidlbase.so;libkeymaster4support.so;libutils.so;libc++.so;libc.so;libm.so;libdl.so
system,/system/lib/libkeymaster4support.so,ELF32,ARM,,libkeymaster4support.so,android.hardware.keymaster@3.0.so;android.hardware.keymaster@4.0.so;libbase.so;libcrypto.so;libhardware.so;libhidlbase.so;libc++.so;libc.so;libm.so;libdl.so
system,/system/lib/libkeymaster_messages.so,ELF32,ARM,,libkeymaster_messages.so,libc++.so;libc.so;libm.so;libdl.so
system,/system/lib/libkeymaster_portable.so,ELF32,ARM,,libkeymaster_portable.so,libcrypto.so;libcppbor_external.so;libcppcose_rkp.so;libc++.so;libc.so;libm.so;libdl.so
system,/system/lib/libkeymint.so,ELF32,ARM,,libkeymint.so,libhidlbase.so;android.hardware.security.keymint-V1-ndk_platform.so;android.hardware.security.secureclock-V1-ndk_platform.so;android.hardware.security.sharedsecret-V1-ndk_platform.so;lib_android_keymaster_keymint_utils.so;libbase.so;libbinder_ndk.so;libcppbor_external.so;libcrypto.so;libcutils.so;libkeymaster_messages.so;libkeymaster_portable.so;liblog.so;libpuresoftkeymasterdevice.so;libutils.so;libc++.so;libc.so;libm.so;libdl.so
system,/system/lib/libkeymint_support.so,ELF32,ARM,,libkeymint_support.so,android.hardware.security.keymint-V1-ndk_platform.so;libbase.so;libcrypto.so;libutils.so;libc++.so;libc.so;libm.so;libdl.so
system,/system/lib/libkeystore-attestation-application-id.so,ELF32,ARM,,libkeystore-attestation-application-id.so,libbase.so;libbinder.so;libhidlbase.so;liblog.so;libutils.so;libcrypto.so;libc++.so;libc.so;libm.so;libdl.so
system,/system/lib/libkeystore-engine.so,ELF32,ARM,,libkeystore-engine.so,android.system.keystore2-V1-ndk_platform.so;libbinder_ndk.so;libcrypto.so;libcutils.so;liblog.so;libbase.so;libutils.so;libc++.so;libc.so;libm.so;libdl.so
system,/system/lib/libkeystore2_aaid.so,ELF32,ARM,,libkeystore2_aaid.so,libkeystore-attestation-application-id.so;libc++.so;libc.so;libm.so;libdl.so
system,/system/lib/libkeystore2_apc_compat.so,ELF32,ARM,,libkeystore2_apc_compat.so,android.hardware.confirmationui@1.0.so;libbase.so;libhidlbase.so;libutils.so;libc++.so;libc.so;libm.so;libdl.so
system,/system/lib/libkeystore2_crypto.so,ELF32,ARM,,libkeystore2_crypto.so,libcrypto.so;liblog.so;libc++.so;libc.so;libm.so;libdl.so
system,/system/lib/libkeystore2_vintf_cpp.so,ELF32,ARM,,libkeystore2_vintf_cpp.so,libvintf.so;libc++.so;libc.so;libm.so;libdl.so
system,/system/lib/libkeyutils.so,ELF32,ARM,,libkeyutils.so,libc.so;libm.so;libdl.so
system,/system/lib/libkll.so,ELF32,ARM,,libkll.so,libprotobuf-cpp-lite.so;libc++.so;libc.so;libm.so;libdl.so
system,/system/lib/libkm_compat.so,ELF32,ARM,,libkm_compat.so,android.hardware.keymaster@3.0.so;android.hardware.keymaster@4.0.so;android.hardware.keymaster@4.1.so;android.hardware.security.keymint-V1-ndk_platform.so;android.hardware.security.secureclock-V1-ndk_platform.so;android.hardware.security.sharedsecret-V1-ndk_platform.so;android.security.compat-ndk_platform.so;android.system.keystore2-V1-ndk_platform.so;libbase.so;libbinder_ndk.so;libcrypto.so;libhidlbase.so;libkeymaster4_1support.so;libkeymint.so;libkeymint_support.so;libkeystore2_crypto.so;libutils.so;libc++.so;libc.so;libm.so;libdl.so
system,/system/lib/libkm_compat_service.so,ELF32,ARM,,libkm_compat_service.so,android.hardware.security.keymint-V1-ndk_platform.so;android.hardware.security.secureclock-V1-ndk_platform.so;android.hardware.security.sharedsecret-V1-ndk_platform.so;android.security.compat-ndk_platform.so;libbinder_ndk.so;libcrypto.so;libkm_compat.so;libkeymaster4_1support.so;libkeystore2_crypto.so;libc++.so;libc.so;libm.so;libdl.so
system,/system/lib/liblayers_proto.so,ELF32,ARM,,liblayers_proto.so,android.hardware.graphics.common@1.1.so;libgui.so;libui.so;libprotobuf-cpp-lite.so;libbase.so;libc++.so;libc.so;libm.so;libdl.so
system,/system/lib/liblazy_static.dylib.so,ELF32,ARM,,,libc.so
system,/system/lib/libldacBT_abr.so,ELF32,ARM,,libldacBT_abr.so,libldacBT_enc.so;libc++.so;libc.so;libm.so;libdl.so
system,/system/lib/libldacBT_enc.so,ELF32,ARM,,libldacBT_enc.so,libc++.so;libc.so;libm.so;libdl.so
system,/system/lib/liblibc.dylib.so,ELF32,ARM,,,libstd.dylib.so;libc.so
system,/system/lib/liblibprofcollectd.dylib.so,ELF32,ARM,,,libandroid_logger.dylib.so;libserde_json.dylib.so;liblog.dylib.so;libchrono.dylib.so;libprofcollectd_aidl_interface.dylib.so;libbinder_rs.dylib.so;libbinder_ndk_sys.dylib.so;libzip.dylib.so;libflate2.dylib.so;libcrc32fast.dylib.so;libuuid.dylib.so;librand.dylib.so;librand_chacha.dylib.so;libppv_lite86.dylib.so;librand_core.dylib.so;libmacaddr.dylib.so;libserde.dylib.so;libanyhow.dylib.so;libstd.dylib.so;libc++.so;server_configurable_flags.so;libc.so;libbase.so;libsimpleperf_profcollect.so;libbinder_ndk.so
system,/system/lib/liblibz_sys.dylib.so,ELF32,ARM,,,libc.so
system,/system/lib/liblive555.so,ELF32,ARM,/system/bin/linker,liblive555.so,libcutils.so;libstdc++.so;libc.so;libdl.so;libc++.so;libm.so
system,/system/lib/liblockagent.so,ELF32,ARM,,liblockagent.so,libz.so;liblog.so;libc.so;libm.so;libdl.so
system,/system/lib/liblog.dylib.so,ELF32,ARM,,,libstd.dylib.so;libc.so
system,/system/lib/liblog.so,ELF32,ARM,,liblog.so,libc++.so;libc.so;libm.so;libdl.so
system,/system/lib/liblogwrap.so,ELF32,ARM,,liblogwrap.so,libcutils.so;liblog.so;libc++.so;libc.so;libm.so;libdl.so
system,/system/lib/liblp.so,ELF32,ARM,,liblp.so,libcrypto.so;libbase.so;liblog.so;libcrypto_utils.so;libsparse.so;libext4_utils.so;libz.so;libcutils.so;libc++.so;libc.so;libm.so;libdl.so
system,/system/lib/liblpdump.so,ELF32,ARM,,liblpdump.so,libbase.so;liblog.so;liblp.so;libprotobuf-cpp-full.so;libcutils.so;libfs_mgr.so;libc++.so;libc.so;libm.so;libdl.so
system,/system/lib/liblpdump_interface-cpp.so,ELF32,ARM,,liblpdump_interface-cpp.so,libbinder.so;libutils.so;libc++.so;libc.so;libm.so;libdl.so
system,/system/lib/liblz4.so,ELF32,ARM,,liblz4.so,libc++.so;libc.so;libm.so;libdl.so
system,/system/lib/liblzma.so,ELF32,ARM,,liblzma.so,libc.so;libm.so;libdl.so
system,/system/lib/libmacaddr.dylib.so,ELF32,ARM,,,libstd.dylib.so;libc.so
system,/system/lib/libmdnssd.so,ELF32,ARM,,libmdnssd.so,liblog.so;libc++.so;libc.so;libm.so;libdl.so
system,/system/lib/libmedia.so,ELF32,ARM,,libmedia.so,android.hidl.token@1.0-utils.so;audioclient-types-aidl-cpp.so;av-types-aidl-cpp.so;liblog.so;libcutils.so;libprocessgroup.so;libutils.so;libbinder.so;libbinder_ndk.so;libandroidicu.so;libexpat.so;libcamera_client.so;libstagefright_foundation.so;libgui.so;libui.so;libaudioclient.so;libmedia_codeclist.so;libmedia_omx.so;framework-permission-aidl-cpp.so;libc++.so;libc.so;libm.so;libdl.so
system,/system/lib/libmedia_codeclist.so,ELF32,ARM,,libmedia_codeclist.so,android.hardware.media.omx@1.0.so;libbinder.so;liblog.so;libstagefright_foundation.so;libutils.so;libc++.so;libc.so;libm.so;libdl.so
system,/system/lib/libmedia_codecserviceregistrant.so,ELF32,ARM,,libmedia_codecserviceregistrant.so,liblog.so;libcodec2.so;android.hardware.media.c2@1.0.so;android.hardware.media.c2@1.1.so;android.hardware.media.c2@1.2.so;libcodec2_hidl@1.1.so;libcodec2_hidl@1.2.so;libbase.so;libcodec2_hidl@1.0.so;libcodec2_vndk.so;libhidlbase.so;libutils.so;libc++.so;libc.so;libm.so;libdl.so
system,/system/lib/libmedia_helper.so,ELF32,ARM,,libmedia_helper.so,libutils.so;liblog.so;libc++.so;libc.so;libm.so;libdl.so
system,/system/lib/libmedia_jni.so,ELF32,ARM,,libmedia_jni.so,libbase.so;libcodec2.so;libcodec2_vndk.so;audioclient-types-aidl-cpp.so;av-types-aidl-cpp.so;framework-permission-aidl-cpp.so;libandroid_runtime.so;libaudioclient.so;libnativehelper.so;libnativewindow.so;libutils.so;libbinder.so;libmedia.so;libmedia_codeclist.so;libmedia_jni_utils.so;libmedia_omx.so;libmediametrics.so;libmediadrm.so;libmediadrmmetrics_consumer.so;libhwui.so;libui.so;liblog.so;libcutils.so;libgui.so;libstagefright.so;libstagefright_foundation.so;libcamera_client.so;libmtp.so;libpiex.so;libprocessgroup.so;libandroidfw.so;libhidlallocatorutils.so;libhidlbase.so;libsonivox.so;android.hardware.cas@1.0.so;android.hardware.cas.native@1.0.so;android.hardware.drm@1.3.so;android.hardware.drm@1.4.so;android.hidl.memory@1.0.so;android.hidl.token@1.0-utils.so;libc++.so;libc.so;libm.so;libdl.so
system,/system/lib/libmedia_jni_utils.so,ELF32,ARM,,libmedia_jni_utils.so,liblog.so;libui.so;libutils.so;libc++.so;libc.so;libm.so;libdl.so
system,/system/lib/libmedia_omx.so,ELF32,ARM,,libmedia_omx.so,android.hidl.token@1.0-utils.so;android.hardware.media.omx@1.0.so;libbinder.so;libcutils.so;libhidlbase.so;liblog.so;libstagefright_foundation.so;libui.so;libutils.so;libc++.so;libc.so;libm.so;libdl.so
system,/system/lib/libmedia_omx_client.so,ELF32,ARM,,libmedia_omx_client.so,libbinder.so;libcutils.so;libgui.so;libhidlbase.so;liblog.so;libmedia_omx.so;libstagefright_foundation.so;libui.so;libutils.so;libc++.so;libc.so;libm.so;libdl.so
system,/system/lib/libmediadrm.so,ELF32,ARM,,libmediadrm.so,libbinder_ndk.so;libcutils.so;liblog.so;libmedia.so;libmediadrmmetrics_lite.so;libmediametrics.so;libmediautils.so;libstagefright_foundation.so;libutils.so;android.hardware.drm@1.0.so;android.hardware.drm@1.1.so;android.hardware.drm@1.2.so;android.hardware.drm@1.3.so;android.hardware.drm@1.4.so;libhidlallocatorutils.so;libhidlbase.so;libc++.so;libc.so;libm.so;libdl.so
system,/system/lib/libmediadrmmetrics_consumer.so,ELF32,ARM,,libmediadrmmetrics_consumer.so,android.hardware.drm@1.0.so;android.hardware.drm@1.1.so;android.hardware.drm@1.2.so;libbinder.so;libhidlbase.so;liblog.so;libmediadrm.so;libmediadrmmetrics_full.so;libutils.so;libc++.so;libc.so;libm.so;libdl.so
system,/system/lib/libmediadrmmetrics_full.so,ELF32,ARM,,libmediadrmmetrics_full.so,android.hardware.drm@1.0.so;android.hardware.drm@1.1.so;android.hardware.drm@1.2.so;libbase.so;liblog.so;libmediametrics.so;libprotobuf-cpp-full.so;libstagefright_foundation.so;libutils.so;libc++.so;libc.so;libm.so;libdl.so
system,/system/lib/libmediadrmmetrics_lite.so,ELF32,ARM,,libmediadrmmetrics_lite.so,android.hardware.drm@1.0.so;android.hardware.drm@1.1.so;android.hardware.drm@1.2.so;liblog.so;libmediametrics.so;libprotobuf-cpp-lite.so;libutils.so;libc++.so;libc.so;libm.so;libdl.so
system,/system/lib/libmediaextractorservice.so,ELF32,ARM,,libmediaextractorservice.so,libdatasource.so;libmedia.so;libstagefright.so;libstagefright_foundation.so;libbinder.so;libutils.so;liblog.so;libc++.so;libc.so;libm.so;libdl.so
system,/system/lib/libmedialogservice.so,ELF32,ARM,,libmedialogservice.so,libaudioutils.so;libbinder.so;liblog.so;libmediautils.so;libnblog.so;libutils.so;libc++.so;libc.so;libm.so;libdl.so
system,/system/lib/libmediametrics.so,ELF32,ARM,,libmediametrics.so,libbinder.so;libcutils.so;liblog.so;libutils.so;mediametricsservice-aidl-cpp.so;libc++.so;libc.so;libm.so;libdl.so
system,/system/lib/libmediametricsservice.so,ELF32,ARM,,libmediametricsservice.so,mediametricsservice-aidl-cpp.so;libbase.so;libbinder.so;libcutils.so;liblog.so;libmedia_helper.so;libmediametrics.so;libmediautils.so;libmemunreachable.so;libprotobuf-cpp-lite.so;libstagefright_foundation.so;libstatslog.so;libstatspull.so;libstatssocket.so;libutils.so;libc++.so;libc.so;libm.so;libdl.so
system,/system/lib/libmediandk.so,ELF32,ARM,,libmediandk.so,android.hardware.graphics.bufferqueue@1.0.so;android.hidl.token@1.0-utils.so;libandroid_runtime_lazy.so;libbase.so;libdatasource.so;libmedia.so;libmediadrm.so;libmedia_omx.so;libmedia_jni_utils.so;libstagefright.so;libstagefright_foundation.so;liblog.so;libutils.so;libcutils.so;libnativewindow.so;libhidlbase.so;libgui.so;libui.so;libmediandk_utils.so;libc++.so;libc.so;libm.so;libdl.so
system,/system/lib/libmediandk_utils.so,ELF32,ARM,,libmediandk_utils.so,libc++.so;libc.so;libm.so;libdl.so
system,/system/lib/libmediaplayerservice.so,ELF32,ARM,,libmediaplayerservice.so,android.hardware.media.c2@1.0.so;android.hardware.media.omx@1.0.so;av-types-aidl-cpp.so;framework-permission-aidl-cpp.so;libaudioclient_aidl_conversion.so;libbase.so;libactivitymanager_aidl.so;libandroid_net.so;libaudioclient.so;libbinder.so;libcamera_client.so;libcodec2_client.so;libcrypto.so;libcutils.so;libdatasource.so;libdrmframework.so;libgui.so;libhidlbase.so;liblog.so;libmedia.so;libmedia_codeclist.so;libmedia_omx.so;libmediadrm.so;libmediametrics.so;libmediautils.so;libmemunreachable.so;libnetd_client.so;libpowermanager.so;libstagefright.so;libstagefright_foundation.so;libstagefright_httplive.so;libutils.so;libawplayer.so;libawmetadataretriever.so;libstagefright_omx.so;libstagefright_wfd.so;libisomountmanagerservice.so;libc++.so;libc.so;libm.so;libdl.so
system,/system/lib/libmediautils.so,ELF32,ARM,,libmediautils.so,libaudioclient_aidl_conversion.so;libaudioutils.so;libbinder.so;libcutils.so;liblog.so;libutils.so;libhidlbase.so;libpermission.so;android.hardware.graphics.bufferqueue@1.0.so;android.hidl.token@1.0-utils.so;libc++.so;libc.so;libm.so;libdl.so
system,/system/lib/libmeminfo.so,ELF32,ARM,,libmeminfo.so,libbase.so;liblog.so;libprocinfo.so;libc++.so;libc.so;libm.so;libdl.so
system,/system/lib/libmemtrack.so,ELF32,ARM,,libmemtrack.so,libbinder_ndk.so;libhardware.so;liblog.so;libbase.so;libhidlbase.so;libutils.so;android.hardware.memtrack@1.0.so;android.hardware.memtrack-V1-ndk_platform.so;libc++.so;libc.so;libm.so;libdl.so
system,/system/lib/libmemtrackproxy.so,ELF32,ARM,,libmemtrackproxy.so,libbase.so;libbinder_ndk.so;libbinder.so;libhidlbase.so;liblog.so;libcutils.so;libutils.so;android.hardware.memtrack@1.0.so;android.hardware.memtrack-V1-ndk_platform.so;libc++.so;libc.so;libm.so;libdl.so
system,/system/lib/libmemunreachable.so,ELF32,ARM,,libmemunreachable.so,libbase.so;libc++.so;libc.so;libm.so;libdl.so
system,/system/lib/libminijail.so,ELF32,ARM,,libminijail.so,libcap.so;libc++.so;libc.so;libm.so;libdl.so
system,/system/lib/libminikin.so,ELF32,ARM,,libminikin.so,liblog.so;libharfbuzz_ng.so;libandroidicu.so;libc++.so;libc.so;libm.so;libdl.so
system,/system/lib/libmtp.so,ELF32,ARM,,libmtp.so,libasyncio.so;libbase.so;liblog.so;libusbhost.so;libc++.so;libc.so;libm.so;libdl.so
system,/system/lib/libmultiir_jni.so,ELF32,ARM,,libmultiir_jni.so,libandroid_runtime.so;libnativehelper.so;libutils.so;libbinder.so;libui.so;libcutils.so;libmultiirservice.so;liblog.so;libc++.so;libc.so;libm.so;libdl.so
system,/system/lib/libmultiirservice.so,ELF32,ARM,,libmultiirservice.so,libcutils.so;libutils.so;libbinder.so;liblog.so;libandroid_runtime.so;libc++.so;libc.so;libm.so;libdl.so
system,/system/lib/libnativebridge_lazy.so,ELF32,ARM,,libnativebridge_lazy.so,liblog.so;libc++.so;libc.so;libm.so;libdl.so
system,/system/lib/libnativedisplay.so,ELF32,ARM,,libnativedisplay.so,libgui.so;liblog.so;libnativewindow.so;libui.so;libutils.so;libcutils.so;libEGL.so;libGLESv2.so;libc++.so;libc.so;libm.so;libdl.so
system,/system/lib/libnativeloader_lazy.so,ELF32,ARM,,libnativeloader_lazy.so,liblog.so;libc++.so;libc.so;libm.so;libdl.so
system,/system/lib/libnativewindow.so,ELF32,ARM,,libnativewindow.so,libcutils.so;liblog.so;libutils.so;libui.so;android.hardware.graphics.common@1.1.so;libc++.so;libc.so;libm.so;libdl.so
system,/system/lib/libnbaio.so,ELF32,ARM,,libnbaio.so,libaudioutils.so;libcutils.so;liblog.so;libutils.so;libc++.so;libc.so;libm.so;libdl.so
system,/system/lib/libnblog.so,ELF32,ARM,,libnblog.so,libaudioutils.so;libbinder.so;libcutils.so;liblog.so;libmediametrics.so;libutils.so;libc++.so;libc.so;libm.so;libdl.so
system,/system/lib/libnetd_client.so,ELF32,ARM,,libnetd_client.so,libc++.so;libc.so;libm.so;libdl.so
system,/system/lib/libnetdbpf.so,ELF32,ARM,,libnetdbpf.so,libbase.so;libbpf_android.so;liblog.so;libnetdutils.so;libc++.so;libc.so;libm.so;libdl.so
system,/system/lib/libnetdutils.so,ELF32,ARM,,libnetdutils.so,libbase.so;liblog.so;libc++.so;libc.so;libm.so;libdl.so
system,/system/lib/libnetlink.so,ELF32,ARM,,libnetlink.so,libc++.so;libc.so
system,/system/lib/libnetutils.so,ELF32,ARM,,libnetutils.so,libcutils.so;liblog.so;libc++.so;libc.so;libm.so;libdl.so
system,/system/lib/libneuralnetworks_packageinfo.so,ELF32,ARM,,libneuralnetworks_packageinfo.so,libbase.so;libbinder.so;libcutils.so;liblog.so;libutils.so;libc++.so;libc.so;libm.so;libdl.so
system,/system/lib/libnfc-nci.so,ELF32,ARM,,libnfc-nci.so,libcutils.so;liblog.so;libhardware.so;libz.so;libchrome.so;libbase.so;libstatslog.so;libhidlbase.so;libutils.so;android.hardware.nfc@1.0.so;android.hardware.nfc@1.1.so;android.hardware.nfc@1.2.so;libc++.so;libc.so;libm.so;libdl.so
system,/system/lib/libnfc_nci_jni.so,ELF32,ARM,,libnfc_nci_jni.so,libandroidicu.so;libnativehelper.so;libcutils.so;libutils.so;liblog.so;libnfc-nci.so;libchrome.so;libbase.so;libc++.so;libc.so;libm.so;libdl.so
system,/system/lib/libnl.so,ELF32,ARM,,libnl.so,libc++.so;libc.so;libm.so;libdl.so
system,/system/lib/libnum_integer.dylib.so,ELF32,ARM,,,libstd.dylib.so;libc.so;libm.so
system,/system/lib/libnum_traits.dylib.so,ELF32,ARM,,,libstd.dylib.so;libc.so
system,/system/lib/libopus.so,ELF32,ARM,,libopus.so,libc++.so;libc.so;libm.so;libdl.so
system,/system/lib/libpackagelistparser.so,ELF32,ARM,,libpackagelistparser.so,liblog.so;libc++.so;libc.so;libm.so;libdl.so
system,/system/lib/libpassthrua.so,ELF32,ARM,/system/bin/linker,libpassthrua.so,liblog.so;libm.so;libc.so;libdl.so
system,/system/lib/libpassthrud.so,ELF32,ARM,/system/bin/linker,libpassthrud.so,liblog.so;libm.so;libc.so;libdl.so
system,/system/lib/libpcap.so,ELF32,ARM,,libpcap.so,libc++.so;libc.so;libm.so;libdl.so
system,/system/lib/libpcre2.so,ELF32,ARM,,libpcre2.so,libc.so
system,/system/lib/libpdfium.so,ELF32,ARM,,libpdfium.so,libft2.so;libicu.so;libjpeg.so;libz.so;libc++.so;libc.so;libm.so;libdl.so
system,/system/lib/libpdx_default_transport.so,ELF32,ARM,,libpdx_default_transport.so,libbase.so;libbinder.so;libcutils.so;liblog.so;libutils.so;libselinux.so;libc++.so;libc.so;libm.so;libdl.so
system,/system/lib/libperfetto.so,ELF32,ARM,,libperfetto.so,liblog.so;libc++.so;libc.so;libm.so;libdl.so
system,/system/lib/libperfetto_android_internal.so,ELF32,ARM,,libperfetto_android_internal.so,android.hardware.atrace@1.0.so;android.hardware.health@2.0.so;android.hardware.power.stats-V1-cpp.so;android.hardware.power.stats@1.0.so;libbase.so;libbinder.so;libcutils.so;libhidlbase.so;libincident.so;liblog.so;libservices.so;libstatssocket.so;libtracingproxy.so;libutils.so;libc++.so;libc.so;libm.so;libdl.so
system,/system/lib/libpermission.so,ELF32,ARM,,libpermission.so,libutils.so;libbinder.so;libcutils.so;liblog.so;libc++.so;libc.so;libm.so;libdl.so
system,/system/lib/libpiex.so,ELF32,ARM,,libpiex.so,libc++.so;libc.so;libm.so;libdl.so
system,/system/lib/libpng.so,ELF32,ARM,,libpng.so,libz.so;libc++.so;libc.so;libm.so;libdl.so
system,/system/lib/libpower.so,ELF32,ARM,,libpower.so,libbase.so;libbinder.so;libcutils.so;libhidlbase.so;liblog.so;libutils.so;android.system.suspend@1.0.so;libc++.so;libc.so;libm.so;libdl.so
system,/system/lib/libpowermanager.so,ELF32,ARM,,libpowermanager.so,libbinder.so;libhidlbase.so;liblog.so;libutils.so;android.hardware.power@1.0.so;android.hardware.power@1.1.so;android.hardware.power-V2-cpp.so;libc++.so;libc.so;libm.so;libdl.so
system,/system/lib/libpppoe-jni.so,ELF32,ARM,,libpppoe-jni.so,libandroid_runtime.so;libz.so;libcutils.so;libutils.so;libbinder.so;libnetutils.so;liblog.so;libc++.so;libc.so;libm.so;libdl.so
system,/system/lib/libppv_lite86.dylib.so,ELF32,ARM,,,libstd.dylib.so;libc.so
system,/system/lib/libprintspooler_jni.so,ELF32,ARM,,libprintspooler_jni.so,libnativehelper.so;libjnigraphics.so;liblog.so;libc++.so;libc.so;libm.so;libdl.so
system,/system/lib/libprocessgroup.so,ELF32,ARM,,libprocessgroup.so,libbase.so;libcgrouprc.so;libc++.so;libc.so;libm.so;libdl.so
system,/system/lib/libprocessgroup_setup.so,ELF32,ARM,,libprocessgroup_setup.so,libbase.so;libcgrouprc.so;libjsoncpp.so;libc++.so;libc.so;libm.so;libdl.so
system,/system/lib/libprocinfo.so,ELF32,ARM,,libprocinfo.so,libbase.so;libc++.so;libc.so;libm.so;libdl.so
system,/system/lib/libprofcollectd_aidl_interface.dylib.so,ELF32,ARM,,,libbinder_rs.dylib.so;libbinder_ndk_sys.dylib.so;libstd.dylib.so;libc.so;libbinder_ndk.so
system,/system/lib/libprotobuf-cpp-full.so,ELF32,ARM,,libprotobuf-cpp-full.so,libz.so;liblog.so;libc++.so;libc.so;libm.so;libdl.so
system,/system/lib/libprotobuf-cpp-lite.so,ELF32,ARM,,libprotobuf-cpp-lite.so,liblog.so;libc++.so;libc.so;libm.so;libdl.so
system,/system/lib/libprotoutil.so,ELF32,ARM,,libprotoutil.so,libbase.so;libutils.so;libcutils.so;liblog.so;libc++.so;libc.so;libm.so;libdl.so
system,/system/lib/libpsi.so,ELF32,ARM,,libpsi.so,liblog.so;libc++.so;libc.so;libm.so;libdl.so
system,/system/lib/libpuresoftkeymasterdevice.so,ELF32,ARM,,libpuresoftkeymasterdevice.so,libkeymaster_messages.so;libkeymaster_portable.so;libsoft_attestation_cert.so;liblog.so;libcppbor_external.so;libcppcose_rkp.so;libcrypto.so;libcutils.so;libbase.so;libc++.so;libc.so;libm.so;libdl.so
system,/system/lib/libqtaguid.so,ELF32,ARM,,libqtaguid.so,liblog.so;libc++.so;libc.so;libm.so;libdl.so
system,/system/lib/libradio_metadata.so,ELF32,ARM,,libradio_metadata.so,libcutils.so;liblog.so;libc++.so;libc.so;libm.so;libdl.so
system,/system/lib/librand.dylib.so,ELF32,ARM,,,librand_chacha.dylib.so;libppv_lite86.dylib.so;librand_core.dylib.so;libstd.dylib.so;libc.so
system,/system/lib/librand_chacha.dylib.so,ELF32,ARM,,,libstd.dylib.so;libc.so
system,/system/lib/librand_core.dylib.so,ELF32,ARM,,,libgetrandom.dylib.so;libstd.dylib.so;libc.so
system,/system/lib/libresourcemanagerservice.so,ELF32,ARM,,libresourcemanagerservice.so,libmedia.so;libmediautils.so;libbinder.so;libbinder_ndk.so;libutils.so;liblog.so;libc++.so;libc.so;libm.so;libdl.so
system,/system/lib/librs_jni.so,ELF32,ARM,,librs_jni.so,libandroid.so;libandroid_runtime.so;libandroidfw.so;libRS.so;libcutils.so;libhwui.so;liblog.so;libutils.so;libui.so;libgui.so;libjnigraphics.so;libc++.so;libc.so;libm.so;libdl.so
system,/system/lib/librtp.so,ELF32,ARM,/system/bin/linker,librtp.so,libcutils.so;libcdx_base.so;libcdx_stream.so;libc++.so;libdl.so;libc.so;libm.so
system,/system/lib/librtp_jni.so,ELF32,ARM,,librtp_jni.so,framework-permission-aidl-cpp.so;libandroid_runtime.so;libaudioclient.so;libaudiofoundation.so;libbinder.so;libcutils.so;liblog.so;libnativehelper.so;libstagefright_amrnb_common.so;libutils.so;libc++.so;libc.so;libm.so;libdl.so
system,/system/lib/libryu.dylib.so,ELF32,ARM,,,libstd.dylib.so;libc.so
system,/system/lib/libsbm.so,ELF32,ARM,,libsbm.so,libcutils.so;libutils.so;liblog.so;libVE.so;libcdc_base.so;libvideoengine.so;libMemAdapter.so;libc++.so;libc.so;libm.so;libdl.so
system,/system/lib/libscaledown.so,ELF32,ARM,,libscaledown.so,liblog.so;libVE.so;libMemAdapter.so;libcdc_base.so;libc++.so;libc.so;libm.so;libdl.so
system,/system/lib/libschedulerservicehidl.so,ELF32,ARM,,libschedulerservicehidl.so,libhidlbase.so;libmediautils.so;liblog.so;libutils.so;android.frameworks.schedulerservice@1.0.so;libc++.so;libc.so;libm.so;libdl.so
system,/system/lib/libselinux.so,ELF32,ARM,,libselinux.so,liblog.so;libpcre2.so;libpackagelistparser.so;libc.so
system,/system/lib/libsensor.so,ELF32,ARM,,libsensor.so,libbinder.so;libcutils.so;libutils.so;liblog.so;libhardware.so;libpermission.so;libc++.so;libc.so;libm.so;libdl.so
system,/system/lib/libsensorprivacy.so,ELF32,ARM,,libsensorprivacy.so,libbinder.so;libcutils.so;libutils.so;liblog.so;libhardware.so;libc++.so;libc.so;libm.so;libdl.so
system,/system/lib/libsensorservice.so,ELF32,ARM,,libsensorservice.so,libcutils.so;libhardware.so;libhardware_legacy.so;libutils.so;liblog.so;libactivitymanager_aidl.so;libbatterystats_aidl.so;libbinder.so;libsensor.so;libsensorprivacy.so;libpermission.so;libprotoutil.so;libcrypto.so;libbase.so;libhidlbase.so;libfmq.so;android.hardware.sensors@1.0.so;android.hardware.sensors@2.0.so;android.hardware.sensors@2.1.so;libc++.so;libc.so;libm.so;libdl.so
system,/system/lib/libsensorservicehidl.so,ELF32,ARM,,libsensorservicehidl.so,libbase.so;libhidlbase.so;libutils.so;libsensor.so;android.frameworks.sensorservice@1.0.so;android.hardware.sensors@1.0.so;libc++.so;libc.so;libm.so;libdl.so
system,/system/lib/libserde.dylib.so,ELF32,ARM,,,libstd.dylib.so;libc.so
system,/system/lib/libserde_json.dylib.so,ELF32,ARM,,,libryu.dylib.so;libserde.dylib.so;libstd.dylib.so;libc.so
system,/system/lib/libservices.so,ELF32,ARM,,libservices.so,libbinder.so;libcutils.so;liblog.so;libutils.so;libc++.so;libc.so;libm.so;libdl.so
system,/system/lib/libsfplugin_ccodec.so,ELF32,ARM,,libsfplugin_ccodec.so,android.hardware.cas.native@1.0.so;android.hardware.drm@1.0.so;android.hardware.media.c2@1.0.so;android.hardware.media.omx@1.0.so;libbase.so;libbinder.so;libcodec2.so;libcodec2_client.so;libcodec2_vndk.so;libcutils.so;libgui.so;libhidlallocatorutils.so;libhidlbase.so;liblog.so;libmedia_codeclist.so;libmedia_omx.so;libsfplugin_ccodec_utils.so;libstagefright_bufferqueue_helper.so;libstagefright_codecbase.so;libstagefright_foundation.so;libstagefright_omx.so;libstagefright_xmlparser.so;libui.so;libutils.so;libc++.so;libc.so;libm.so;libdl.so
system,/system/lib/libsfplugin_ccodec_utils.so,ELF32,ARM,,libsfplugin_ccodec_utils.so,libbase.so;libcodec2.so;libcodec2_vndk.so;libcutils.so;liblog.so;libnativewindow.so;libstagefright_foundation.so;libutils.so;libc++.so;libc.so;libm.so;libdl.so
system,/system/lib/libshmemcompat.so,ELF32,ARM,,libshmemcompat.so,libbinder.so;libshmemutil.so;libutils.so;shared-file-region-aidl-cpp.so;libc++.so;libc.so;libm.so;libdl.so
system,/system/lib/libshmemutil.so,ELF32,ARM,,libshmemutil.so,shared-file-region-aidl-cpp.so;libc++.so;libc.so;libm.so;libdl.so
system,/system/lib/libsimpleperf_profcollect.so,ELF32,ARM,,libsimpleperf_profcollect.so,libbase.so;liblzma.so;libprotobuf-cpp-lite.so;libziparchive.so;libLLVM_android.so;libcutils.so;libevent.so;liblog.so;libprocinfo.so;libunwindstack.so;libc++.so;libc.so;libm.so;libdl.so
system,/system/lib/libsoft_attestation_cert.so,ELF32,ARM,,libsoft_attestation_cert.so,libkeymaster_portable.so;libc++.so;libc.so;libm.so;libdl.so
system,/system/lib/libsonic.so,ELF32,ARM,,libsonic.so,libc++.so;libc.so;libm.so;libdl.so
system,/system/lib/libsonivox.so,ELF32,ARM,,libsonivox.so,liblog.so;libc++.so;libc.so;libm.so;libdl.so
system,/system/lib/libsoundpool.so,ELF32,ARM,,libsoundpool.so,framework-permission-aidl-cpp.so;libaudioutils.so;liblog.so;libcutils.so;libutils.so;libandroid_runtime.so;libnativehelper.so;libaudioclient.so;libmediandk.so;libbinder.so;libc++.so;libc.so;libm.so;libdl.so
system,/system/lib/libsparse.so,ELF32,ARM,,libsparse.so,libz.so;libbase.so;libc++.so;libc.so;libm.so;libdl.so
system,/system/lib/libspeexresampler.so,ELF32,ARM,,libspeexresampler.so,libc++.so;libc.so;libm.so;libdl.so
system,/system/lib/libsqlite.so,ELF32,ARM,,libsqlite.so,liblog.so;libandroidicu.so;libc++.so;libc.so;libm.so;libdl.so
system,/system/lib/libsquashfs_utils.so,ELF32,ARM,,libsquashfs_utils.so,libcutils.so;libc++.so;libc.so;libm.so;libdl.so
system,/system/lib/libssl.so,ELF32,ARM,,libssl.so,libcrypto.so;libc.so;libm.so;libdl.so
system,/system/lib/libsst.so,ELF32,ARM,,libsst.so,libc.so;libz.so;liblog.so;libcutils.so;libc++.so;libm.so;libdl.so
system,/system/lib/libstagefright.so,ELF32,ARM,,libstagefright.so,libstagefright_framecapture_utils.so;libaudioutils.so;libbase.so;libbinder.so;libbinder_ndk.so;libcamera_client.so;libcodec2.so;libcodec2_vndk.so;libcutils.so;libdatasource.so;libdl_android.so;libgui.so;liblog.so;libmedia.so;libmedia_codeclist.so;libmedia_omx.so;libmedia_omx_client.so;libaudioclient.so;libmediametrics.so;libui.so;libutils.so;libmedia_helper.so;libsfplugin_ccodec.so;libsfplugin_ccodec_utils.so;libstagefright_codecbase.so;libstagefright_foundation.so;libstagefright_omx_utils.so;libRScpp.so;libhidlallocatorutils.so;libhidlbase.so;libhidlmemory.so;android.hidl.allocator@1.0.so;android.hardware.cas.native@1.0.so;android.hardware.drm@1.0.so;android.hardware.media.omx@1.0.so;framework-permission-aidl-cpp.so;libaudioclient_aidl_conversion.so;libc++.so;libc.so;libm.so;libdl.so
system,/system/lib/libstagefright_amrnb_common.so,ELF32,ARM,,libstagefright_amrnb_common.so,libc++.so;libc.so;libm.so;libdl.so
system,/system/lib/libstagefright_bufferpool@2.0.1.so,ELF32,ARM,,libstagefright_bufferpool@2.0.1.so,libcutils.so;libfmq.so;libhidlbase.so;liblog.so;libutils.so;android.hardware.media.bufferpool@2.0.so;libc++.so;libc.so;libm.so;libdl.so
system,/system/lib/libstagefright_bufferqueue_helper.so,ELF32,ARM,,libstagefright_bufferqueue_helper.so,libbase.so;libcutils.so;libhidlbase.so;libhidlmemory.so;liblog.so;libstagefright_foundation.so;libui.so;libutils.so;android.hardware.graphics.bufferqueue@1.0.so;android.hardware.graphics.bufferqueue@2.0.so;libgui.so;libc++.so;libc.so;libm.so;libdl.so
system,/system/lib/libstagefright_bufferqueue_helper_novndk.so,ELF32,ARM,,libstagefright_bufferqueue_helper_novndk.so,libbase.so;libcutils.so;libhidlbase.so;libhidlmemory.so;liblog.so;libstagefright_foundation.so;libui.so;libutils.so;android.hardware.graphics.bufferqueue@1.0.so;android.hardware.graphics.bufferqueue@2.0.so;android.hidl.token@1.0-utils.so;libEGL.so;libnativewindow.so;libvndksupport.so;libc++.so;libc.so;libm.so;libdl.so
system,/system/lib/libstagefright_codecbase.so,ELF32,ARM,,libstagefright_codecbase.so,libgui.so;libhidlallocatorutils.so;liblog.so;libmedia_codeclist.so;libmedia_omx.so;libstagefright_foundation.so;libui.so;libutils.so;android.hardware.cas.native@1.0.so;android.hardware.drm@1.0.so;libc++.so;libc.so;libm.so;libdl.so
system,/system/lib/libstagefright_enc_common.so,ELF32,ARM,,libstagefright_enc_common.so,libc++.so;libc.so;libm.so;libdl.so
system,/system/lib/libstagefright_flacdec.so,ELF32,ARM,,libstagefright_flacdec.so,liblog.so;libc++.so;libc.so;libm.so;libdl.so
system,/system/lib/libstagefright_foundation.so,ELF32,ARM,,libstagefright_foundation.so,libbinder.so;libutils.so;libcutils.so;liblog.so;libc++.so;libc.so;libm.so;libdl.so
system,/system/lib/libstagefright_framecapture_utils.so,ELF32,ARM,,libstagefright_framecapture_utils.so,libbase.so;libcutils.so;libEGL.so;libGLESv1_CM.so;libGLESv2.so;libgui.so;liblog.so;libprocessgroup.so;libstagefright_foundation.so;libsync.so;libui.so;libutils.so;libc++.so;libc.so;libm.so;libdl.so
system,/system/lib/libstagefright_http_support.so,ELF32,ARM,,libstagefright_http_support.so,liblog.so;libutils.so;libandroid_runtime.so;libmedia.so;libc++.so;libc.so;libm.so;libdl.so
system,/system/lib/libstagefright_httplive.so,ELF32,ARM,,libstagefright_httplive.so,liblog.so;libcrypto.so;libcutils.so;libdatasource.so;libmedia.so;libmediandk.so;libstagefright.so;libstagefright_foundation.so;libutils.so;libhidlbase.so;libhidlmemory.so;android.hardware.cas@1.0.so;android.hardware.cas.native@1.0.so;android.hidl.allocator@1.0.so;libc++.so;libc.so;libm.so;libdl.so
system,/system/lib/libstagefright_omx.so,ELF32,ARM,,libstagefright_omx.so,libbase.so;libbinder.so;libmedia_omx.so;libutils.so;liblog.so;libui.so;libcutils.so;libstagefright_foundation.so;libstagefright_bufferqueue_helper.so;libstagefright_xmlparser.so;libhidlbase.so;libhidlmemory.so;libvndksupport.so;android.hardware.media.omx@1.0.so;android.hardware.graphics.bufferqueue@1.0.so;libc++.so;libc.so;libm.so;libdl.so
system,/system/lib/libstagefright_omx_utils.so,ELF32,ARM,,libstagefright_omx_utils.so,libmedia_omx.so;libstagefright_foundation.so;liblog.so;libc++.so;libc.so;libm.so;libdl.so
system,/system/lib/libstagefright_wfd.so,ELF32,ARM,,libstagefright_wfd.so,libclang_rt.ubsan_standalone-arm-android.so;libbinder.so;libcutils.so;liblog.so;libmedia.so;libmedia_omx.so;libstagefright.so;libstagefright_foundation.so;libui.so;libgui.so;libutils.so;libc++.so;libc.so;libm.so;libdl.so
system,/system/lib/libstagefright_xmlparser.so,ELF32,ARM,,libstagefright_xmlparser.so,libbase.so;libexpat.so;liblog.so;libstagefright_omx_utils.so;libc++.so;libc.so;libm.so;libdl.so
system,/system/lib/libstatshidl.so,ELF32,ARM,,libstatshidl.so,android.frameworks.stats@1.0.so;android.frameworks.stats-V1-ndk_platform.so;libbinder_ndk.so;libhidlbase.so;liblog.so;libstatslog.so;libstatssocket.so;libutils.so;libc++.so;libc.so;libm.so;libdl.so
system,/system/lib/libstatslog.so,ELF32,ARM,,libstatslog.so,liblog.so;libcutils.so;libstatssocket.so;libstatspull.so;libc++.so;libc.so;libm.so;libdl.so
system,/system/lib/libstd.dylib.so,ELF32,ARM,,,libc.so;libm.so;libdl.so
system,/system/lib/libstdc++.so,ELF32,ARM,,libstdc++.so,libc.so
system,/system/lib/libsubdecoder.so,ELF32,ARM,,libsubdecoder.so,liblog.so;libutils.so;libcutils.so;libc++.so;libc.so;libm.so;libdl.so
system,/system/lib/libsync.so,ELF32,ARM,,libsync.so,libc++.so;libc.so;libm.so;libdl.so
system,/system/lib/libsystemmix_jni.so,ELF32,ARM,,libsystemmix_jni.so,libandroid_runtime.so;libnativehelper.so;libutils.so;libbinder.so;libui.so;libcutils.so;libsystemmixservice.so;liblog.so;libc++.so;libc.so;libm.so;libdl.so
system,/system/lib/libsystemmixservice.so,ELF32,ARM,,libsystemmixservice.so,libcutils.so;libutils.so;libbinder.so;libandroid_runtime.so;liblog.so;libc++.so;libc.so;libm.so;libdl.so
system,/system/lib/libsysutils.so,ELF32,ARM,,libsysutils.so,libbase.so;libcutils.so;liblog.so;libc++.so;libc.so;libm.so;libdl.so
system,/system/lib/libteec.so,ELF32,ARM,,libteec.so,libcutils.so;liblog.so;libutils.so;libc++.so;libc.so;libm.so;libdl.so
system,/system/lib/libterm.dylib.so,ELF32,ARM,,,libstd.dylib.so;libc.so
system,/system/lib/libtest.dylib.so,ELF32,ARM,,,libterm.dylib.so;libgetopts.dylib.so;libstd.dylib.so;libc.so;libm.so
system,/system/lib/libthiserror.dylib.so,ELF32,ARM,,,libc.so
system,/system/lib/libtimeinstate.so,ELF32,ARM,,libtimeinstate.so,libbase.so;libbpf.so;libbpf_android.so;liblog.so;libnetdutils.so;libc++.so;libc.so;libm.so;libdl.so
system,/system/lib/libtimestats.so,ELF32,ARM,,libtimestats.so,android.hardware.graphics.composer@2.4.so;libbase.so;libcutils.so;liblog.so;libprotobuf-cpp-lite.so;libtimestats_atoms_proto.so;libtimestats_proto.so;libui.so;libutils.so;libc++.so;libc.so;libm.so;libdl.so
system,/system/lib/libtimestats_atoms_proto.so,ELF32,ARM,,libtimestats_atoms_proto.so,libprotobuf-cpp-lite.so;libc++.so;libc.so;libm.so;libdl.so
system,/system/lib/libtimestats_proto.so,ELF32,ARM,,libtimestats_proto.so,libbase.so;libprotobuf-cpp-lite.so;libc++.so;libc.so;libm.so;libdl.so
system,/system/lib/libtinyalsa.so,ELF32,ARM,,libtinyalsa.so,libc++.so;libc.so;libdl.so
system,/system/lib/libtinyxml2.so,ELF32,ARM,,libtinyxml2.so,liblog.so;libc++.so;libc.so;libm.so;libdl.so
system,/system/lib/libtombstoned_client.so,ELF32,ARM,,libtombstoned_client.so,libbase.so;libcutils.so;libc++.so;libc.so;libm.so;libdl.so
system,/system/lib/libtracingproxy.so,ELF32,ARM,,libtracingproxy.so,libbinder.so;libutils.so;libc++.so;libc.so;libm.so;libdl.so
system,/system/lib/libui.so,ELF32,ARM,,libui.so,android.hardware.graphics.allocator@2.0.so;android.hardware.graphics.allocator@3.0.so;android.hardware.graphics.allocator@4.0.so;android.hardware.graphics.common-V2-ndk_platform.so;android.hardware.graphics.common@1.2.so;android.hardware.graphics.mapper@2.0.so;android.hardware.graphics.mapper@2.1.so;android.hardware.graphics.mapper@3.0.so;android.hardware.graphics.mapper@4.0.so;libbase.so;libcutils.so;libgralloctypes.so;libhidlbase.so;libsync.so;libutils.so;liblog.so;libc++.so;libc.so;libm.so;libdl.so
system,/system/lib/libuinputcommand_jni.so,ELF32,ARM,,libuinputcommand_jni.so,libandroid.so;libandroid_runtime_lazy.so;libbase.so;libbinder.so;liblog.so;libnativehelper.so;libc++.so;libc.so;libm.so;libdl.so
system,/system/lib/libunwindstack.so,ELF32,ARM,,libunwindstack.so,libbase.so;liblog.so;liblzma.so;libc++.so;libc.so;libm.so;libdl.so
system,/system/lib/libupdate_engine_stable-V1-cpp.so,ELF32,ARM,,libupdate_engine_stable-V1-cpp.so,libbinder.so;libutils.so;libc++.so;libc.so;libm.so;libdl.so
system,/system/lib/libusbhost.so,ELF32,ARM,,libusbhost.so,liblog.so;libc++.so;libc.so;libm.so;libdl.so
system,/system/lib/libutils.so,ELF32,ARM,,libutils.so,libcutils.so;liblog.so;libprocessgroup.so;libvndksupport.so;libc++.so;libc.so;libm.so;libdl.so
system,/system/lib/libutilscallstack.so,ELF32,ARM,,libutilscallstack.so,libcutils.so;liblog.so;libutils.so;libbacktrace.so;libprocessgroup.so;libvndksupport.so;libc++.so;libc.so;libm.so;libdl.so
system,/system/lib/libuuid.dylib.so,ELF32,ARM,,,libstd.dylib.so;libc.so
system,/system/lib/libvdecoder.so,ELF32,ARM,,libvdecoder.so,libawh264.so;libawavs.so;libawh265.so;libawmjpeg.so;libawmjpegplus.so;libawmpeg2.so;libawmpeg4base.so;libawmpeg4dx.so;libawmpeg4h263.so;libawmpeg4normal.so;libawmpeg4vp6.so;libawvp6soft.so;libawvp8.so;libawwmv3.so;libawwmv12soft.so;libawvp9HwAL.so;libawavs2.so;liblog.so;libcutils.so;libutils.so;libVE.so;libcdc_base.so;libvideoengine.so;libMemAdapter.so;libaftertreatment.so;libfbm.so;libsbm.so;libc++.so;libc.so;libm.so;libdl.so
system,/system/lib/libvenc_base.so,ELF32,ARM,,libvenc_base.so,libcutils.so;libutils.so;libVE.so;libcdc_base.so;libMemAdapter.so;liblog.so;libc++.so;libc.so;libm.so;libdl.so
system,/system/lib/libvenc_common.so,ELF32,ARM,,libvenc_common.so,liblog.so;libcutils.so;libutils.so;libVE.so;libcdc_base.so;libMemAdapter.so;libvenc_base.so;libc++.so;libc.so;libm.so;libdl.so
system,/system/lib/libvenc_h264.so,ELF32,ARM,,libvenc_h264.so,liblog.so;libcutils.so;libutils.so;libVE.so;libcdc_base.so;libMemAdapter.so;libvenc_base.so;libvenc_common.so;libc++.so;libc.so;libm.so;libdl.so
system,/system/lib/libvenc_h265.so,ELF32,ARM,,libvenc_h265.so,liblog.so;libcutils.so;libutils.so;libVE.so;libcdc_base.so;libMemAdapter.so;libvenc_base.so;libvenc_common.so;libc++.so;libc.so;libm.so;libdl.so
system,/system/lib/libvenc_jpeg.so,ELF32,ARM,,libvenc_jpeg.so,liblog.so;libcutils.so;libutils.so;libVE.so;libcdc_base.so;libMemAdapter.so;libvenc_base.so;libvenc_common.so;libc++.so;libc.so;libm.so;libdl.so
system,/system/lib/libvencoder.so,ELF32,ARM,,libvencoder.so,libcutils.so;libutils.so;libVE.so;libcdc_base.so;libMemAdapter.so;libvenc_base.so;libvenc_common.so;libvenc_h264.so;libvenc_h265.so;libvenc_jpeg.so;liblog.so;libc++.so;libc.so;libm.so;libdl.so
system,/system/lib/libvibrator.so,ELF32,ARM,,libvibrator.so,libbinder.so;liblog.so;libutils.so;libc++.so;libc.so;libm.so;libdl.so
system,/system/lib/libvibratorservice.so,ELF32,ARM,,libvibratorservice.so,libbinder.so;libhidlbase.so;liblog.so;libutils.so;android.hardware.vibrator-V2-cpp.so;android.hardware.vibrator@1.0.so;android.hardware.vibrator@1.1.so;android.hardware.vibrator@1.2.so;android.hardware.vibrator@1.3.so;libc++.so;libc.so;libm.so;libdl.so
system,/system/lib/libvideoengine.so,ELF32,ARM,,libvideoengine.so,liblog.so;libcutils.so;libutils.so;libVE.so;libcdc_base.so;libc++.so;libc.so;libm.so;libdl.so
system,/system/lib/libvintf.so,ELF32,ARM,,libvintf.so,libbase.so;libhidl-gen-utils.so;liblog.so;libselinux.so;libtinyxml2.so;libz.so;libc++.so;libc.so;libm.so;libdl.so
system,/system/lib/libvkjson.so,ELF32,ARM,,libvkjson.so,libvulkan.so;libc++.so;libc.so;libm.so;libdl.so
system,/system/lib/libvndksupport.so,ELF32,ARM,,libvndksupport.so,libdl_android.so;liblog.so;libc++.so;libc.so;libm.so;libdl.so
system,/system/lib/libvpx.so,ELF32,ARM,,libvpx.so,libc++.so;libc.so;libm.so;libdl.so
system,/system/lib/libvulkan.so,ELF32,ARM,,libvulkan.so,android.hardware.configstore@1.0.so;android.hardware.configstore-utils.so;libziparchive.so;libhardware.so;libsync.so;libbase.so;libhidlbase.so;liblog.so;libui.so;libgraphicsenv.so;libutils.so;libcutils.so;libz.so;libnativebridge_lazy.so;libnativeloader_lazy.so;libnativewindow.so;libvndksupport.so;android.hardware.graphics.common@1.0.so;libSurfaceFlingerProp.so;libc++.so;libc.so;libm.so;libdl.so
system,/system/lib/libwebviewchromium_loader.so,ELF32,ARM,,libwebviewchromium_loader.so,liblog.so;libnativeloader.so;libc++.so;libc.so;libm.so;libdl.so
system,/system/lib/libwebviewchromium_plat_support.so,ELF32,ARM,,libwebviewchromium_plat_support.so,libandroidfw.so;libcutils.so;libhwui.so;liblog.so;libnativehelper.so;libui.so;libutils.so;libvulkan.so;libc++.so;libc.so;libm.so;libdl.so
system,/system/lib/libwfds.so,ELF32,ARM,,libwfds.so,libcups.so;liblog.so;libz.so;libc++.so;libc.so;libm.so;libdl.so
system,/system/lib/libwifi-system-iface.so,ELF32,ARM,,libwifi-system-iface.so,libbase.so;libc++.so;libc.so;libm.so;libdl.so
system,/system/lib/libwilhelm.so,ELF32,ARM,,libwilhelm.so,framework-permission-aidl-cpp.so;liblog.so;libutils.so;libmedia.so;libmedia_codeclist.so;libaudioclient.so;libaudioclient_aidl_conversion.so;libaudiofoundation.so;libaudiomanager.so;libbinder.so;libdatasource.so;libstagefright.so;libstagefright_foundation.so;libgui.so;libandroid_runtime.so;libstagefright_http_support.so;libc++.so;libc.so;libm.so;libdl.so
system,/system/lib/libxmetadata_retriever.so,ELF32,ARM,,libxmetadata_retriever.so,libcutils.so;liblog.so;libcdx_parser.so;libcdx_stream.so;libMemAdapter.so;libvdecoder.so;libvencoder.so;libcdx_base.so;libcdx_common.so;libc++.so;libc.so;libm.so;libdl.so
system,/system/lib/libxml2.so,ELF32,ARM,,libxml2.so,libandroidicu.so;libc.so;libm.so;libdl.so
system,/system/lib/libxplayer.so,ELF32,ARM,,libxplayer.so,libutils.so;libcutils.so;liblog.so;libmedia.so;libcdx_playback.so;libcdx_parser.so;libMemAdapter.so;libcdx_base.so;libcdx_common.so;libc++.so;libc.so;libm.so;libdl.so
system,/system/lib/libyuv.so,ELF32,ARM,,libyuv.so,libjpeg.so;libc++.so;libc.so;libm.so;libdl.so
system,/system/lib/libz.so,ELF32,ARM,,libz.so,libc.so;libm.so;libdl.so
system,/system/lib/libzip.dylib.so,ELF32,ARM,,,libflate2.dylib.so;libcrc32fast.dylib.so;libstd.dylib.so;libc.so
system,/system/lib/libziparchive.so,ELF32,ARM,,libziparchive.so,liblog.so;libbase.so;libz.so;libc++.so;libc.so;libm.so;libdl.so
system,/system/lib/media_permission-aidl-cpp.so,ELF32,ARM,,media_permission-aidl-cpp.so,libbinder.so;libutils.so;libc++.so;libc.so;libm.so;libdl.so
system,/system/lib/mediametricsservice-aidl-cpp.so,ELF32,ARM,,mediametricsservice-aidl-cpp.so,libbinder.so;libutils.so;libc++.so;libc.so;libm.so;libdl.so
system,/system/lib/netd_aidl_interface-V6-cpp.so,ELF32,ARM,,netd_aidl_interface-V6-cpp.so,libbinder.so;libutils.so;libc++.so;libc.so;libm.so;libdl.so
system,/system/lib/netd_aidl_interface-V7-cpp.so,ELF32,ARM,,netd_aidl_interface-V7-cpp.so,libbinder.so;libutils.so;libc++.so;libc.so;libm.so;libdl.so
system,/system/lib/netd_event_listener_interface-V1-cpp.so,ELF32,ARM,,netd_event_listener_interface-V1-cpp.so,libbinder.so;libutils.so;libc++.so;libc.so;libm.so;libdl.so
system,/system/lib/oemnetd_aidl_interface-cpp.so,ELF32,ARM,,oemnetd_aidl_interface-cpp.so,libbinder.so;libutils.so;libc++.so;libc.so;libm.so;libdl.so
system,/system/lib/pppol2tp-android.so,ELF32,ARM,,pppol2tp-android.so,libc++.so;libc.so;libm.so;libdl.so
system,/system/lib/pppopptp-android.so,ELF32,ARM,,pppopptp-android.so,libc++.so;libc.so;libm.so;libdl.so
system,/system/lib/server_configurable_flags.so,ELF32,ARM,,server_configurable_flags.so,libbase.so;libcutils.so;libc++.so;libc.so;libm.so;libdl.so
system,/system/lib/service.incremental.so,ELF32,ARM,,service.incremental.so,libandroidfw.so;libbinder.so;libcrypto.so;libcutils.so;libincfs.so;liblog.so;libpermission.so;libz.so;libc++.so;libc.so;libm.so;libdl.so
system,/system/lib/shared-file-region-aidl-cpp.so,ELF32,ARM,,shared-file-region-aidl-cpp.so,libbinder.so;libutils.so;libc++.so;libc.so;libm.so;libdl.so
system,/system/lib/slicer.so,ELF32,ARM,,slicer.so,libz.so;libc++.so;libc.so;libm.so;libdl.so
system,/system/priv-app/BLEAutoPair/oat/arm/BLEAutoPair.odex,ELF32,ARM,,package.odex,
system,/system/priv-app/ContactsProvider/oat/arm/ContactsProvider.odex,ELF32,ARM,,package.odex,
system,/system/priv-app/DownloadProvider/oat/arm/DownloadProvider.odex,ELF32,ARM,,package.odex,
system,/system/priv-app/DownloadProviderUi/oat/arm/DownloadProviderUi.odex,ELF32,ARM,,package.odex,
system,/system/priv-app/ExternalStorageProvider/oat/arm/ExternalStorageProvider.odex,ELF32,ARM,,package.odex,
system,/system/priv-app/FusedLocation/oat/arm/FusedLocation.odex,ELF32,ARM,,package.odex,
system,/system/priv-app/GoogleServicesFramework/oat/arm/GoogleServicesFramework.odex,ELF32,ARM,,package.odex,
system,/system/priv-app/InputDevices/oat/arm/InputDevices.odex,ELF32,ARM,,package.odex,
system,/system/priv-app/MediaProviderLegacy/oat/arm/MediaProviderLegacy.odex,ELF32,ARM,,package.odex,
system,/system/priv-app/MtpService/oat/arm/MtpService.odex,ELF32,ARM,,package.odex,
system,/system/priv-app/MusicFX/oat/arm/MusicFX.odex,ELF32,ARM,,package.odex,
system,/system/priv-app/NetworkPermissionConfig/oat/arm/NetworkPermissionConfig.odex,ELF32,ARM,,package.odex,
system,/system/priv-app/NetworkStack/NetworkStack.apk!/lib/armeabi-v7a/libnativehelper_compat_libc++.so,ELF32,ARM,,libnativehelper_compat_libc++.so,liblog.so;libc.so;libm.so;libdl.so
system,/system/priv-app/NetworkStack/NetworkStack.apk!/lib/armeabi-v7a/libnetworkstackutilsjni.so,ELF32,ARM,,libnetworkstackutilsjni.so,libnativehelper_compat_libc++.so;liblog.so;libc.so;libm.so;libdl.so
system,/system/priv-app/NetworkStack/oat/arm/NetworkStack.odex,ELF32,ARM,,package.odex,
system,/system/priv-app/PackageInstaller/oat/arm/PackageInstaller.odex,ELF32,ARM,,package.odex,
system,/system/priv-app/PlayStore/PlayStore.apk!/lib/arm64-v8a/libbrotli.so,ELF64,AArch64,,libbrotli.so,libc.so;libm.so;libdl.so
system,/system/priv-app/PlayStore/PlayStore.apk!/lib/arm64-v8a/libconscrypt_jni.so,ELF64,AArch64,,libconscrypt_jni.so,liblog.so;libz.so;libdl.so;libc.so;libm.so
system,/system/priv-app/PlayStore/PlayStore.apk!/lib/arm64-v8a/libcronet.98.0.4758.34.so,ELF64,AArch64,,libcronet.98.0.4758.34.so,libdl.so;libm.so;libandroid.so;liblog.so;libc.so
system,/system/priv-app/PlayStore/PlayStore.apk!/lib/arm64-v8a/libgame_sdk_device_info_jni.so,ELF64,AArch64,,libgame_sdk_device_info_jni.so,libEGL.so;libGLESv2.so;libc.so;libm.so;libdl.so
system,/system/priv-app/PlayStore/PlayStore.apk!/lib/arm64-v8a/libmappedcountercacheversionjni.so,ELF64,AArch64,,libmappedcountercacheversionjni.so,libc.so;libm.so;libdl.so
system,/system/priv-app/PlayStore/PlayStore.apk!/lib/arm64-v8a/libnnapi_device_enumeration_minimal.so,ELF64,AArch64,,libnnapi_device_enumeration_minimal.so,libdl.so;liblog.so;libc.so;libm.so
system,/system/priv-app/PlayStore/PlayStore.apk!/lib/arm64-v8a/libphonesky_data_loader.so,ELF64,AArch64,,libphonesky_data_loader.so,libdataloader.so;libincfs.so;liblog.so;libc.so;libm.so;libdl.so
system,/system/priv-app/PlayStore/PlayStore.apk!/lib/arm64-v8a/libtensorflowlite_jni.so,ELF64,AArch64,,libtensorflowlite_jni.so,libm.so;libdl.so;liblog.so;libc.so
system,/system/priv-app/PlayStore/PlayStore.apk!/lib/armeabi-v7a/libbrotli.so,ELF32,ARM,,libbrotli.so,libc.so;libm.so;libdl.so
system,/system/priv-app/PlayStore/PlayStore.apk!/lib/armeabi-v7a/libconscrypt_jni.so,ELF32,ARM,,libconscrypt_jni.so,liblog.so;libz.so;libdl.so;libc.so;libm.so
system,/system/priv-app/PlayStore/PlayStore.apk!/lib/armeabi-v7a/libcronet.98.0.4758.34.so,ELF32,ARM,,libcronet.98.0.4758.34.so,libdl.so;libm.so;libandroid.so;liblog.so;libc.so
system,/system/priv-app/PlayStore/PlayStore.apk!/lib/armeabi-v7a/libempty_armeabi-v7a.so,ELF32,ARM,/system/bin/linker,libempty_armeabi-v7a.so,libstdc++.so;libm.so;libc.so;libdl.so
system,/system/priv-app/PlayStore/PlayStore.apk!/lib/armeabi-v7a/libgame_sdk_device_info_jni.so,ELF32,ARM,,libgame_sdk_device_info_jni.so,libEGL.so;libGLESv2.so;libc.so;libm.so;libdl.so
system,/system/priv-app/PlayStore/PlayStore.apk!/lib/armeabi-v7a/libmappedcountercacheversionjni.so,ELF32,ARM,,libmappedcountercacheversionjni.so,libc.so;libm.so;libdl.so
system,/system/priv-app/PlayStore/PlayStore.apk!/lib/armeabi-v7a/libnnapi_device_enumeration_minimal.so,ELF32,ARM,,libnnapi_device_enumeration_minimal.so,libdl.so;liblog.so;libc.so;libm.so
system,/system/priv-app/PlayStore/PlayStore.apk!/lib/armeabi-v7a/libphonesky_data_loader.so,ELF32,ARM,,libphonesky_data_loader.so,libdataloader.so;libincfs.so;liblog.so;libc.so;libm.so;libdl.so
system,/system/priv-app/PlayStore/PlayStore.apk!/lib/armeabi-v7a/libtensorflowlite_jni.so,ELF32,ARM,,libtensorflowlite_jni.so,libm.so;libdl.so;liblog.so;libc.so
system,/system/priv-app/PlayStore/PlayStore.apk!/lib/x86/libbrotli.so,ELF32,x86,,libbrotli.so,libc.so;libm.so;libdl.so
system,/system/priv-app/PlayStore/PlayStore.apk!/lib/x86/libconscrypt_jni.so,ELF32,x86,,libconscrypt_jni.so,liblog.so;libz.so;libdl.so;libc.so;libm.so
system,/system/priv-app/PlayStore/PlayStore.apk!/lib/x86/libcronet.98.0.4758.34.so,ELF32,x86,,libcronet.98.0.4758.34.so,libdl.so;libm.so;libandroid.so;liblog.so;libc.so
system,/system/priv-app/PlayStore/PlayStore.apk!/lib/x86/libempty_x86.so,ELF32,x86,,libempty_x86.so,libstdc++.so;libm.so;libc.so;libdl.so
system,/system/priv-app/PlayStore/PlayStore.apk!/lib/x86/libgame_sdk_device_info_jni.so,ELF32,x86,,libgame_sdk_device_info_jni.so,libEGL.so;libGLESv2.so;libc.so;libm.so;libdl.so
system,/system/priv-app/PlayStore/PlayStore.apk!/lib/x86/libmappedcountercacheversionjni.so,ELF32,x86,,libmappedcountercacheversionjni.so,libc.so;libm.so;libdl.so
system,/system/priv-app/PlayStore/PlayStore.apk!/lib/x86/libnnapi_device_enumeration_minimal.so,ELF32,x86,,libnnapi_device_enumeration_minimal.so,libdl.so;liblog.so;libc.so;libm.so
system,/system/priv-app/PlayStore/PlayStore.apk!/lib/x86/libphonesky_data_loader.so,ELF32,x86,,libphonesky_data_loader.so,libdataloader.so;libincfs.so;liblog.so;libc.so;libm.so;libdl.so
system,/system/priv-app/PlayStore/PlayStore.apk!/lib/x86/libtensorflowlite_jni.so,ELF32,x86,,libtensorflowlite_jni.so,libm.so;libdl.so;liblog.so;libc.so
system,/system/priv-app/PlayStore/PlayStore.apk!/lib/x86_64/libbrotli.so,ELF64,x86-64,,libbrotli.so,libc.so;libm.so;libdl.so
system,/system/priv-app/PlayStore/PlayStore.apk!/lib/x86_64/libconscrypt_jni.so,ELF64,x86-64,,libconscrypt_jni.so,liblog.so;libz.so;libdl.so;libc.so;libm.so
system,/system/priv-app/PlayStore/PlayStore.apk!/lib/x86_64/libcronet.98.0.4758.34.so,ELF64,x86-64,,libcronet.98.0.4758.34.so,libdl.so;libm.so;libandroid.so;liblog.so;libc.so
system,/system/priv-app/PlayStore/PlayStore.apk!/lib/x86_64/libempty_x86_64.so,ELF64,x86-64,,libempty_x86_64.so,libstdc++.so;libm.so;libc.so;libdl.so
system,/system/priv-app/PlayStore/PlayStore.apk!/lib/x86_64/libgame_sdk_device_info_jni.so,ELF64,x86-64,,libgame_sdk_device_info_jni.so,libEGL.so;libGLESv2.so;libc.so;libm.so;libdl.so
system,/system/priv-app/PlayStore/PlayStore.apk!/lib/x86_64/libmappedcountercacheversionjni.so,ELF64,x86-64,,libmappedcountercacheversionjni.so,libc.so;libm.so;libdl.so
system,/system/priv-app/PlayStore/PlayStore.apk!/lib/x86_64/libnnapi_device_enumeration_minimal.so,ELF64,x86-64,,libnnapi_device_enumeration_minimal.so,libdl.so;liblog.so;libc.so;libm.so
system,/system/priv-app/PlayStore/PlayStore.apk!/lib/x86_64/libphonesky_data_loader.so,ELF64,x86-64,,libphonesky_data_loader.so,libdataloader.so;libincfs.so;liblog.so;libc.so;libm.so;libdl.so
system,/system/priv-app/PlayStore/PlayStore.apk!/lib/x86_64/libtensorflowlite_jni.so,ELF64,x86-64,,libtensorflowlite_jni.so,libm.so;libdl.so;liblog.so;libc.so
system,/system/priv-app/PlayStore/lib/arm/libbrotli.so,ELF32,ARM,,libbrotli.so,libc.so;libm.so;libdl.so
system,/system/priv-app/PlayStore/lib/arm/libconscrypt_jni.so,ELF32,ARM,,libconscrypt_jni.so,liblog.so;libz.so;libdl.so;libc.so;libm.so
system,/system/priv-app/PlayStore/lib/arm/libcronet.98.0.4758.34.so,ELF32,ARM,,libcronet.98.0.4758.34.so,libdl.so;libm.so;libandroid.so;liblog.so;libc.so
system,/system/priv-app/PlayStore/lib/arm/libempty_armeabi-v7a.so,ELF32,ARM,/system/bin/linker,libempty_armeabi-v7a.so,libstdc++.so;libm.so;libc.so;libdl.so
system,/system/priv-app/PlayStore/lib/arm/libgame_sdk_device_info_jni.so,ELF32,ARM,,libgame_sdk_device_info_jni.so,libEGL.so;libGLESv2.so;libc.so;libm.so;libdl.so
system,/system/priv-app/PlayStore/lib/arm/libmappedcountercacheversionjni.so,ELF32,ARM,,libmappedcountercacheversionjni.so,libc.so;libm.so;libdl.so
system,/system/priv-app/PlayStore/lib/arm/libnnapi_device_enumeration_minimal.so,ELF32,ARM,,libnnapi_device_enumeration_minimal.so,libdl.so;liblog.so;libc.so;libm.so
system,/system/priv-app/PlayStore/lib/arm/libphonesky_data_loader.so,ELF32,ARM,,libphonesky_data_loader.so,libdataloader.so;libincfs.so;liblog.so;libc.so;libm.so;libdl.so
system,/system/priv-app/PlayStore/lib/arm/libtensorflowlite_jni.so,ELF32,ARM,,libtensorflowlite_jni.so,libm.so;libdl.so;liblog.so;libc.so
system,/system/priv-app/PlayStore/oat/arm/PlayStore.odex,ELF32,ARM,,package.odex,
system,/system/priv-app/PrebuiltGmsCore/PrebuiltGmsCore.apk!/lib/arm64-v8a/libAppDataSearch.so,ELF64,AArch64,,libAppDataSearch.so,libz.so;liblog.so;libm.so;libc.so;libdl.so
system,/system/priv-app/PrebuiltGmsCore/PrebuiltGmsCore.apk!/lib/arm64-v8a/libWhisper.so,ELF64,AArch64,,libWhisper.so,libdl.so;liblog.so;libc.so;libm.so
system,/system/priv-app/PrebuiltGmsCore/PrebuiltGmsCore.apk!/lib/arm64-v8a/libbrotli_native.so,ELF64,AArch64,,libbrotli_native.so,libc.so;libm.so;libdl.so
system,/system/priv-app/PrebuiltGmsCore/PrebuiltGmsCore.apk!/lib/arm64-v8a/libconscrypt_gmscore_jni.so,ELF64,AArch64,,libconscrypt_gmscore_jni.so,liblog.so;libz.so;libdl.so;libc.so;libm.so
system,/system/priv-app/PrebuiltGmsCore/PrebuiltGmsCore.apk!/lib/arm64-v8a/libgcastv2_base.so,ELF64,AArch64,,libgcastv2_base.so,libgcastv2_support.so;libc.so;libm.so;libstdc++.so;liblog.so;libz.so
system,/system/priv-app/PrebuiltGmsCore/PrebuiltGmsCore.apk!/lib/arm64-v8a/libgcastv2_support.so,ELF64,AArch64,,libgcastv2_support.so,libc.so;libm.so;libstdc++.so;liblog.so;libOpenSLES.so
system,/system/priv-app/PrebuiltGmsCore/PrebuiltGmsCore.apk!/lib/arm64-v8a/libgeller_jni_lite_lib.so,ELF64,AArch64,,libgeller_jni_lite_lib.so,liblog.so;libc.so;libm.so;libdl.so
system,/system/priv-app/PrebuiltGmsCore/PrebuiltGmsCore.apk!/lib/arm64-v8a/libgmscore.so,ELF64,AArch64,,libgmscore.so,libc.so;libm.so;libdl.so
system,/system/priv-app/PrebuiltGmsCore/PrebuiltGmsCore.apk!/lib/arm64-v8a/libgoogle-ocrclient-v3.so,ELF64,AArch64,,libgoogle-ocrclient-v3.so,libdl.so;liblog.so;libc.so;libm.so
system,/system/priv-app/PrebuiltGmsCore/PrebuiltGmsCore.apk!/lib/arm64-v8a/libinertial-anchor-jni.so,ELF64,AArch64,,libinertial-anchor-jni.so,libdl.so;libandroid.so;liblog.so;libc.so;libm.so
system,/system/priv-app/PrebuiltGmsCore/PrebuiltGmsCore.apk!/lib/arm64-v8a/libjgcastservice.so,ELF64,AArch64,,libjgcastservice.so,libgcastv2_base.so;libgcastv2_support.so;libc.so;libm.so;libstdc++.so;liblog.so
system,/system/priv-app/PrebuiltGmsCore/PrebuiltGmsCore.apk!/lib/arm64-v8a/libjingle_peerconnection_so.so,ELF64,AArch64,,libjingle_peerconnection_so.so,libOpenSLES.so;liblog.so;libGLESv2.so;libc.so;libm.so;libdl.so
system,/system/priv-app/PrebuiltGmsCore/PrebuiltGmsCore.apk!/lib/arm64-v8a/libleveldbjni.so,ELF64,AArch64,,libleveldbjni.so,libEGL.so;libandroid.so;libdl.so;liblog.so;libc.so;libm.so
system,/system/priv-app/PrebuiltGmsCore/PrebuiltGmsCore.apk!/lib/arm64-v8a/libmatching.so,ELF64,AArch64,,libmatching.so,liblog.so;libc.so;libm.so;libdl.so
system,/system/priv-app/PrebuiltGmsCore/PrebuiltGmsCore.apk!/lib/arm64-v8a/libsemanticlocation_inference_jni.so,ELF64,AArch64,,libsemanticlocation_inference_jni.so,libm.so;libdl.so;liblog.so;libc.so
system,/system/priv-app/PrebuiltGmsCore/PrebuiltGmsCore.apk!/lib/arm64-v8a/libtensorflowlite_jni.so,ELF64,AArch64,,libtensorflowlite_jni.so,libm.so;libdl.so;liblog.so;libc.so
system,/system/priv-app/PrebuiltGmsCore/PrebuiltGmsCore.apk!/lib/arm64-v8a/libvcdiffjni.so,ELF64,AArch64,,libvcdiffjni.so,libdl.so;liblog.so;libc.so;libm.so
system,/system/priv-app/PrebuiltGmsCore/PrebuiltGmsCore.apk!/lib/arm64-v8a/libwearable-selector.so,ELF64,AArch64,,libwearable-selector.so,liblog.so;libdl.so;libc.so;libm.so
system,/system/priv-app/PrebuiltGmsCore/PrebuiltGmsCore.apk!/lib/armeabi-v7a/libconscrypt_gmscore_jni.so,ELF32,ARM,,libconscrypt_gmscore_jni.so,liblog.so;libz.so;libdl.so;libc.so;libm.so
system,/system/priv-app/PrebuiltGmsCore/oat/arm/PrebuiltGmsCore.odex,ELF32,ARM,,package.odex,
system,/system/priv-app/ProxyHandler/oat/arm/ProxyHandler.odex,ELF32,ARM,,package.odex,
system,/system/priv-app/SettingsAssist/oat/arm/SettingsAssist.odex,ELF32,ARM,,package.odex,
system,/system/priv-app/SettingsProvider/oat/arm/SettingsProvider.odex,ELF32,ARM,,package.odex,
system,/system/priv-app/Shell/oat/arm/Shell.odex,ELF32,ARM,,package.odex,
system,/system/priv-app/StatementService/oat/arm/StatementService.odex,ELF32,ARM,,package.odex,
system,/system/priv-app/TvProvider/oat/arm/TvProvider.odex,ELF32,ARM,,package.odex,
system,/system/priv-app/UserDictionaryProvider/oat/arm/UserDictionaryProvider.odex,ELF32,ARM,,package.odex,
system,/system/priv-app/VpnDialogs/oat/arm/VpnDialogs.odex,ELF32,ARM,,package.odex,
system,/system/system_ext/lib/android.hardware.radio.config@1.1.so,ELF32,ARM,,android.hardware.radio.config@1.1.so,android.hardware.radio.config@1.0.so;android.hardware.radio@1.0.so;libhidlbase.so;liblog.so;libutils.so;libcutils.so;libc++.so;libc.so;libm.so;libdl.so
system,/system/system_ext/lib/android.hardware.radio.config@1.2.so,ELF32,ARM,,android.hardware.radio.config@1.2.so,android.hardware.radio.config@1.0.so;android.hardware.radio.config@1.1.so;android.hardware.radio@1.0.so;libhidlbase.so;liblog.so;libutils.so;libcutils.so;libc++.so;libc.so;libm.so;libdl.so
system,/system/system_ext/lib/android.hardware.radio.config@1.3.so,ELF32,ARM,,android.hardware.radio.config@1.3.so,android.hardware.radio.config@1.0.so;android.hardware.radio.config@1.1.so;android.hardware.radio.config@1.2.so;android.hardware.radio@1.0.so;android.hardware.radio@1.6.so;libhidlbase.so;liblog.so;libutils.so;libcutils.so;libc++.so;libc.so;libm.so;libdl.so
system,/system/system_ext/lib/android.hardware.radio@1.5.so,ELF32,ARM,,android.hardware.radio@1.5.so,android.hardware.radio@1.0.so;android.hardware.radio@1.1.so;android.hardware.radio@1.2.so;android.hardware.radio@1.3.so;android.hardware.radio@1.4.so;android.hidl.safe_union@1.0.so;libhidlbase.so;liblog.so;libutils.so;libcutils.so;libc++.so;libc.so;libm.so;libdl.so
system,/system/system_ext/priv-app/AwTvProvision/oat/arm/AwTvProvision.odex,ELF32,ARM,,package.odex,
system,/system/system_ext/priv-app/RemoteProvisioner/oat/arm/RemoteProvisioner.odex,ELF32,ARM,,package.odex,
system,/system/system_ext/priv-app/SettingsSetup/oat/arm/SettingsSetup.odex,ELF32,ARM,,package.odex,
system,/system/system_ext/priv-app/StorageManager/oat/arm/StorageManager.odex,ELF32,ARM,,package.odex,
system,/system/system_ext/priv-app/SystemUI/oat/arm/SystemUI.odex,ELF32,ARM,,package.odex,
system,/system/system_ext/priv-app/TvSettings/oat/arm/TvSettings.odex,ELF32,ARM,,package.odex,
system,/system/xbin/su,ELF32,ARM,/system/bin/linker,,libc++.so;libc.so;libm.so;libdl.so
vendor,/vendor/bin/applypatch,ELF32,ARM,/system/bin/linker,,libbase.so;libcrypto.so;liblog.so;libz_stable.so;libziparchive.so;libc++.so;libc.so;libm.so;libdl.so
vendor,/vendor/bin/awk,ELF32,ARM,/system/bin/linker,,libc.so;libm.so;libdl.so
vendor,/vendor/bin/boringssl_self_test32,ELF32,ARM,/system/bin/linker,,libcrypto.so;libc++.so;libc.so;libm.so;libdl.so
vendor,/vendor/bin/busybox,ELF32,ARM,,,
vendor,/vendor/bin/busybox-smp,ELF32,ARM,,,
vendor,/vendor/bin/chat,ELF32,ARM,/system/bin/linker,,libcutils.so;libutils.so;libc++.so;libc.so;libm.so;libdl.so
vendor,/vendor/bin/cpu_monitor,ELF32,ARM,/system/bin/linker,,liblog.so;libcutils.so;libnetutils.so;libc++.so;libc.so;libm.so;libdl.so
vendor,/vendor/bin/dispconfig,ELF32,ARM,/system/bin/linker,,libutils.so;libcutils.so;liblog.so;libbinder.so;libhidlbase.so;vendor.display.config@1.0.so;libc++.so;libc.so;libm.so;libdl.so
vendor,/vendor/bin/display.output-service,ELF32,ARM,/system/bin/linker,,liblog.so;libbase.so;libutils.so;libbinder_ndk.so;libhidlbase.so;vendor.display.output-V2-ndk_platform.so;vendor.display.config@1.0.so;libc++.so;libc.so;libm.so;libdl.so
vendor,/vendor/bin/dom2reg,ELF32,ARM,/system/bin/linker,,libnl.so;libcutils.so;liblog.so;libc++.so;libc.so;libm.so;libdl.so
vendor,/vendor/bin/dumpsys,ELF32,ARM,/system/bin/linker,,libbase.so;libutils.so;liblog.so;libbinder.so;libbinderdebug.so;libc++.so;libc.so;libm.so;libdl.so
vendor,/vendor/bin/hdcptool,ELF32,ARM,/system/bin/linker,,libutils.so;libcutils.so;liblog.so;libbinder.so;libhidlbase.so;vendor.display.config@1.0.so;libc++.so;libc.so;libm.so;libdl.so
vendor,/vendor/bin/hw/android.hardware.audio.service,ELF32,ARM,/system/bin/linker,,libcutils.so;libbinder.so;libhidlbase.so;liblog.so;libutils.so;libhardware.so;libc++.so;libc.so;libm.so;libdl.so
vendor,/vendor/bin/hw/android.hardware.bluetooth@1.0-service,ELF32,ARM,/system/bin/linker,,liblog.so;libcutils.so;libbase.so;libutils.so;libhardware.so;libhidlbase.so;android.hardware.bluetooth@1.0.so;libc++.so;libc.so;libm.so;libdl.so
vendor,/vendor/bin/hw/android.hardware.boot@1.2-service,ELF32,ARM,/system/bin/linker,,liblog.so;libhardware.so;libhidlbase.so;libutils.so;android.hardware.boot@1.0.so;android.hardware.boot@1.1.so;android.hardware.boot@1.2.so;libc++.so;libc.so;libm.so;libdl.so
vendor,/vendor/bin/hw/android.hardware.camera.provider@2.4-external-service,ELF32,ARM,/system/bin/linker,,android.hardware.camera.common@1.0.so;android.hardware.camera.device@1.0.so;android.hardware.camera.device@3.2.so;android.hardware.camera.device@3.3.so;android.hardware.camera.device@3.4.so;android.hardware.camera.device@3.5.so;android.hardware.camera.provider@2.4.so;libbinder.so;libhidlbase.so;liblog.so;libtinyxml2.so;libutils.so;libc++.so;libc.so;libm.so;libdl.so
vendor,/vendor/bin/hw/android.hardware.cas@1.2-service,ELF32,ARM,/system/bin/linker,,android.hardware.cas@1.0.so;android.hardware.cas@1.1.so;android.hardware.cas@1.2.so;android.hardware.cas.native@1.0.so;android.hidl.memory@1.0.so;libbinder.so;libhidlbase.so;libhidlmemory.so;liblog.so;libutils.so;libc++.so;libc.so;libm.so;libdl.so
vendor,/vendor/bin/hw/android.hardware.drm@1.4-service-lazy.clearkey,ELF32,ARM,/system/bin/linker,,android.hardware.drm@1.0.so;android.hardware.drm@1.1.so;android.hardware.drm@1.2.so;android.hardware.drm@1.3.so;android.hardware.drm@1.4.so;libbase.so;libbinder.so;libcrypto.so;libhidlbase.so;libhidlmemory.so;liblog.so;libprotobuf-cpp-lite-3.9.1.so;libutils.so;libc++.so;libc.so;libm.so;libdl.so
vendor,/vendor/bin/hw/android.hardware.drm@1.4-service-lazy.widevine,ELF32,ARM,/system/bin/linker,,android.hardware.drm@1.0.so;android.hardware.drm@1.1.so;android.hardware.drm@1.2.so;android.hardware.drm@1.3.so;libbase.so;libhidlbase.so;liblog.so;libutils.so;libbinder.so;android.hardware.drm@1.4.so;libwvhidl.so;libc++.so;libc.so;libm.so;libdl.so
vendor,/vendor/bin/hw/android.hardware.gatekeeper@1.0-service-aw,ELF32,ARM,/system/bin/linker,,android.hardware.gatekeeper@1.0.so;libbase.so;libhardware.so;libhidlbase.so;libcrypto.so;libgatekeeper.so;libutils.so;liblog.so;libcutils.so;libc++.so;libc.so;libm.so;libdl.so
vendor,/vendor/bin/hw/android.hardware.graphics.allocator@2.0-service,ELF32,ARM,/system/bin/linker,,android.hardware.graphics.allocator@2.0.so;libhidlbase.so;liblog.so;libutils.so;libc++.so;libc.so;libm.so;libdl.so
vendor,/vendor/bin/hw/android.hardware.graphics.composer@2.2-service,ELF32,ARM,/system/bin/linker,,android.hardware.graphics.composer@2.1.so;android.hardware.graphics.composer@2.2.so;android.hardware.graphics.composer@2.1-resources.so;android.hardware.graphics.composer@2.2-resources.so;libbase.so;libbinder.so;libcutils.so;libfmq.so;libhardware.so;libhidlbase.so;libhwc2on1adapter.so;libhwc2onfbadapter.so;liblog.so;libsync.so;libutils.so;libc++.so;libc.so;libm.so;libdl.so
vendor,/vendor/bin/hw/android.hardware.health@2.1-service,ELF32,ARM,/system/bin/linker,,libbase.so;libcutils.so;libhidlbase.so;liblog.so;libutils.so;android.hardware.health@2.1.so;android.hardware.health@2.0.so;libc++.so;libc.so;libm.so;libdl.so
vendor,/vendor/bin/hw/android.hardware.lights-service,ELF32,ARM,/system/bin/linker,,libbase.so;libbinder_ndk.so;liblog.so;libhardware.so;android.hardware.light-V1-ndk_platform.so;libc++.so;libc.so;libm.so;libdl.so
vendor,/vendor/bin/hw/android.hardware.media.omx@1.0-service,ELF32,ARM,/system/bin/linker,,libbinder.so;libutils.so;liblog.so;libbase.so;libavservices_minijail.so;libcutils.so;libhidlbase.so;libstagefright_omx.so;libstagefright_xmlparser.so;android.hardware.media.omx@1.0.so;android.hidl.memory@1.0.so;libc++.so;libc.so;libm.so;libdl.so
vendor,/vendor/bin/hw/android.hardware.power-service-aw,ELF32,ARM,/system/bin/linker,,libbase.so;liblog.so;libutils.so;libcutils.so;libbinder_ndk.so;android.hardware.power-V1-ndk_platform.so;libc++.so;libc.so;libm.so;libdl.so
vendor,/vendor/bin/hw/android.hardware.rebootescrow-service.default,ELF32,ARM,/system/bin/linker,,libbase.so;libbinder_ndk.so;android.hardware.rebootescrow-V1-ndk_platform.so;libc++.so;libc.so;libm.so;libdl.so
vendor,/vendor/bin/hw/android.hardware.security.keymint-service,ELF32,ARM,/system/bin/linker,,android.hardware.security.keymint-V1-ndk_platform.so;android.hardware.security.sharedsecret-V1-ndk_platform.so;android.hardware.security.secureclock-V1-ndk_platform.so;libbase.so;libbinder_ndk.so;libcppbor_external.so;libcrypto.so;libkeymaster_portable.so;libkeymint.so;liblog.so;libpuresoftkeymasterdevice.so;libutils.so;libc++.so;libc.so;libm.so;libdl.so
vendor,/vendor/bin/hw/android.hardware.tv.cec@1.0-service,ELF32,ARM,/system/bin/linker,,liblog.so;libcutils.so;libbase.so;libutils.so;libhardware_legacy.so;libhardware.so;libhidlbase.so;android.hardware.tv.cec@1.0.so;libc++.so;libc.so;libm.so;libdl.so
vendor,/vendor/bin/hw/android.hardware.usb@1.0-service.aw,ELF32,ARM,/system/bin/linker,,libcutils.so;libhidlbase.so;liblog.so;libutils.so;libhardware.so;android.hardware.usb@1.0.so;libbase.so;android.hardware.usb.gadget@1.0.so;android.hardware.usb.gadget@1.1.so;libc++.so;libc.so;libm.so;libdl.so
vendor,/vendor/bin/hw/android.hardware.wifi@1.0-service-lazy,ELF32,ARM,/system/bin/linker,,libbase.so;libcutils.so;libhidlbase.so;liblog.so;libnl.so;libutils.so;libwifi-hal.so;libwifi-system-iface.so;libxml2.so;android.hardware.wifi@1.0.so;android.hardware.wifi@1.1.so;android.hardware.wifi@1.2.so;android.hardware.wifi@1.3.so;android.hardware.wifi@1.4.so;android.hardware.wifi@1.5.so;libc++.so;libc.so;libm.so;libdl.so
vendor,/vendor/bin/hw/hostapd,ELF32,ARM,/system/bin/linker,,libcutils.so;liblog.so;libcrypto.so;libssl.so;libnl.so;android.hardware.wifi.hostapd@1.0.so;android.hardware.wifi.hostapd@1.1.so;android.hardware.wifi.hostapd@1.2.so;android.hardware.wifi.hostapd@1.3.so;libbase.so;libhidlbase.so;libutils.so;libc++.so;libc.so;libm.so;libdl.so
vendor,/vendor/bin/hw/null,ELF32,ARM,/system/bin/linker,,libc++.so;libc.so;libm.so;libdl.so
vendor,/vendor/bin/hw/radio_monitor,ELF32,ARM,/system/bin/linker,,liblog.so;libutils.so;libcutils.so;libc++.so;libc.so;libm.so;libdl.so
vendor,/vendor/bin/hw/rild,ELF32,ARM,/system/bin/linker,,libcutils.so;liblog.so;libril.so;libc++.so;libc.so;libm.so;libdl.so
vendor,/vendor/bin/hw/tee_supplicant,ELF32,ARM,/system/bin/linker,,libcutils.so;libutils.so;liblog.so;libteec.so;libc++.so;libc.so;libm.so;libdl.so
vendor,/vendor/bin/hw/wireless_hwinfo,ELF32,ARM,/system/bin/linker,,libcutils.so;liblog.so;libc++.so;libc.so;libm.so;libdl.so
vendor,/vendor/bin/hw/wpa_supplicant,ELF32,ARM,/system/bin/linker,,libcutils.so;liblog.so;libcrypto.so;libssl.so;libkeystore-wifi-hidl.so;libkeystore-engine-wifi-hidl.so;libnl.so;android.hardware.wifi.supplicant@1.0.so;android.hardware.wifi.supplicant@1.1.so;android.hardware.wifi.supplicant@1.2.so;android.hardware.wifi.supplicant@1.3.so;android.hardware.wifi.supplicant@1.4.so;libhidlbase.so;libutils.so;libbase.so;libc++.so;libc.so;libm.so;libdl.so
vendor,/vendor/bin/hwcdebug,ELF32,ARM,/system/bin/linker,,libutils.so;libcutils.so;liblog.so;libbinder.so;libhidlbase.so;vendor.display.config@1.0.so;libc++.so;libc.so;libm.so;libdl.so
vendor,/vendor/bin/logwrapper,ELF32,ARM,/system/bin/linker,,libcutils.so;liblog.so;libc++.so;libc.so;libm.so;libdl.so
vendor,/vendor/bin/memtester,ELF32,ARM,,,
vendor,/vendor/bin/mtop,ELF32,ARM,/system/bin/linker,,libcutils.so;libc++.so;libc.so;libm.so;libdl.so
vendor,/vendor/bin/parsedispconfig,ELF32,ARM,/system/bin/linker,,libhwc_config.so;libc++.so;libc.so;libm.so;libdl.so
vendor,/vendor/bin/pppd_vendor,ELF32,ARM,/system/bin/linker,,libcutils.so;liblog.so;libcrypto.so;libc++.so;libc.so;libm.so;libdl.so
vendor,/vendor/bin/pqd,ELF32,ARM,/system/bin/linker,,libutils.so;liblog.so;libc++.so;libc.so;libm.so;libdl.so
vendor,/vendor/bin/sh,ELF32,ARM,/system/bin/linker,,libc.so
vendor,/vendor/bin/slabinfo,ELF32,ARM,/system/bin/linker,,libcutils.so;libc++.so;libc.so;libm.so;libdl.so
vendor,/vendor/bin/toolbox,ELF32,ARM,/system/bin/linker,,libbase.so;libc++.so;libc.so;libm.so;libdl.so
vendor,/vendor/bin/toybox_vendor,ELF32,ARM,/system/bin/linker,,libcrypto.so;libz.so;liblog.so;libprocessgroup.so;libselinux.so;libc.so;libm.so;libdl.so
vendor,/vendor/bin/uart-bridge,ELF32,ARM,/system/bin/linker,,libcutils.so;liblog.so;libc++.so;libc.so;libm.so;libdl.so
vendor,/vendor/bin/usb_modeswitch,ELF32,ARM,,,
vendor,/vendor/bin/vndservice,ELF32,ARM,/system/bin/linker,,libcutils.so;libutils.so;libbinder.so;libc++.so;libc.so;libm.so;libdl.so
vendor,/vendor/bin/vndservicemanager,ELF32,ARM,/system/bin/linker,,libbase.so;libbinder.so;libcutils.so;liblog.so;libutils.so;libselinux.so;libc++.so;libc.so;libm.so;libdl.so
vendor,/vendor/bin/vohci,ELF32,ARM,/system/bin/linker,,libtinyalsa.so;libcutils.so;liblog.so;libc++.so;libc.so;libm.so;libdl.so
vendor,/vendor/framework/oat/arm/vendor_am.odex,ELF32,ARM,,javalib.odex,
vendor,/vendor/lib/android.hardware.audio.common-util.so,ELF32,ARM,,android.hardware.audio.common-util.so,liblog.so;libutils.so;libhidlbase.so;libc++.so;libc.so;libm.so;libdl.so
vendor,/vendor/lib/android.hardware.audio.common@7.0-enums.so,ELF32,ARM,,android.hardware.audio.common@7.0-enums.so,libbase.so;liblog.so;libc++.so;libc.so;libm.so;libdl.so
vendor,/vendor/lib/android.hardware.audio.common@7.0-util.so,ELF32,ARM,,android.hardware.audio.common@7.0-util.so,liblog.so;libutils.so;libhidlbase.so;android.hardware.audio.common-util.so;android.hardware.audio.common@7.0.so;android.hardware.audio.common@7.0-enums.so;libbase.so;libc++.so;libc.so;libm.so;libdl.so
vendor,/vendor/lib/android.hardware.audio.common@7.0.so,ELF32,ARM,,android.hardware.audio.common@7.0.so,android.hidl.safe_union@1.0.so;libhidlbase.so;liblog.so;libutils.so;libcutils.so;libc++.so;libc.so;libm.so;libdl.so
vendor,/vendor/lib/android.hardware.audio.effect@7.0-util.so,ELF32,ARM,,android.hardware.audio.effect@7.0-util.so,liblog.so;libutils.so;libhidlbase.so;android.hardware.audio.common-util.so;android.hardware.audio.common@7.0.so;android.hardware.audio.common@7.0-util.so;android.hardware.audio.effect@7.0.so;libc++.so;libc.so;libm.so;libdl.so
vendor,/vendor/lib/android.hardware.audio.effect@7.0.so,ELF32,ARM,,android.hardware.audio.effect@7.0.so,android.hardware.audio.common@7.0.so;android.hidl.safe_union@1.0.so;libhidlbase.so;liblog.so;libutils.so;libcutils.so;libc++.so;libc.so;libm.so;libdl.so
vendor,/vendor/lib/android.hardware.audio@7.0-util.so,ELF32,ARM,,android.hardware.audio@7.0-util.so,liblog.so;libutils.so;libhidlbase.so;android.hardware.audio.common-util.so;android.hardware.audio.common@7.0.so;android.hardware.audio.common@7.0-enums.so;android.hardware.audio.common@7.0-util.so;android.hardware.audio@7.0.so;libbase.so;libc++.so;libc.so;libm.so;libdl.so
vendor,/vendor/lib/android.hardware.audio@7.0.so,ELF32,ARM,,android.hardware.audio@7.0.so,android.hardware.audio.common@7.0.so;android.hardware.audio.effect@7.0.so;android.hidl.safe_union@1.0.so;libhidlbase.so;liblog.so;libutils.so;libcutils.so;libc++.so;libc.so;libm.so;libdl.so
vendor,/vendor/lib/android.hardware.bluetooth@1.0.so,ELF32,ARM,,android.hardware.bluetooth@1.0.so,libhidlbase.so;liblog.so;libutils.so;libcutils.so;libc++.so;libc.so;libm.so;libdl.so
vendor,/vendor/lib/android.hardware.boot@1.0.so,ELF32,ARM,,android.hardware.boot@1.0.so,libhidlbase.so;liblog.so;libutils.so;libcutils.so;libc++.so;libc.so;libm.so;libdl.so
vendor,/vendor/lib/android.hardware.boot@1.1.so,ELF32,ARM,,android.hardware.boot@1.1.so,android.hardware.boot@1.0.so;libhidlbase.so;liblog.so;libutils.so;libcutils.so;libc++.so;libc.so;libm.so;libdl.so
vendor,/vendor/lib/android.hardware.boot@1.2.so,ELF32,ARM,,android.hardware.boot@1.2.so,android.hardware.boot@1.0.so;android.hardware.boot@1.1.so;libhidlbase.so;liblog.so;libutils.so;libcutils.so;libc++.so;libc.so;libm.so;libdl.so
vendor,/vendor/lib/android.hardware.camera.common@1.0.so,ELF32,ARM,,android.hardware.camera.common@1.0.so,libhidlbase.so;liblog.so;libutils.so;libcutils.so;libc++.so;libc.so;libm.so;libdl.so
vendor,/vendor/lib/android.hardware.camera.device@1.0.so,ELF32,ARM,,android.hardware.camera.device@1.0.so,android.hardware.camera.common@1.0.so;android.hardware.graphics.common@1.0.so;libhidlbase.so;liblog.so;libutils.so;libcutils.so;libc++.so;libc.so;libm.so;libdl.so
vendor,/vendor/lib/android.hardware.camera.device@3.2.so,ELF32,ARM,,android.hardware.camera.device@3.2.so,android.hardware.camera.common@1.0.so;android.hardware.graphics.common@1.0.so;libhidlbase.so;liblog.so;libutils.so;libcutils.so;libc++.so;libc.so;libm.so;libdl.so
vendor,/vendor/lib/android.hardware.camera.device@3.3.so,ELF32,ARM,,android.hardware.camera.device@3.3.so,android.hardware.camera.common@1.0.so;android.hardware.camera.device@3.2.so;android.hardware.graphics.common@1.0.so;libhidlbase.so;liblog.so;libutils.so;libcutils.so;libc++.so;libc.so;libm.so;libdl.so
vendor,/vendor/lib/android.hardware.camera.device@3.4.so,ELF32,ARM,,android.hardware.camera.device@3.4.so,android.hardware.camera.common@1.0.so;android.hardware.camera.device@3.2.so;android.hardware.camera.device@3.3.so;android.hardware.graphics.common@1.0.so;libhidlbase.so;liblog.so;libutils.so;libcutils.so;libc++.so;libc.so;libm.so;libdl.so
vendor,/vendor/lib/android.hardware.camera.device@3.5.so,ELF32,ARM,,android.hardware.camera.device@3.5.so,android.hardware.camera.common@1.0.so;android.hardware.camera.device@3.2.so;android.hardware.camera.device@3.3.so;android.hardware.camera.device@3.4.so;android.hardware.graphics.common@1.0.so;libhidlbase.so;liblog.so;libutils.so;libcutils.so;libc++.so;libc.so;libm.so;libdl.so
vendor,/vendor/lib/android.hardware.camera.device@3.6.so,ELF32,ARM,,android.hardware.camera.device@3.6.so,android.hardware.camera.common@1.0.so;android.hardware.camera.device@3.2.so;android.hardware.camera.device@3.3.so;android.hardware.camera.device@3.4.so;android.hardware.camera.device@3.5.so;android.hardware.graphics.common@1.0.so;libhidlbase.so;liblog.so;libutils.so;libcutils.so;libc++.so;libc.so;libm.so;libdl.so
vendor,/vendor/lib/android.hardware.camera.provider@2.4-external.so,ELF32,ARM,,android.hardware.camera.provider@2.4-external.so,android.hardware.camera.common@1.0.so;android.hardware.camera.device@1.0.so;android.hardware.camera.device@3.2.so;android.hardware.camera.device@3.3.so;android.hardware.camera.device@3.4.so;android.hardware.camera.device@3.5.so;android.hardware.camera.device@3.6.so;android.hardware.camera.provider@2.4.so;android.hardware.graphics.mapper@2.0.so;android.hardware.graphics.mapper@3.0.so;android.hardware.graphics.mapper@4.0.so;android.hidl.allocator@1.0.so;android.hidl.memory@1.0.so;camera.device@3.3-impl.so;camera.device@3.4-external-impl.so;camera.device@3.4-impl.so;camera.device@3.5-external-impl.so;camera.device@3.5-impl.so;camera.device@3.6-external-impl.so;libcamera_metadata.so;libcutils.so;libhardware.so;libhidlbase.so;liblog.so;libtinyxml2.so;libutils.so;libc++.so;libc.so;libm.so;libdl.so
vendor,/vendor/lib/android.hardware.camera.provider@2.4-legacy.so,ELF32,ARM,,android.hardware.camera.provider@2.4-legacy.so,android.hardware.camera.common@1.0.so;android.hardware.camera.device@1.0.so;android.hardware.camera.device@3.2.so;android.hardware.camera.device@3.3.so;android.hardware.camera.device@3.4.so;android.hardware.camera.device@3.5.so;android.hardware.camera.provider@2.4.so;android.hardware.graphics.mapper@2.0.so;android.hardware.graphics.mapper@3.0.so;android.hardware.graphics.mapper@4.0.so;android.hidl.allocator@1.0.so;android.hidl.memory@1.0.so;camera.device@1.0-impl.so;camera.device@3.2-impl.so;camera.device@3.3-impl.so;camera.device@3.4-impl.so;camera.device@3.5-impl.so;libcamera_metadata.so;libcutils.so;libhardware.so;libhidlbase.so;liblog.so;libutils.so;libc++.so;libc.so;libm.so;libdl.so
vendor,/vendor/lib/android.hardware.camera.provider@2.4.so,ELF32,ARM,,android.hardware.camera.provider@2.4.so,android.hardware.camera.common@1.0.so;android.hardware.camera.device@1.0.so;android.hardware.camera.device@3.2.so;libhidlbase.so;liblog.so;libutils.so;libcutils.so;libc++.so;libc.so;libm.so;libdl.so
vendor,/vendor/lib/android.hardware.cas.native@1.0.so,ELF32,ARM,,android.hardware.cas.native@1.0.so,android.hardware.cas@1.0.so;libhidlbase.so;liblog.so;libutils.so;libcutils.so;libc++.so;libc.so;libm.so;libdl.so
vendor,/vendor/lib/android.hardware.cas@1.0.so,ELF32,ARM,,android.hardware.cas@1.0.so,libhidlbase.so;liblog.so;libutils.so;libcutils.so;libc++.so;libc.so;libm.so;libdl.so
vendor,/vendor/lib/android.hardware.cas@1.1.so,ELF32,ARM,,android.hardware.cas@1.1.so,android.hardware.cas@1.0.so;libhidlbase.so;liblog.so;libutils.so;libcutils.so;libc++.so;libc.so;libm.so;libdl.so
vendor,/vendor/lib/android.hardware.cas@1.2.so,ELF32,ARM,,android.hardware.cas@1.2.so,android.hardware.cas@1.0.so;android.hardware.cas@1.1.so;libhidlbase.so;liblog.so;libutils.so;libcutils.so;libc++.so;libc.so;libm.so;libdl.so
vendor,/vendor/lib/android.hardware.drm@1.0.so,ELF32,ARM,,android.hardware.drm@1.0.so,libhidlbase.so;liblog.so;libutils.so;libcutils.so;libc++.so;libc.so;libm.so;libdl.so
vendor,/vendor/lib/android.hardware.drm@1.1.so,ELF32,ARM,,android.hardware.drm@1.1.so,android.hardware.drm@1.0.so;libhidlbase.so;liblog.so;libutils.so;libcutils.so;libc++.so;libc.so;libm.so;libdl.so
vendor,/vendor/lib/android.hardware.drm@1.2.so,ELF32,ARM,,android.hardware.drm@1.2.so,android.hardware.drm@1.0.so;android.hardware.drm@1.1.so;libhidlbase.so;liblog.so;libutils.so;libcutils.so;libc++.so;libc.so;libm.so;libdl.so
vendor,/vendor/lib/android.hardware.drm@1.3.so,ELF32,ARM,,android.hardware.drm@1.3.so,android.hardware.drm@1.0.so;android.hardware.drm@1.1.so;android.hardware.drm@1.2.so;libhidlbase.so;liblog.so;libutils.so;libcutils.so;libc++.so;libc.so;libm.so;libdl.so
vendor,/vendor/lib/android.hardware.drm@1.4.so,ELF32,ARM,,android.hardware.drm@1.4.so,android.hardware.drm@1.0.so;android.hardware.drm@1.1.so;android.hardware.drm@1.2.so;android.hardware.drm@1.3.so;libhidlbase.so;liblog.so;libutils.so;libcutils.so;libc++.so;libc.so;libm.so;libdl.so
vendor,/vendor/lib/android.hardware.gatekeeper@1.0.so,ELF32,ARM,,android.hardware.gatekeeper@1.0.so,libhidlbase.so;liblog.so;libutils.so;libcutils.so;libc++.so;libc.so;libm.so;libdl.so
vendor,/vendor/lib/android.hardware.graphics.composer@2.1-resources.so,ELF32,ARM,,android.hardware.graphics.composer@2.1-resources.so,android.hardware.graphics.composer@2.1.so;android.hardware.graphics.mapper@2.0.so;android.hardware.graphics.mapper@3.0.so;android.hardware.graphics.mapper@4.0.so;libcutils.so;libhardware.so;libhidlbase.so;liblog.so;libutils.so;libc++.so;libc.so;libm.so;libdl.so
vendor,/vendor/lib/android.hardware.graphics.composer@2.1.so,ELF32,ARM,,android.hardware.graphics.composer@2.1.so,android.hardware.graphics.common@1.0.so;libhidlbase.so;liblog.so;libutils.so;libcutils.so;libc++.so;libc.so;libm.so;libdl.so
vendor,/vendor/lib/android.hardware.graphics.composer@2.2-resources.so,ELF32,ARM,,android.hardware.graphics.composer@2.2-resources.so,android.hardware.graphics.composer@2.1-resources.so;android.hardware.graphics.composer@2.2.so;libc++.so;libc.so;libm.so;libdl.so
vendor,/vendor/lib/android.hardware.graphics.composer@2.2.so,ELF32,ARM,,android.hardware.graphics.composer@2.2.so,android.hardware.graphics.common@1.0.so;android.hardware.graphics.common@1.1.so;android.hardware.graphics.composer@2.1.so;libhidlbase.so;liblog.so;libutils.so;libcutils.so;libc++.so;libc.so;libm.so;libdl.so
vendor,/vendor/lib/android.hardware.health@1.0.so,ELF32,ARM,,android.hardware.health@1.0.so,libhidlbase.so;liblog.so;libutils.so;libcutils.so;libc++.so;libc.so;libm.so;libdl.so
vendor,/vendor/lib/android.hardware.health@2.0.so,ELF32,ARM,,android.hardware.health@2.0.so,android.hardware.health@1.0.so;libhidlbase.so;liblog.so;libutils.so;libcutils.so;libc++.so;libc.so;libm.so;libdl.so
vendor,/vendor/lib/android.hardware.health@2.1.so,ELF32,ARM,,android.hardware.health@2.1.so,android.hardware.health@1.0.so;android.hardware.health@2.0.so;libhidlbase.so;liblog.so;libutils.so;libcutils.so;libc++.so;libc.so;libm.so;libdl.so
vendor,/vendor/lib/android.hardware.power-V1-ndk_platform.so,ELF32,ARM,,android.hardware.power-V1-ndk_platform.so,libbinder_ndk.so;libc++.so;libc.so;libm.so;libdl.so
vendor,/vendor/lib/android.hardware.radio.config@1.0.so,ELF32,ARM,,android.hardware.radio.config@1.0.so,android.hardware.radio@1.0.so;libhidlbase.so;liblog.so;libutils.so;libcutils.so;libc++.so;libc.so;libm.so;libdl.so
vendor,/vendor/lib/android.hardware.radio.config@1.1.so,ELF32,ARM,,android.hardware.radio.config@1.1.so,android.hardware.radio.config@1.0.so;android.hardware.radio@1.0.so;libhidlbase.so;liblog.so;libutils.so;libcutils.so;libc++.so;libc.so;libm.so;libdl.so
vendor,/vendor/lib/android.hardware.radio.config@1.2.so,ELF32,ARM,,android.hardware.radio.config@1.2.so,android.hardware.radio.config@1.0.so;android.hardware.radio.config@1.1.so;android.hardware.radio@1.0.so;libhidlbase.so;liblog.so;libutils.so;libcutils.so;libc++.so;libc.so;libm.so;libdl.so
vendor,/vendor/lib/android.hardware.radio.config@1.3.so,ELF32,ARM,,android.hardware.radio.config@1.3.so,android.hardware.radio.config@1.0.so;android.hardware.radio.config@1.1.so;android.hardware.radio.config@1.2.so;android.hardware.radio@1.0.so;android.hardware.radio@1.6.so;libhidlbase.so;liblog.so;libutils.so;libcutils.so;libc++.so;libc.so;libm.so;libdl.so
vendor,/vendor/lib/android.hardware.radio.deprecated@1.0.so,ELF32,ARM,,android.hardware.radio.deprecated@1.0.so,android.hardware.radio@1.0.so;libhidlbase.so;liblog.so;libutils.so;libcutils.so;libc++.so;libc.so;libm.so;libdl.so
vendor,/vendor/lib/android.hardware.radio@1.0.so,ELF32,ARM,,android.hardware.radio@1.0.so,libhidlbase.so;liblog.so;libutils.so;libcutils.so;libc++.so;libc.so;libm.so;libdl.so
vendor,/vendor/lib/android.hardware.radio@1.1.so,ELF32,ARM,,android.hardware.radio@1.1.so,android.hardware.radio@1.0.so;libhidlbase.so;liblog.so;libutils.so;libcutils.so;libc++.so;libc.so;libm.so;libdl.so
vendor,/vendor/lib/android.hardware.radio@1.2.so,ELF32,ARM,,android.hardware.radio@1.2.so,android.hardware.radio@1.0.so;android.hardware.radio@1.1.so;libhidlbase.so;liblog.so;libutils.so;libcutils.so;libc++.so;libc.so;libm.so;libdl.so
vendor,/vendor/lib/android.hardware.radio@1.3.so,ELF32,ARM,,android.hardware.radio@1.3.so,android.hardware.radio@1.0.so;android.hardware.radio@1.1.so;android.hardware.radio@1.2.so;libhidlbase.so;liblog.so;libutils.so;libcutils.so;libc++.so;libc.so;libm.so;libdl.so
vendor,/vendor/lib/android.hardware.radio@1.4.so,ELF32,ARM,,android.hardware.radio@1.4.so,android.hardware.radio@1.0.so;android.hardware.radio@1.1.so;android.hardware.radio@1.2.so;android.hardware.radio@1.3.so;android.hidl.safe_union@1.0.so;libhidlbase.so;liblog.so;libutils.so;libcutils.so;libc++.so;libc.so;libm.so;libdl.so
vendor,/vendor/lib/android.hardware.radio@1.5.so,ELF32,ARM,,android.hardware.radio@1.5.so,android.hardware.radio@1.0.so;android.hardware.radio@1.1.so;android.hardware.radio@1.2.so;android.hardware.radio@1.3.so;android.hardware.radio@1.4.so;android.hidl.safe_union@1.0.so;libhidlbase.so;liblog.so;libutils.so;libcutils.so;libc++.so;libc.so;libm.so;libdl.so
vendor,/vendor/lib/android.hardware.radio@1.6.so,ELF32,ARM,,android.hardware.radio@1.6.so,android.hardware.radio@1.0.so;android.hardware.radio@1.1.so;android.hardware.radio@1.2.so;android.hardware.radio@1.3.so;android.hardware.radio@1.4.so;android.hardware.radio@1.5.so;android.hidl.safe_union@1.0.so;libhidlbase.so;liblog.so;libutils.so;libcutils.so;libc++.so;libc.so;libm.so;libdl.so
vendor,/vendor/lib/android.hardware.tv.cec@1.0.so,ELF32,ARM,,android.hardware.tv.cec@1.0.so,libhidlbase.so;liblog.so;libutils.so;libcutils.so;libc++.so;libc.so;libm.so;libdl.so
vendor,/vendor/lib/android.hardware.usb.gadget@1.0.so,ELF32,ARM,,android.hardware.usb.gadget@1.0.so,libhidlbase.so;liblog.so;libutils.so;libcutils.so;libc++.so;libc.so;libm.so;libdl.so
vendor,/vendor/lib/android.hardware.usb.gadget@1.1.so,ELF32,ARM,,android.hardware.usb.gadget@1.1.so,android.hardware.usb.gadget@1.0.so;libhidlbase.so;liblog.so;libutils.so;libcutils.so;libc++.so;libc.so;libm.so;libdl.so
vendor,/vendor/lib/android.hardware.usb@1.0.so,ELF32,ARM,,android.hardware.usb@1.0.so,libhidlbase.so;liblog.so;libutils.so;libcutils.so;libc++.so;libc.so;libm.so;libdl.so
vendor,/vendor/lib/android.hardware.wifi.hostapd@1.0.so,ELF32,ARM,,android.hardware.wifi.hostapd@1.0.so,android.hardware.wifi.supplicant@1.0.so;libhidlbase.so;liblog.so;libutils.so;libcutils.so;libc++.so;libc.so;libm.so;libdl.so
vendor,/vendor/lib/android.hardware.wifi.hostapd@1.1.so,ELF32,ARM,,android.hardware.wifi.hostapd@1.1.so,android.hardware.wifi.hostapd@1.0.so;android.hardware.wifi.supplicant@1.0.so;libhidlbase.so;liblog.so;libutils.so;libcutils.so;libc++.so;libc.so;libm.so;libdl.so
vendor,/vendor/lib/android.hardware.wifi.hostapd@1.2.so,ELF32,ARM,,android.hardware.wifi.hostapd@1.2.so,android.hardware.wifi.hostapd@1.0.so;android.hardware.wifi.hostapd@1.1.so;android.hardware.wifi.supplicant@1.0.so;libhidlbase.so;liblog.so;libutils.so;libcutils.so;libc++.so;libc.so;libm.so;libdl.so
vendor,/vendor/lib/android.hardware.wifi.hostapd@1.3.so,ELF32,ARM,,android.hardware.wifi.hostapd@1.3.so,android.hardware.wifi.hostapd@1.0.so;android.hardware.wifi.hostapd@1.1.so;android.hardware.wifi.hostapd@1.2.so;android.hardware.wifi.supplicant@1.0.so;libhidlbase.so;liblog.so;libutils.so;libcutils.so;libc++.so;libc.so;libm.so;libdl.so
vendor,/vendor/lib/android.hardware.wifi.supplicant@1.0.so,ELF32,ARM,,android.hardware.wifi.supplicant@1.0.so,libhidlbase.so;liblog.so;libutils.so;libcutils.so;libc++.so;libc.so;libm.so;libdl.so
vendor,/vendor/lib/android.hardware.wifi.supplicant@1.1.so,ELF32,ARM,,android.hardware.wifi.supplicant@1.1.so,android.hardware.wifi.supplicant@1.0.so;libhidlbase.so;liblog.so;libutils.so;libcutils.so;libc++.so;libc.so;libm.so;libdl.so
vendor,/vendor/lib/android.hardware.wifi.supplicant@1.2.so,ELF32,ARM,,android.hardware.wifi.supplicant@1.2.so,android.hardware.wifi.supplicant@1.0.so;android.hardware.wifi.supplicant@1.1.so;libhidlbase.so;liblog.so;libutils.so;libcutils.so;libc++.so;libc.so;libm.so;libdl.so
vendor,/vendor/lib/android.hardware.wifi.supplicant@1.3.so,ELF32,ARM,,android.hardware.wifi.supplicant@1.3.so,android.hardware.wifi.supplicant@1.0.so;android.hardware.wifi.supplicant@1.1.so;android.hardware.wifi.supplicant@1.2.so;android.hardware.wifi@1.0.so;libhidlbase.so;liblog.so;libutils.so;libcutils.so;libc++.so;libc.so;libm.so;libdl.so
vendor,/vendor/lib/android.hardware.wifi.supplicant@1.4.so,ELF32,ARM,,android.hardware.wifi.supplicant@1.4.so,android.hardware.wifi.supplicant@1.0.so;android.hardware.wifi.supplicant@1.1.so;android.hardware.wifi.supplicant@1.2.so;android.hardware.wifi.supplicant@1.3.so;android.hardware.wifi@1.0.so;libhidlbase.so;liblog.so;libutils.so;libcutils.so;libc++.so;libc.so;libm.so;libdl.so
vendor,/vendor/lib/android.hardware.wifi@1.0.so,ELF32,ARM,,android.hardware.wifi@1.0.so,libhidlbase.so;liblog.so;libutils.so;libcutils.so;libc++.so;libc.so;libm.so;libdl.so
vendor,/vendor/lib/android.hardware.wifi@1.1.so,ELF32,ARM,,android.hardware.wifi@1.1.so,android.hardware.wifi@1.0.so;libhidlbase.so;liblog.so;libutils.so;libcutils.so;libc++.so;libc.so;libm.so;libdl.so
vendor,/vendor/lib/android.hardware.wifi@1.2.so,ELF32,ARM,,android.hardware.wifi@1.2.so,android.hardware.wifi@1.0.so;android.hardware.wifi@1.1.so;libhidlbase.so;liblog.so;libutils.so;libcutils.so;libc++.so;libc.so;libm.so;libdl.so
vendor,/vendor/lib/android.hardware.wifi@1.3.so,ELF32,ARM,,android.hardware.wifi@1.3.so,android.hardware.wifi@1.0.so;android.hardware.wifi@1.1.so;android.hardware.wifi@1.2.so;libhidlbase.so;liblog.so;libutils.so;libcutils.so;libc++.so;libc.so;libm.so;libdl.so
vendor,/vendor/lib/android.hardware.wifi@1.4.so,ELF32,ARM,,android.hardware.wifi@1.4.so,android.hardware.wifi@1.0.so;android.hardware.wifi@1.1.so;android.hardware.wifi@1.2.so;android.hardware.wifi@1.3.so;libhidlbase.so;liblog.so;libutils.so;libcutils.so;libc++.so;libc.so;libm.so;libdl.so
vendor,/vendor/lib/android.hardware.wifi@1.5.so,ELF32,ARM,,android.hardware.wifi@1.5.so,android.hardware.wifi@1.0.so;android.hardware.wifi@1.1.so;android.hardware.wifi@1.2.so;android.hardware.wifi@1.3.so;android.hardware.wifi@1.4.so;libhidlbase.so;liblog.so;libutils.so;libcutils.so;libc++.so;libc.so;libm.so;libdl.so
vendor,/vendor/lib/android.hidl.allocator@1.0.so,ELF32,ARM,,android.hidl.allocator@1.0.so,libhidlbase.so;liblog.so;libutils.so;libcutils.so;libc++.so;libc.so;libm.so;libdl.so
vendor,/vendor/lib/android.system.wifi.keystore@1.0.so,ELF32,ARM,,android.system.wifi.keystore@1.0.so,libhidlbase.so;liblog.so;libutils.so;libcutils.so;libc++.so;libc.so;libm.so;libdl.so
vendor,/vendor/lib/camera.device@1.0-impl.so,ELF32,ARM,,camera.device@1.0-impl.so,libhidlbase.so;libhidlmemory.so;libutils.so;android.hardware.camera.device@1.0.so;android.hardware.camera.common@1.0.so;android.hardware.graphics.allocator@2.0.so;android.hardware.graphics.mapper@2.0.so;android.hardware.graphics.mapper@3.0.so;android.hardware.graphics.mapper@4.0.so;android.hardware.graphics.common@1.0.so;android.hidl.allocator@1.0.so;android.hidl.memory@1.0.so;libcutils.so;liblog.so;libgralloctypes.so;libhardware.so;libcamera_metadata.so;libc++.so;libc.so;libm.so;libdl.so
vendor,/vendor/lib/camera.device@3.2-impl.so,ELF32,ARM,,camera.device@3.2-impl.so,libhidlbase.so;libutils.so;libcutils.so;android.hardware.camera.device@3.2.so;android.hardware.camera.provider@2.4.so;android.hardware.graphics.mapper@2.0.so;android.hardware.graphics.mapper@3.0.so;android.hardware.graphics.mapper@4.0.so;liblog.so;libgralloctypes.so;libhardware.so;libcamera_metadata.so;libfmq.so;libc++.so;libc.so;libm.so;libdl.so
vendor,/vendor/lib/camera.device@3.3-impl.so,ELF32,ARM,,camera.device@3.3-impl.so,libhidlbase.so;libutils.so;libcutils.so;camera.device@3.2-impl.so;android.hardware.camera.device@3.2.so;android.hardware.camera.device@3.3.so;android.hardware.camera.provider@2.4.so;android.hardware.graphics.mapper@2.0.so;android.hardware.graphics.mapper@3.0.so;android.hardware.graphics.mapper@4.0.so;liblog.so;libgralloctypes.so;libhardware.so;libcamera_metadata.so;libfmq.so;libc++.so;libc.so;libm.so;libdl.so
vendor,/vendor/lib/camera.device@3.4-external-impl.so,ELF32,ARM,,camera.device@3.4-external-impl.so,libhidlbase.so;libutils.so;libcutils.so;camera.device@3.2-impl.so;camera.device@3.3-impl.so;android.hardware.camera.device@3.2.so;android.hardware.camera.device@3.3.so;android.hardware.camera.device@3.4.so;android.hardware.camera.provider@2.4.so;android.hardware.graphics.mapper@2.0.so;android.hardware.graphics.mapper@3.0.so;android.hardware.graphics.mapper@4.0.so;liblog.so;libgralloctypes.so;libhardware.so;libcamera_metadata.so;libfmq.so;libsync.so;libyuv.so;libjpeg.so;libexif.so;libtinyxml2.so;libvencoder.so;libvdecoder.so;libMemAdapter.so;libc++.so;libc.so;libm.so;libdl.so
vendor,/vendor/lib/camera.device@3.4-impl.so,ELF32,ARM,,camera.device@3.4-impl.so,libhidlbase.so;libutils.so;libcutils.so;camera.device@3.2-impl.so;camera.device@3.3-impl.so;android.hardware.camera.device@3.2.so;android.hardware.camera.device@3.3.so;android.hardware.camera.device@3.4.so;android.hardware.camera.provider@2.4.so;android.hardware.graphics.mapper@2.0.so;android.hardware.graphics.mapper@3.0.so;android.hardware.graphics.mapper@4.0.so;liblog.so;libgralloctypes.so;libhardware.so;libcamera_metadata.so;libfmq.so;libc++.so;libc.so;libm.so;libdl.so
vendor,/vendor/lib/camera.device@3.5-external-impl.so,ELF32,ARM,,camera.device@3.5-external-impl.so,libhidlbase.so;libutils.so;libcutils.so;camera.device@3.2-impl.so;camera.device@3.3-impl.so;camera.device@3.4-external-impl.so;android.hardware.camera.device@3.2.so;android.hardware.camera.device@3.3.so;android.hardware.camera.device@3.4.so;android.hardware.camera.device@3.5.so;android.hardware.camera.provider@2.4.so;android.hardware.graphics.mapper@2.0.so;android.hardware.graphics.mapper@3.0.so;android.hardware.graphics.mapper@4.0.so;liblog.so;libgralloctypes.so;libhardware.so;libcamera_metadata.so;libfmq.so;libsync.so;libyuv.so;libjpeg.so;libexif.so;libtinyxml2.so;libc++.so;libc.so;libm.so;libdl.so
vendor,/vendor/lib/camera.device@3.5-impl.so,ELF32,ARM,,camera.device@3.5-impl.so,libhidlbase.so;libutils.so;libcutils.so;camera.device@3.2-impl.so;camera.device@3.3-impl.so;camera.device@3.4-impl.so;android.hardware.camera.device@3.2.so;android.hardware.camera.device@3.3.so;android.hardware.camera.device@3.4.so;android.hardware.camera.device@3.5.so;android.hardware.camera.provider@2.4.so;android.hardware.graphics.mapper@2.0.so;android.hardware.graphics.mapper@3.0.so;android.hardware.graphics.mapper@4.0.so;liblog.so;libgralloctypes.so;libhardware.so;libcamera_metadata.so;libc++.so;libc.so;libm.so;libdl.so
vendor,/vendor/lib/camera.device@3.6-external-impl.so,ELF32,ARM,,camera.device@3.6-external-impl.so,libhidlbase.so;libutils.so;libcutils.so;camera.device@3.2-impl.so;camera.device@3.3-impl.so;camera.device@3.4-external-impl.so;camera.device@3.5-external-impl.so;android.hardware.camera.device@3.2.so;android.hardware.camera.device@3.3.so;android.hardware.camera.device@3.4.so;android.hardware.camera.device@3.5.so;android.hardware.camera.device@3.6.so;android.hardware.camera.provider@2.4.so;android.hardware.graphics.mapper@2.0.so;android.hardware.graphics.mapper@3.0.so;android.hardware.graphics.mapper@4.0.so;liblog.so;libgralloctypes.so;libhardware.so;libcamera_metadata.so;libfmq.so;libsync.so;libyuv.so;libjpeg.so;libexif.so;libtinyxml2.so;libc++.so;libc.so;libm.so;libdl.so
vendor,/vendor/lib/drm-vts-test-libs/libvtswidevine.so,ELF32,ARM,,libvtswidevine.so,libbase.so;libcrypto.so;libhidlbase.so;liblog.so;libssl.so;libutils.so;libc++.so;libc.so;libm.so;libdl.so
vendor,/vendor/lib/egl/libGLES_mali.so,ELF32,ARM,,libGLES_mali.so,libcutils.so;android.hardware.graphics.common@1.0.so;libnativewindow.so;liblog.so;libm.so;libc.so;libdl.so;libz.so;libc++.so
vendor,/vendor/lib/hw/android.hardware.audio.effect@7.0-impl.so,ELF32,ARM,,android.hardware.audio.effect@7.0-impl.so,libbase.so;libcutils.so;libeffects.so;libfmq.so;libhidlbase.so;libhidlmemory.so;liblog.so;libutils.so;android.hardware.audio.common-util.so;android.hidl.memory@1.0.so;android.hardware.audio.common@7.0.so;android.hardware.audio.common@7.0-util.so;android.hardware.audio.effect@7.0.so;android.hardware.audio.effect@7.0-util.so;libc++.so;libc.so;libm.so;libdl.so
vendor,/vendor/lib/hw/android.hardware.audio@7.0-impl.so,ELF32,ARM,,android.hardware.audio@7.0-impl.so,libcutils.so;libfmq.so;libhardware.so;libhidlbase.so;liblog.so;libmedia_helper.so;libutils.so;android.hardware.audio.common-util.so;android.hardware.audio@7.0.so;android.hardware.audio@7.0-util.so;android.hardware.audio.common@7.0.so;android.hardware.audio.common@7.0-enums.so;android.hardware.audio.common@7.0-util.so;libbase.so;libc++.so;libc.so;libm.so;libdl.so
vendor,/vendor/lib/hw/android.hardware.bluetooth@1.0-impl.so,ELF32,ARM,,android.hardware.bluetooth@1.0-impl.so,android.hardware.bluetooth@1.0.so;libbase.so;libcutils.so;libhardware.so;libhidlbase.so;liblog.so;libutils.so;libc++.so;libc.so;libm.so;libdl.so
vendor,/vendor/lib/hw/android.hardware.boot@1.0-impl-1.2.so,ELF32,ARM,,android.hardware.boot@1.0-impl-1.2.so,libbase.so;liblog.so;libhidlbase.so;libhardware.so;libutils.so;android.hardware.boot@1.0.so;android.hardware.boot@1.1.so;android.hardware.boot@1.2.so;libc++.so;libc.so;libm.so;libdl.so
vendor,/vendor/lib/hw/android.hardware.camera.provider@2.4-impl.so,ELF32,ARM,,android.hardware.camera.provider@2.4-impl.so,android.hardware.camera.common@1.0.so;android.hardware.camera.device@1.0.so;android.hardware.camera.device@3.2.so;android.hardware.camera.device@3.3.so;android.hardware.camera.device@3.4.so;android.hardware.camera.device@3.5.so;android.hardware.camera.provider@2.4.so;android.hardware.camera.provider@2.4-external.so;android.hardware.camera.provider@2.4-legacy.so;android.hardware.graphics.mapper@2.0.so;android.hardware.graphics.mapper@3.0.so;android.hardware.graphics.mapper@4.0.so;android.hidl.allocator@1.0.so;android.hidl.memory@1.0.so;camera.device@1.0-impl.so;camera.device@3.2-impl.so;camera.device@3.3-impl.so;camera.device@3.4-external-impl.so;camera.device@3.4-impl.so;camera.device@3.5-external-impl.so;camera.device@3.5-impl.so;libcamera_metadata.so;libcutils.so;libhardware.so;libhidlbase.so;liblog.so;libtinyxml2.so;libutils.so;libc++.so;libc.so;libm.so;libdl.so
vendor,/vendor/lib/hw/android.hardware.drm@1.0-impl.so,ELF32,ARM,,android.hardware.drm@1.0-impl.so,android.hardware.drm@1.0.so;android.hidl.memory@1.0.so;libcutils.so;libhidlbase.so;libhidlmemory.so;liblog.so;libstagefright_foundation.so;libutils.so;libc++.so;libc.so;libm.so;libdl.so
vendor,/vendor/lib/hw/android.hardware.gatekeeper@1.0-impl-aw.so,ELF32,ARM,,android.hardware.gatekeeper@1.0-impl-aw.so,android.hardware.gatekeeper@1.0.so;libhardware.so;libhidlbase.so;libutils.so;liblog.so;libcutils.so;libc++.so;libc.so;libm.so;libdl.so
vendor,/vendor/lib/hw/android.hardware.graphics.allocator@2.0-impl.so,ELF32,ARM,,android.hardware.graphics.allocator@2.0-impl.so,android.hardware.graphics.allocator@2.0.so;libbase.so;libcutils.so;libhardware.so;libhidlbase.so;liblog.so;libutils.so;libc++.so;libc.so;libm.so;libdl.so
vendor,/vendor/lib/hw/android.hardware.graphics.mapper@2.0-impl-2.1.so,ELF32,ARM,,android.hardware.graphics.mapper@2.0-impl-2.1.so,android.hardware.graphics.mapper@2.0.so;android.hardware.graphics.mapper@2.1.so;libbase.so;libcutils.so;libhardware.so;libhidlbase.so;liblog.so;libsync.so;libutils.so;libc++.so;libc.so;libm.so;libdl.so
vendor,/vendor/lib/hw/android.hardware.health@2.0-impl-2.1.so,ELF32,ARM,,android.hardware.health@2.0-impl-2.1.so,libbase.so;libcutils.so;libhidlbase.so;liblog.so;libutils.so;android.hardware.health@2.1.so;android.hardware.health@2.0.so;libc++.so;libc.so;libm.so;libdl.so
vendor,/vendor/lib/hw/android.hardware.tv.cec@1.0-impl.so,ELF32,ARM,,android.hardware.tv.cec@1.0-impl.so,libhidlbase.so;liblog.so;libbase.so;libutils.so;libhardware.so;android.hardware.tv.cec@1.0.so;libc++.so;libc.so;libm.so;libdl.so
vendor,/vendor/lib/hw/audio.primary.apollo.so,ELF32,ARM,,audio.primary.apollo.so,liblog.so;libcutils.so;libaudioutils.so;libaudioroute.so;libtinyalsa_audio.so;libnano.so;libc++.so;libc.so;libm.so;libdl.so
vendor,/vendor/lib/hw/audio.primary.default.so,ELF32,ARM,,audio.primary.default.so,liblog.so;libc++.so;libc.so;libm.so;libdl.so
vendor,/vendor/lib/hw/audio.r_submix.default.so,ELF32,ARM,,audio.r_submix.default.so,liblog.so;libcutils.so;libmedia_helper.so;libnbaio_mono.so;libutils.so;libc++.so;libc.so;libm.so;libdl.so
vendor,/vendor/lib/hw/audio.usb.default.so,ELF32,ARM,,audio.usb.default.so,liblog.so;libcutils.so;libaudioutils.so;libtinyalsa.so;libalsautils.so;libc++.so;libc.so;libm.so;libdl.so
vendor,/vendor/lib/hw/camera.apollo.so,ELF32,ARM,,camera.apollo.so,libbinder.so;libutils.so;libcutils.so;libui.so;liblog.so;libexpat.so;libhdr.so;libvdecoder.so;libvencoder.so;libproc.so;libc++.so;libc.so;libm.so;libdl.so
vendor,/vendor/lib/hw/gatekeeper.apollo.so,ELF32,ARM,,gatekeeper.apollo.so,liblog.so;libcutils.so;libteec.so;libc++.so;libc.so;libm.so;libdl.so
vendor,/vendor/lib/hw/gralloc.apollo.so,ELF32,ARM,,gralloc.apollo.so,libhardware.so;liblog.so;libcutils.so;libion.so;libsync.so;libutils.so;libGLESv1_CM.so;libnativewindow.so;libc++.so;libc.so;libm.so;libdl.so
vendor,/vendor/lib/hw/gralloc.default.so,ELF32,ARM,,gralloc.default.so,liblog.so;libcutils.so;libc++.so;libc.so;libm.so;libdl.so
vendor,/vendor/lib/hw/hdmi_cec.apollo.so,ELF32,ARM,,hdmi_cec.apollo.so,liblog.so;libutils.so;libcutils.so;libhardware.so;libsysutils.so;libc++.so;libc.so;libm.so;libdl.so
vendor,/vendor/lib/hw/hwcomposer.apollo.so,ELF32,ARM,,hwcomposer.apollo.so,libGLESv2.so;libGLESv3.so;libui.so;libEGL.so;libhwc_config.so;libdisplayconfig.so;vendor.display.config@1.0.so;vendor.display.config@1.0-impl.so;libbase.so;libcutils.so;libutils.so;libion.so;libsysutils.so;libsync.so;libprocessgroup.so;liblog.so;libc++.so;libc.so;libm.so;libdl.so
vendor,/vendor/lib/hw/local_time.default.so,ELF32,ARM,,local_time.default.so,liblog.so;libcutils.so;libc++.so;libc.so;libm.so;libdl.so
vendor,/vendor/lib/hw/power.default.so,ELF32,ARM,,power.default.so,liblog.so;libc++.so;libc.so;libm.so;libdl.so
vendor,/vendor/lib/hw/tv_input.default.so,ELF32,ARM,,tv_input.default.so,libcutils.so;liblog.so;libc++.so;libc.so;libm.so;libdl.so
vendor,/vendor/lib/hw/vibrator.default.so,ELF32,ARM,,vibrator.default.so,liblog.so;libc++.so;libc.so;libm.so;libdl.so
vendor,/vendor/lib/hw/vulkan.apollo.so,ELF32,ARM,,libGLES_mali.so,libcutils.so;android.hardware.graphics.common@1.0.so;libnativewindow.so;liblog.so;libm.so;libc.so;libdl.so;libz.so;libc++.so
vendor,/vendor/lib/libMemAdapter.so,ELF32,ARM,,libMemAdapter.so,libcutils.so;libutils.so;liblog.so;libVE.so;libcdc_base.so;libteec.so;libc++.so;libc.so;libm.so;libdl.so
vendor,/vendor/lib/libOmxCore.so,ELF32,ARM,,libOmxCore.so,libcutils.so;libutils.so;liblog.so;libbinder.so;libcdc_base.so;libc++.so;libc.so;libm.so;libdl.so
vendor,/vendor/lib/libOmxVdec.so,ELF32,ARM,,libOmxVdec.so,libvdecoder.so;libVE.so;libvideoengine.so;libMemAdapter.so;libcdc_base.so;liblog.so;libcutils.so;libutils.so;libbinder.so;libui.so;libion.so;libc++.so;libc.so;libm.so;libdl.so
vendor,/vendor/lib/libOmxVenc.so,ELF32,ARM,,libOmxVenc.so,libcutils.so;libutils.so;liblog.so;libbinder.so;libui.so;libion.so;libVE.so;libMemAdapter.so;libvencoder.so;libcdc_base.so;libc++.so;libc.so;libm.so;libdl.so
vendor,/vendor/lib/libVE.so,ELF32,ARM,,libVE.so,libcutils.so;libutils.so;libcdc_base.so;liblog.so;libc++.so;libc.so;libm.so;libdl.so
vendor,/vendor/lib/lib_android_keymaster_keymint_utils.so,ELF32,ARM,,lib_android_keymaster_keymint_utils.so,android.hardware.security.keymint-V1-ndk_platform.so;libbase.so;libhardware.so;libc++.so;libc.so;libm.so;libdl.so
vendor,/vendor/lib/libaftertreatment.so,ELF32,ARM,,libaftertreatment.so,liblog.so;libVE.so;libMemAdapter.so;libcdc_base.so;libscaledown.so;libfbm.so;libc++.so;libc.so;libm.so;libdl.so
vendor,/vendor/lib/libalsautils.so,ELF32,ARM,,libalsautils.so,liblog.so;libcutils.so;libaudioutils.so;libtinyalsa.so;libc++.so;libc.so;libm.so;libdl.so
vendor,/vendor/lib/libavservices_minijail.so,ELF32,ARM,,libavservices_minijail.so,libbase.so;libminijail.so;libc++.so;libc.so;libm.so;libdl.so
vendor,/vendor/lib/libawavs.so,ELF32,ARM,,libawavs.so,liblog.so;libcutils.so;libutils.so;libVE.so;libsbm.so;libfbm.so;libvideoengine.so;libcdc_base.so;libc++.so;libc.so;libm.so;libdl.so
vendor,/vendor/lib/libawavs2.so,ELF32,ARM,,libawavs2.so,liblog.so;libcutils.so;libutils.so;libVE.so;libfbm.so;libsbm.so;libvideoengine.so;libcdc_base.so;libc++.so;libc.so;libm.so;libdl.so
vendor,/vendor/lib/libawh264.so,ELF32,ARM,,libawh264.so,liblog.so;libcutils.so;libutils.so;libVE.so;libfbm.so;libsbm.so;libvideoengine.so;libcdc_base.so;libc++.so;libc.so;libm.so;libdl.so
vendor,/vendor/lib/libawh265.so,ELF32,ARM,,libawh265.so,liblog.so;libcutils.so;libutils.so;libVE.so;libMemAdapter.so;libsbm.so;libfbm.so;libvideoengine.so;libcdc_base.so;libc++.so;libc.so;libm.so;libdl.so
vendor,/vendor/lib/libawmjpeg.so,ELF32,ARM,,libawmjpeg.so,liblog.so;libcutils.so;libutils.so;libVE.so;libMemAdapter.so;libsbm.so;libfbm.so;libvideoengine.so;libcdc_base.so;libc++.so;libc.so;libm.so;libdl.so
vendor,/vendor/lib/libawmjpegplus.so,ELF32,ARM,,libawmjpegplus.so,liblog.so;libcutils.so;libutils.so;libVE.so;libMemAdapter.so;libsbm.so;libfbm.so;libvideoengine.so;libcdc_base.so;libc++.so;libc.so;libm.so;libdl.so
vendor,/vendor/lib/libawmpeg2.so,ELF32,ARM,,libawmpeg2.so,liblog.so;libcutils.so;libutils.so;libVE.so;libsbm.so;libfbm.so;libvideoengine.so;libcdc_base.so;libc++.so;libc.so;libm.so;libdl.so
vendor,/vendor/lib/libawmpeg4base.so,ELF32,ARM,,libawmpeg4base.so,liblog.so;libcutils.so;libutils.so;libVE.so;libsbm.so;libfbm.so;libvideoengine.so;libcdc_base.so;libc++.so;libc.so;libm.so;libdl.so
vendor,/vendor/lib/libawmpeg4dx.so,ELF32,ARM,,libawmpeg4dx.so,liblog.so;libcutils.so;libutils.so;libVE.so;libfbm.so;libsbm.so;libvideoengine.so;libawmpeg4base.so;libcdc_base.so;libc++.so;libc.so;libm.so;libdl.so
vendor,/vendor/lib/libawmpeg4h263.so,ELF32,ARM,,libawmpeg4h263.so,liblog.so;libcutils.so;libutils.so;libVE.so;libvideoengine.so;libsbm.so;libfbm.so;libawmpeg4base.so;libcdc_base.so;libc++.so;libc.so;libm.so;libdl.so
vendor,/vendor/lib/libawmpeg4normal.so,ELF32,ARM,,libawmpeg4normal.so,liblog.so;libcutils.so;libutils.so;libVE.so;libfbm.so;libsbm.so;libvideoengine.so;libawmpeg4base.so;libcdc_base.so;libc++.so;libc.so;libm.so;libdl.so
vendor,/vendor/lib/libawmpeg4vp6.so,ELF32,ARM,,libawmpeg4vp6.so,liblog.so;libcutils.so;libutils.so;libVE.so;libsbm.so;libfbm.so;libvideoengine.so;libawmpeg4base.so;libcdc_base.so;libc++.so;libc.so;libm.so;libdl.so
vendor,/vendor/lib/libawvp6soft.so,ELF32,ARM,,libawvp6soft.so,liblog.so;libcutils.so;libutils.so;libVE.so;libsbm.so;libfbm.so;libvideoengine.so;libcdc_base.so;libc++.so;libc.so;libm.so;libdl.so
vendor,/vendor/lib/libawvp8.so,ELF32,ARM,,libawvp8.so,liblog.so;libcutils.so;libutils.so;libVE.so;libsbm.so;libfbm.so;libvideoengine.so;libcdc_base.so;libc++.so;libc.so;libm.so;libdl.so
vendor,/vendor/lib/libawvp9Hw.so,ELF32,ARM,,libawvp9Hw.so,liblog.so;libcutils.so;libutils.so;libVE.so;libsbm.so;libfbm.so;libvideoengine.so;libcdc_base.so;libc++.so;libc.so;libm.so;libdl.so
vendor,/vendor/lib/libawvp9HwAL.so,ELF32,ARM,,libawvp9HwAL.so,liblog.so;libcutils.so;libutils.so;libVE.so;libsbm.so;libfbm.so;libvideoengine.so;libcdc_base.so;libc++.so;libc.so;libm.so;libdl.so
vendor,/vendor/lib/libawvp9soft.so,ELF32,ARM,,libawvp9soft.so,liblog.so;libcutils.so;libutils.so;libVE.so;libfbm.so;libsbm.so;libvideoengine.so;libcdc_base.so;libc++.so;libc.so;libm.so;libdl.so
vendor,/vendor/lib/libawwmv12soft.so,ELF32,ARM,,libawwmv12soft.so,liblog.so;libfbm.so;libsbm.so;libVE.so;libvideoengine.so;libMemAdapter.so;libcdc_base.so;libc++.so;libc.so;libm.so;libdl.so
vendor,/vendor/lib/libawwmv3.so,ELF32,ARM,,libawwmv3.so,liblog.so;libcutils.so;libutils.so;libVE.so;libvideoengine.so;libfbm.so;libsbm.so;libcdc_base.so;libc++.so;libc.so;libm.so;libdl.so
vendor,/vendor/lib/libbinderdebug.so,ELF32,ARM,,libbinderdebug.so,libbase.so;libbinder.so;libc++.so;libc.so;libm.so;libdl.so
vendor,/vendor/lib/libbt-aic.so,ELF32,ARM,,libbt-aic.so,libcutils.so;liblog.so;libc++.so;libc.so;libm.so;libdl.so
vendor,/vendor/lib/libbt-broadcom.so,ELF32,ARM,,libbt-broadcom.so,libcutils.so;liblog.so;libc++.so;libc.so;libm.so;libdl.so
vendor,/vendor/lib/libbt-realtek.so,ELF32,ARM,,libbt-realtek.so,libcutils.so;libutils.so;liblog.so;libc++.so;libc.so;libm.so;libdl.so
vendor,/vendor/lib/libbt-sprd.so,ELF32,ARM,,libbt-sprd.so,libcutils.so;liblog.so;libc++.so;libc.so;libm.so;libdl.so
vendor,/vendor/lib/libbt-vendor.so,ELF32,ARM,,libbt-vendor.so,libcutils.so;liblog.so;libc++.so;libc.so;libm.so;libdl.so
vendor,/vendor/lib/libbt-xradio.so,ELF32,ARM,,libbt-xradio.so,libhardware_legacy.so;libcutils.so;liblog.so;libc++.so;libc.so;libm.so;libdl.so
vendor,/vendor/lib/libcdc_base.so,ELF32,ARM,,libcdc_base.so,libcutils.so;liblog.so;libc++.so;libc.so;libm.so;libdl.so
vendor,/vendor/lib/libcppbor_external.so,ELF32,ARM,,libcppbor_external.so,libbase.so;libcrypto.so;libc++.so;libc.so;libm.so;libdl.so
vendor,/vendor/lib/libcppcose_rkp.so,ELF32,ARM,,libcppcose_rkp.so,libcppbor_external.so;libcrypto.so;liblog.so;libc++.so;libc.so;libm.so;libdl.so
vendor,/vendor/lib/libde201.so,ELF32,ARM,,libde201.so,libutils.so;liblog.so;libc++.so;libc.so;libm.so;libdl.so
vendor,/vendor/lib/libdisplayconfig.so,ELF32,ARM,,libdisplayconfig.so,libdisplayd.so;libedid.so;libutils.so;libcutils.so;liblog.so;libbinder.so;libhidlbase.so;libhidltransport.so;vendor.display.config@1.0.so;vendor.display.config@1.0-impl.so;libc++.so;libc.so;libm.so;libdl.so
vendor,/vendor/lib/libdisplayd.so,ELF32,ARM,,libdisplayd.so,libutils.so;libsysutils.so;libcutils.so;liblog.so;libbinder.so;libedid.so;libhwc_config.so;libc++.so;libc.so;libm.so;libdl.so
vendor,/vendor/lib/libedid.so,ELF32,ARM,,libedid.so,libutils.so;libcutils.so;liblog.so;libc++.so;libc.so;libm.so;libdl.so
vendor,/vendor/lib/libeffects.so,ELF32,ARM,,libeffects.so,libcutils.so;liblog.so;libeffectsconfig.so;libc++.so;libc.so;libm.so;libdl.so
vendor,/vendor/lib/libeffectsconfig.so,ELF32,ARM,,libeffectsconfig.so,liblog.so;libtinyxml2.so;libutils.so;libmedia_helper.so;libcutils.so;libc++.so;libc.so;libm.so;libdl.so
vendor,/vendor/lib/libfbm.so,ELF32,ARM,,libfbm.so,libcutils.so;libutils.so;liblog.so;libui.so;libcdc_base.so;libMemAdapter.so;libvideoengine.so;libc++.so;libc.so;libm.so;libdl.so
vendor,/vendor/lib/libhdr.so,ELF32,ARM,/system/bin/linker,libhdr.so,libc.so;libcutils.so;liblog.so;libm.so;libstdc++.so;libtinyalsa.so;libutils.so
vendor,/vendor/lib/libhidltransport.so,ELF32,ARM,,libhidltransport.so,libc++.so;libc.so;libm.so;libdl.so
vendor,/vendor/lib/libhwbinder.so,ELF32,ARM,,libhwbinder.so,libc++.so;libc.so;libm.so;libdl.so
vendor,/vendor/lib/libhwc2on1adapter.so,ELF32,ARM,,libhwc2on1adapter.so,libutils.so;libcutils.so;liblog.so;libhardware.so;libc++.so;libc.so;libm.so;libdl.so
vendor,/vendor/lib/libhwc2onfbadapter.so,ELF32,ARM,,libhwc2onfbadapter.so,liblog.so;libsync.so;libc++.so;libc.so;libm.so;libdl.so
vendor,/vendor/lib/libhwc_config.so,ELF32,ARM,,libhwc_config.so,libbase.so;libcutils.so;libutils.so;liblog.so;libjsoncpp.so;libc++.so;libc.so;libm.so;libdl.so
vendor,/vendor/lib/libkeymaster_messages.so,ELF32,ARM,,libkeymaster_messages.so,libc++.so;libc.so;libm.so;libdl.so
vendor,/vendor/lib/libkeymaster_portable.so,ELF32,ARM,,libkeymaster_portable.so,libcrypto.so;libcppbor_external.so;libcppcose_rkp.so;libc++.so;libc.so;libm.so;libdl.so
vendor,/vendor/lib/libkeymint.so,ELF32,ARM,,libkeymint.so,libhidlbase.so;android.hardware.security.keymint-V1-ndk_platform.so;android.hardware.security.secureclock-V1-ndk_platform.so;android.hardware.security.sharedsecret-V1-ndk_platform.so;lib_android_keymaster_keymint_utils.so;libbase.so;libbinder_ndk.so;libcppbor_external.so;libcrypto.so;libcutils.so;libkeymaster_messages.so;libkeymaster_portable.so;liblog.so;libpuresoftkeymasterdevice.so;libutils.so;libc++.so;libc.so;libm.so;libdl.so
vendor,/vendor/lib/libkeystore-engine-wifi-hidl.so,ELF32,ARM,,libkeystore-engine-wifi-hidl.so,android.system.keystore2-V1-ndk_platform.so;libbase.so;libbinder_ndk.so;libcrypto.so;liblog.so;libcutils.so;libutils.so;libc++.so;libc.so;libm.so;libdl.so
vendor,/vendor/lib/libkeystore-wifi-hidl.so,ELF32,ARM,,libkeystore-wifi-hidl.so,android.system.wifi.keystore@1.0.so;libbase.so;libhidlbase.so;liblog.so;libutils.so;libc++.so;libc.so;libm.so;libdl.so
vendor,/vendor/lib/liblowi_wifihal.so,ELF32,ARM,,liblowi_wifihal.so,libutils.so;libcutils.so;liblog.so;libnl.so;libc++.so;libc.so;libm.so;libdl.so
vendor,/vendor/lib/libnano.so,ELF32,ARM,,libnano.so,liblog.so;libcutils.so;libutils.so;libc++.so;libdl.so;libc.so;libm.so
vendor,/vendor/lib/libnbaio_mono.so,ELF32,ARM,,libnbaio_mono.so,libaudioutils.so;libcutils.so;liblog.so;libutils.so;libc++.so;libc.so;libm.so;libdl.so
vendor,/vendor/lib/libopus.so,ELF32,ARM,,libopus.so,libc++.so;libc.so;libm.so;libdl.so
vendor,/vendor/lib/libproc.so,ELF32,ARM,/system/bin/linker,libproc.so,libc.so;libm.so;libstdc++.so
vendor,/vendor/lib/libprotobuf-cpp-full-3.9.1.so,ELF32,ARM,,libprotobuf-cpp-full-3.9.1.so,libz.so;liblog.so;libc++.so;libc.so;libm.so;libdl.so
vendor,/vendor/lib/libprotobuf-cpp-lite-3.9.1.so,ELF32,ARM,,libprotobuf-cpp-lite-3.9.1.so,liblog.so;libc++.so;libc.so;libm.so;libdl.so
vendor,/vendor/lib/libpuresoftkeymasterdevice.so,ELF32,ARM,,libpuresoftkeymasterdevice.so,libkeymaster_messages.so;libkeymaster_portable.so;libsoft_attestation_cert.so;liblog.so;libcppbor_external.so;libcppcose_rkp.so;libcrypto.so;libcutils.so;libbase.so;libc++.so;libc.so;libm.so;libdl.so
vendor,/vendor/lib/libreference-ril.so,ELF32,ARM,,libreference-ril.so,liblog.so;libcutils.so;libutils.so;libril.so;librilutils.so;libc++.so;libc.so;libm.so;libdl.so
vendor,/vendor/lib/libril.so,ELF32,ARM,,libril.so,liblog.so;libutils.so;libcutils.so;libhardware_legacy.so;librilutils.so;android.hardware.radio@1.0.so;android.hardware.radio@1.1.so;android.hardware.radio@1.2.so;android.hardware.radio@1.3.so;android.hardware.radio@1.4.so;android.hardware.radio@1.5.so;android.hardware.radio@1.6.so;android.hardware.radio.config@1.0.so;android.hardware.radio.config@1.1.so;android.hardware.radio.config@1.2.so;android.hardware.radio.config@1.3.so;android.hardware.radio.deprecated@1.0.so;libhidlbase.so;libc++.so;libc.so;libm.so;libdl.so
vendor,/vendor/lib/librilutils.so,ELF32,ARM,,librilutils.so,libc++.so;libc.so;libm.so;libdl.so
vendor,/vendor/lib/libsbm.so,ELF32,ARM,,libsbm.so,libcutils.so;libutils.so;liblog.so;libVE.so;libcdc_base.so;libvideoengine.so;libMemAdapter.so;libc++.so;libc.so;libm.so;libdl.so
vendor,/vendor/lib/libscaledown.so,ELF32,ARM,,libscaledown.so,liblog.so;libVE.so;libMemAdapter.so;libcdc_base.so;libc++.so;libc.so;libm.so;libdl.so
vendor,/vendor/lib/libsoft_attestation_cert.so,ELF32,ARM,,libsoft_attestation_cert.so,libkeymaster_portable.so;libc++.so;libc.so;libm.so;libdl.so
vendor,/vendor/lib/libsoftwinner-ril-12.0.so,ELF32,ARM,,libsoftwinner-ril-12.0.so,libhardware_legacy.so;liblog.so;libcutils.so;libutils.so;libril.so;librilutils.so;libnetutils.so;libc++.so;libc.so;libm.so;libdl.so
vendor,/vendor/lib/libstagefright_amrnb_common.so,ELF32,ARM,,libstagefright_amrnb_common.so,libc++.so;libc.so;libm.so;libdl.so
vendor,/vendor/lib/libstagefright_enc_common.so,ELF32,ARM,,libstagefright_enc_common.so,libc++.so;libc.so;libm.so;libdl.so
vendor,/vendor/lib/libstagefright_flacdec.so,ELF32,ARM,,libstagefright_flacdec.so,liblog.so;libc++.so;libc.so;libm.so;libdl.so
vendor,/vendor/lib/libstagefright_soft_aacdec.so,ELF32,ARM,,libstagefright_soft_aacdec.so,libstagefright_softomx.so;libstagefright_foundation.so;libutils.so;liblog.so;libcutils.so;libc++.so;libc.so;libm.so;libdl.so
vendor,/vendor/lib/libstagefright_soft_aacenc.so,ELF32,ARM,,libstagefright_soft_aacenc.so,libstagefright_softomx.so;libstagefright_foundation.so;libutils.so;liblog.so;libc++.so;libc.so;libm.so;libdl.so
vendor,/vendor/lib/libstagefright_soft_amrdec.so,ELF32,ARM,,libstagefright_soft_amrdec.so,libstagefright_softomx.so;libstagefright_foundation.so;libutils.so;liblog.so;libstagefright_amrnb_common.so;libc++.so;libc.so;libm.so;libdl.so
vendor,/vendor/lib/libstagefright_soft_amrnbenc.so,ELF32,ARM,,libstagefright_soft_amrnbenc.so,libstagefright_softomx.so;libstagefright_foundation.so;libutils.so;liblog.so;libstagefright_amrnb_common.so;libc++.so;libc.so;libm.so;libdl.so
vendor,/vendor/lib/libstagefright_soft_amrwbenc.so,ELF32,ARM,,libstagefright_soft_amrwbenc.so,libstagefright_softomx.so;libstagefright_foundation.so;libutils.so;liblog.so;libstagefright_enc_common.so;libc++.so;libc.so;libm.so;libdl.so
vendor,/vendor/lib/libstagefright_soft_avcdec.so,ELF32,ARM,,libstagefright_soft_avcdec.so,libstagefright_softomx.so;libstagefright_foundation.so;libutils.so;liblog.so;libc++.so;libc.so;libm.so;libdl.so
vendor,/vendor/lib/libstagefright_soft_avcenc.so,ELF32,ARM,,libstagefright_soft_avcenc.so,libstagefright_softomx.so;libstagefright_foundation.so;libutils.so;liblog.so;libc++.so;libc.so;libm.so;libdl.so
vendor,/vendor/lib/libstagefright_soft_flacdec.so,ELF32,ARM,,libstagefright_soft_flacdec.so,libstagefright_softomx.so;libstagefright_foundation.so;libutils.so;liblog.so;libstagefright_flacdec.so;libc++.so;libc.so;libm.so;libdl.so
vendor,/vendor/lib/libstagefright_soft_flacenc.so,ELF32,ARM,,libstagefright_soft_flacenc.so,libstagefright_softomx.so;libstagefright_foundation.so;libutils.so;liblog.so;libaudioutils.so;libc++.so;libc.so;libm.so;libdl.so
vendor,/vendor/lib/libstagefright_soft_g711dec.so,ELF32,ARM,,libstagefright_soft_g711dec.so,libstagefright_softomx.so;libstagefright_foundation.so;libutils.so;liblog.so;libc++.so;libc.so;libm.so;libdl.so
vendor,/vendor/lib/libstagefright_soft_gsmdec.so,ELF32,ARM,,libstagefright_soft_gsmdec.so,libstagefright_softomx.so;libstagefright_foundation.so;libutils.so;liblog.so;libc++.so;libc.so;libm.so;libdl.so
vendor,/vendor/lib/libstagefright_soft_hevcdec.so,ELF32,ARM,,libstagefright_soft_hevcdec.so,libstagefright_softomx.so;libstagefright_foundation.so;libutils.so;liblog.so;libc++.so;libc.so;libm.so;libdl.so
vendor,/vendor/lib/libstagefright_soft_mp3dec.so,ELF32,ARM,,libstagefright_soft_mp3dec.so,libstagefright_softomx.so;libstagefright_foundation.so;libutils.so;liblog.so;libc++.so;libc.so;libm.so;libdl.so
vendor,/vendor/lib/libstagefright_soft_mpeg2dec.so,ELF32,ARM,,libstagefright_soft_mpeg2dec.so,libstagefright_softomx.so;libstagefright_foundation.so;libutils.so;liblog.so;libc++.so;libc.so;libm.so;libdl.so
vendor,/vendor/lib/libstagefright_soft_mpeg4dec.so,ELF32,ARM,,libstagefright_soft_mpeg4dec.so,libstagefright_softomx.so;libstagefright_foundation.so;libutils.so;liblog.so;libc++.so;libc.so;libm.so;libdl.so
vendor,/vendor/lib/libstagefright_soft_mpeg4enc.so,ELF32,ARM,,libstagefright_soft_mpeg4enc.so,libstagefright_softomx.so;libstagefright_foundation.so;libutils.so;liblog.so;libc++.so;libc.so;libm.so;libdl.so
vendor,/vendor/lib/libstagefright_soft_opusdec.so,ELF32,ARM,,libstagefright_soft_opusdec.so,libstagefright_softomx.so;libstagefright_foundation.so;libutils.so;liblog.so;libopus.so;libc++.so;libc.so;libm.so;libdl.so
vendor,/vendor/lib/libstagefright_soft_rawdec.so,ELF32,ARM,,libstagefright_soft_rawdec.so,libstagefright_softomx.so;libstagefright_foundation.so;libutils.so;liblog.so;libc++.so;libc.so;libm.so;libdl.so
vendor,/vendor/lib/libstagefright_soft_vorbisdec.so,ELF32,ARM,,libstagefright_soft_vorbisdec.so,libstagefright_softomx.so;libstagefright_foundation.so;libutils.so;liblog.so;libvorbisidec.so;libc++.so;libc.so;libm.so;libdl.so
vendor,/vendor/lib/libstagefright_soft_vpxdec.so,ELF32,ARM,,libstagefright_soft_vpxdec.so,libstagefright_softomx.so;libstagefright_foundation.so;libutils.so;liblog.so;libvpx.so;libc++.so;libc.so;libm.so;libdl.so
vendor,/vendor/lib/libstagefright_soft_vpxenc.so,ELF32,ARM,,libstagefright_soft_vpxenc.so,libstagefright_softomx.so;libstagefright_foundation.so;libutils.so;liblog.so;libvpx.so;libc++.so;libc.so;libm.so;libdl.so
vendor,/vendor/lib/libstagefright_softomx.so,ELF32,ARM,,libstagefright_softomx.so,libstagefright_foundation.so;liblog.so;libui.so;libutils.so;libc++.so;libc.so;libm.so;libdl.so
vendor,/vendor/lib/libstagefright_softomx_plugin.so,ELF32,ARM,,libstagefright_softomx_plugin.so,libstagefright_softomx.so;libstagefright_foundation.so;liblog.so;libutils.so;libc++.so;libc.so;libm.so;libdl.so
vendor,/vendor/lib/libstagefrighthw.so,ELF32,ARM,,libstagefrighthw.so,libbinder.so;libutils.so;liblog.so;libcutils.so;libui.so;libcdc_base.so;libc++.so;libc.so;libm.so;libdl.so
vendor,/vendor/lib/libteec.so,ELF32,ARM,,libteec.so,libcutils.so;liblog.so;libutils.so;libc++.so;libc.so;libm.so;libdl.so
vendor,/vendor/lib/libtinyalsa_audio.so,ELF32,ARM,,libtinyalsa_audio.so,libcutils.so;libutils.so;liblog.so;libc++.so;libc.so;libm.so;libdl.so
vendor,/vendor/lib/libvdecoder.so,ELF32,ARM,,libvdecoder.so,libawh264.so;libawavs.so;libawh265.so;libawmjpeg.so;libawmjpegplus.so;libawmpeg2.so;libawmpeg4base.so;libawmpeg4dx.so;libawmpeg4h263.so;libawmpeg4normal.so;libawmpeg4vp6.so;libawvp6soft.so;libawvp8.so;libawwmv3.so;libawwmv12soft.so;libawvp9HwAL.so;libawavs2.so;liblog.so;libcutils.so;libutils.so;libVE.so;libcdc_base.so;libvideoengine.so;libMemAdapter.so;libaftertreatment.so;libfbm.so;libsbm.so;libc++.so;libc.so;libm.so;libdl.so
vendor,/vendor/lib/libvenc_base.so,ELF32,ARM,,libvenc_base.so,libcutils.so;libutils.so;libVE.so;libcdc_base.so;libMemAdapter.so;liblog.so;libc++.so;libc.so;libm.so;libdl.so
vendor,/vendor/lib/libvenc_common.so,ELF32,ARM,,libvenc_common.so,liblog.so;libcutils.so;libutils.so;libVE.so;libcdc_base.so;libMemAdapter.so;libvenc_base.so;libc++.so;libc.so;libm.so;libdl.so
vendor,/vendor/lib/libvenc_h264.so,ELF32,ARM,,libvenc_h264.so,liblog.so;libcutils.so;libutils.so;libVE.so;libcdc_base.so;libMemAdapter.so;libvenc_base.so;libvenc_common.so;libc++.so;libc.so;libm.so;libdl.so
vendor,/vendor/lib/libvenc_h265.so,ELF32,ARM,,libvenc_h265.so,liblog.so;libcutils.so;libutils.so;libVE.so;libcdc_base.so;libMemAdapter.so;libvenc_base.so;libvenc_common.so;libc++.so;libc.so;libm.so;libdl.so
vendor,/vendor/lib/libvenc_jpeg.so,ELF32,ARM,,libvenc_jpeg.so,liblog.so;libcutils.so;libutils.so;libVE.so;libcdc_base.so;libMemAdapter.so;libvenc_base.so;libvenc_common.so;libc++.so;libc.so;libm.so;libdl.so
vendor,/vendor/lib/libvencoder.so,ELF32,ARM,,libvencoder.so,libcutils.so;libutils.so;libVE.so;libcdc_base.so;libMemAdapter.so;libvenc_base.so;libvenc_common.so;libvenc_h264.so;libvenc_h265.so;libvenc_jpeg.so;liblog.so;libc++.so;libc.so;libm.so;libdl.so
vendor,/vendor/lib/libvibrator.so,ELF32,ARM,,libvibrator.so,libbinder.so;liblog.so;libutils.so;libc++.so;libc.so;libm.so;libdl.so
vendor,/vendor/lib/libvideoengine.so,ELF32,ARM,,libvideoengine.so,liblog.so;libcutils.so;libutils.so;libVE.so;libcdc_base.so;libc++.so;libc.so;libm.so;libdl.so
vendor,/vendor/lib/libvorbisidec.so,ELF32,ARM,,libvorbisidec.so,liblog.so;libc++.so;libc.so;libm.so;libdl.so
vendor,/vendor/lib/libvpx.so,ELF32,ARM,,libvpx.so,libc++.so;libc.so;libm.so;libdl.so
vendor,/vendor/lib/libwifi-hal-aic.so,ELF32,ARM,,libwifi-hal-aic.so,libnl.so;libutils.so;liblog.so;libc++.so;libc.so;libm.so;libdl.so
vendor,/vendor/lib/libwifi-hal-bcm.so,ELF32,ARM,,libwifi-hal-bcm.so,libcutils.so;libcrypto.so;libnl.so;libutils.so;liblog.so;libc++.so;libc.so;libm.so;libdl.so
vendor,/vendor/lib/libwifi-hal-rtk.so,ELF32,ARM,,libwifi-hal-rtk.so,libnl.so;libutils.so;liblog.so;libc++.so;libc.so;libm.so;libdl.so
vendor,/vendor/lib/libwifi-hal-sprd.so,ELF32,ARM,,libwifi-hal-sprd.so,libnetutils.so;liblog.so;libnl.so;libwpa_client.so;libc++.so;libc.so;libm.so;libdl.so
vendor,/vendor/lib/libwifi-hal-ssv.so,ELF32,ARM,,libwifi-hal-ssv.so,libnl.so;libutils.so;liblog.so;libc++.so;libc.so;libm.so;libdl.so
vendor,/vendor/lib/libwifi-hal-xradio.so,ELF32,ARM,,libwifi-hal-xradio.so,libnl.so;libutils.so;liblog.so;libc++.so;libc.so;libm.so;libdl.so
vendor,/vendor/lib/libwifi-hal.so,ELF32,ARM,,libwifi-hal.so,libbase.so;libcutils.so;liblog.so;libnl.so;libutils.so;libc++.so;libc.so;libm.so;libdl.so
vendor,/vendor/lib/libwpa_client.so,ELF32,ARM,,libwpa_client.so,libcutils.so;liblog.so;libc++.so;libc.so;libm.so;libdl.so
vendor,/vendor/lib/libwvhidl.so,ELF32,ARM,,libwvhidl.so,android.hardware.drm@1.0.so;android.hardware.drm@1.1.so;android.hardware.drm@1.2.so;android.hardware.drm@1.3.so;android.hardware.drm@1.4.so;android.hidl.memory@1.0.so;libbase.so;libcrypto.so;libcutils.so;libhidlbase.so;libhidlmemory.so;liblog.so;libprotobuf-cpp-lite-3.9.1.so;libutils.so;libc++.so;libc.so;libm.so;libdl.so
vendor,/vendor/lib/libz_stable.so,ELF32,ARM,,libz_stable.so,libc.so;libm.so;libdl.so
vendor,/vendor/lib/mediacas/libclearkeycasplugin.so,ELF32,ARM,,libclearkeycasplugin.so,libprotobuf-cpp-full-3.9.1.so;libutils.so;liblog.so;libcrypto.so;libstagefright_foundation.so;libprotobuf-cpp-lite-3.9.1.so;libc++.so;libc.so;libm.so;libdl.so
vendor,/vendor/lib/mediadrm/libdrmclearkeyplugin.so,ELF32,ARM,,libdrmclearkeyplugin.so,libcrypto.so;liblog.so;libstagefright_foundation.so;libutils.so;libc++.so;libc.so;libm.so;libdl.so
vendor,/vendor/lib/mediadrm/libwvdrmengine.so,ELF32,ARM,,libwvdrmengine.so,libbase.so;libcrypto.so;libhidlbase.so;liblog.so;libprotobuf-cpp-lite-3.9.1.so;libstagefright_foundation.so;libutils.so;libc++.so;libc.so;libm.so;libdl.so
vendor,/vendor/lib/soundfx/libaudiopreprocessing.so,ELF32,ARM,,libaudiopreprocessing.so,liblog.so;libutils.so;libc++.so;libc.so;libm.so;libdl.so
vendor,/vendor/lib/soundfx/libbundlewrapper.so,ELF32,ARM,,libbundlewrapper.so,libaudioutils.so;libcutils.so;liblog.so;libc++.so;libc.so;libm.so;libdl.so
vendor,/vendor/lib/soundfx/libdownmix.so,ELF32,ARM,,libdownmix.so,libaudioutils.so;libcutils.so;liblog.so;libc++.so;libc.so;libm.so;libdl.so
vendor,/vendor/lib/soundfx/libdynproc.so,ELF32,ARM,,libdynproc.so,libcutils.so;liblog.so;libc++.so;libc.so;libm.so;libdl.so
vendor,/vendor/lib/soundfx/libeffectproxy.so,ELF32,ARM,,libeffectproxy.so,liblog.so;libcutils.so;libutils.so;libeffects.so;libc++.so;libc.so;libm.so;libdl.so
vendor,/vendor/lib/soundfx/libhapticgenerator.so,ELF32,ARM,,libhapticgenerator.so,libaudioutils.so;libbinder.so;liblog.so;libutils.so;libvibrator.so;libc++.so;libc.so;libm.so;libdl.so
vendor,/vendor/lib/soundfx/libldnhncr.so,ELF32,ARM,,libldnhncr.so,libcutils.so;liblog.so;libc++.so;libc.so;libm.so;libdl.so
vendor,/vendor/lib/soundfx/libreverbwrapper.so,ELF32,ARM,,libreverbwrapper.so,libaudioutils.so;libcutils.so;liblog.so;libc++.so;libc.so;libm.so;libdl.so
vendor,/vendor/lib/soundfx/libvisualizer.so,ELF32,ARM,,libvisualizer.so,liblog.so;libc++.so;libc.so;libm.so;libdl.so
vendor,/vendor/lib/vendor.display.config@1.0-impl.so,ELF32,ARM,,vendor.display.config@1.0-impl.so,liblog.so;libhidlbase.so;libhidltransport.so;libutils.so;vendor.display.config@1.0.so;libc++.so;libc.so;libm.so;libdl.so
vendor,/vendor/lib/vendor.display.config@1.0.so,ELF32,ARM,,vendor.display.config@1.0.so,libhidlbase.so;liblog.so;libutils.so;libcutils.so;libc++.so;libc.so;libm.so;libdl.so
vendor,/vendor/lib/vendor.display.output-V2-ndk_platform.so,ELF32,ARM,,vendor.display.output-V2-ndk_platform.so,libbinder_ndk.so;libc++.so;libc.so;libm.so;libdl.so
vendor_dlkm,/vendor_dlkm/lib/modules/aic8800_bsp.ko,ELF64,AArch64,,,
vendor_dlkm,/vendor_dlkm/lib/modules/aic8800_btlpm.ko,ELF64,AArch64,,,
vendor_dlkm,/vendor_dlkm/lib/modules/aic8800_fdrv.ko,ELF64,AArch64,,,
vendor_dlkm,/vendor_dlkm/lib/modules/arc4.ko,ELF64,AArch64,,,
vendor_dlkm,/vendor_dlkm/lib/modules/auth_rpcgss.ko,ELF64,AArch64,,,
vendor_dlkm,/vendor_dlkm/lib/modules/bcm_btlpm.ko,ELF64,AArch64,,,
vendor_dlkm,/vendor_dlkm/lib/modules/bcmdhd.ko,ELF64,AArch64,,,
vendor_dlkm,/vendor_dlkm/lib/modules/dma-buf-test-exporter.ko,ELF64,AArch64,,,
vendor_dlkm,/vendor_dlkm/lib/modules/ehci-sunxi.ko,ELF64,AArch64,,,
vendor_dlkm,/vendor_dlkm/lib/modules/gspca_main.ko,ELF64,AArch64,,,
vendor_dlkm,/vendor_dlkm/lib/modules/init-input.ko,ELF64,AArch64,,,
vendor_dlkm,/vendor_dlkm/lib/modules/mali_kbase.ko,ELF64,AArch64,,,
vendor_dlkm,/vendor_dlkm/lib/modules/ohci-sunxi.ko,ELF64,AArch64,,,
vendor_dlkm,/vendor_dlkm/lib/modules/rpcsec_gss_krb5.ko,ELF64,AArch64,,,
vendor_dlkm,/vendor_dlkm/lib/modules/rtl_usb.ko,ELF64,AArch64,,,
vendor_dlkm,/vendor_dlkm/lib/modules/rtlwifi.ko,ELF64,AArch64,,,
vendor_dlkm,/vendor_dlkm/lib/modules/sunxi-hci.ko,ELF64,AArch64,,,
vendor_dlkm,/vendor_dlkm/lib/modules/sunxi_rfkill.ko,ELF64,AArch64,,,
vendor_dlkm,/vendor_dlkm/lib/modules/sunxi_usbc.ko,ELF64,AArch64,,,
vendor_dlkm,/vendor_dlkm/lib/modules/uwe5622_bsp_sdio.ko,ELF64,AArch64,,,
vendor_dlkm,/vendor_dlkm/lib/modules/wireless_switch.ko,ELF64,AArch64,,,
vendor_dlkm,/vendor_dlkm/lib/modules/xr819.ko,ELF64,AArch64,,,
